id,type,follow_the_money_schema,name,aliases,roles,review_status,first_seen,last_seen,evidence_count
entity-company-dee500d20da8c2734797,Company,Company,Amazon.com Services LLC,,named-in-public-record,machine-extracted-unreviewed,2026-07-11T13:06:17.977Z,2026-07-11T13:06:17.977Z,1
entity-company-be29d6f3bfd2de4283c1,Company,Company,Apple Inc,,named-in-public-record,machine-extracted-unreviewed,2026-07-11T13:06:17.977Z,2026-07-11T13:06:17.977Z,1
entity-company-7c931747c8af9a236695,Company,Company,Bank Holding,,named-in-public-record,machine-extracted-unreviewed,2026-07-11T12:51:11.789Z,2026-07-11T12:51:11.789Z,1
entity-company-bb3b732383ccd1c60b06,Company,Company,Beijing Pacific Activated Carbon Products Co,,named-in-public-record,machine-extracted-unreviewed,2026-07-11T12:51:11.789Z,2026-07-11T12:51:11.789Z,1
entity-company-17abda6a9e69b07c76b9,Company,Company,CA Florida Holdings,,named-in-public-record,machine-extracted-unreviewed,2026-07-11T12:51:11.789Z,2026-07-11T12:51:11.789Z,1
entity-company-190e5c2d5dc5b8134c83,Company,Company,Custom Search Bank,,named-in-public-record,machine-extracted-unreviewed,2026-07-11T12:51:11.789Z,2026-07-11T12:51:11.789Z,1
entity-company-d1cc9bf5b41e13a265ae,Company,Company,Dae Do Inc,,named-in-public-record,machine-extracted-unreviewed,2026-07-11T12:51:11.789Z,2026-07-11T12:51:11.789Z,1
entity-company-e813912c9e21bce2feef,Company,Company,Datong Juqiang Activated Carbon Co,,named-in-public-record,machine-extracted-unreviewed,2026-07-11T12:51:11.789Z,2026-07-11T12:51:11.789Z,1
entity-company-679162bc191c2d02f381,Company,Company,DaveGlo Investment Group,,named-in-public-record,machine-extracted-unreviewed,2026-07-11T12:51:11.789Z,2026-07-11T13:06:17.977Z,2
entity-company-89bcdcd79853c70a8cc7,Company,Company,E Capital Investment Management Partners,,named-in-public-record,machine-extracted-unreviewed,2026-07-11T12:51:11.789Z,2026-07-11T12:51:11.789Z,1
entity-company-43a563efa5c8486c725d,Company,Company,Federal Home Loan Bank,,named-in-public-record,machine-extracted-unreviewed,2026-07-11T12:51:11.789Z,2026-07-11T12:51:11.789Z,1
entity-company-89733039d7335cebaa79,Company,Company,Google LLC,,named-in-public-record,machine-extracted-unreviewed,2026-07-11T13:06:17.977Z,2026-07-11T13:06:17.977Z,1
entity-company-e96013d23ed31c94275d,Company,Company,ICE Clear Credit LLC,,named-in-public-record,machine-extracted-unreviewed,2026-07-11T12:51:11.789Z,2026-07-11T12:51:11.789Z,3
entity-company-1c5c2467e3624b0372a8,Company,Company,Joint Record Company,,named-in-public-record,machine-extracted-unreviewed,2026-07-11T13:06:17.977Z,2026-07-11T13:06:17.977Z,1
entity-company-d5001f5788f4fc17af91,Company,Company,JPMorgan Chase Bank,,named-in-public-record,machine-extracted-unreviewed,2026-07-11T12:51:11.789Z,2026-07-11T12:51:11.789Z,1
entity-company-09f4d74d8da58f456a3c,Company,Company,MyW Technology Co,,named-in-public-record,machine-extracted-unreviewed,2026-07-11T12:51:11.789Z,2026-07-11T12:51:11.789Z,1
entity-company-4a61bc12863388c25c60,Company,Company,Nexen Tire Corporation,,named-in-public-record,machine-extracted-unreviewed,2026-07-11T12:51:11.789Z,2026-07-11T12:51:11.789Z,1
entity-company-2ffd79535bdcea0ba37f,Company,Company,Ningxia Huahui Environmental Technology Co,,named-in-public-record,machine-extracted-unreviewed,2026-07-11T12:51:11.789Z,2026-07-11T12:51:11.789Z,1
entity-company-5a84d6db4bcac3e4d882,Company,Company,Northern Natural Gas Company,,named-in-public-record,machine-extracted-unreviewed,2026-07-11T12:51:11.789Z,2026-07-11T12:51:11.789Z,1
entity-company-4236534939dc023c58ba,Company,Company,Oswego Hydro Partners,,named-in-public-record,machine-extracted-unreviewed,2026-07-11T12:51:11.789Z,2026-07-11T12:51:11.789Z,1
entity-company-9d725b8b1bdc92a83665,Company,Company,Pandora Media LLC,,named-in-public-record,machine-extracted-unreviewed,2026-07-11T13:06:17.977Z,2026-07-11T13:06:17.977Z,1
entity-company-f9595a35583da95c8521,Company,Company,Platforms Wireless Int’l Corp,,named-in-public-record,machine-extracted-unreviewed,2026-07-11T13:06:17.977Z,2026-07-11T13:06:17.977Z,1
entity-company-b4a106ade46518b30b7d,Company,Company,Record Company,,named-in-public-record,machine-extracted-unreviewed,2026-07-11T13:06:17.977Z,2026-07-11T13:06:17.977Z,1
entity-company-727c15778183d618ada0,Company,Company,Rockies Express Pipeline LLC,,named-in-public-record,machine-extracted-unreviewed,2026-07-11T12:51:11.789Z,2026-07-11T12:51:11.789Z,1
entity-company-8bb0d22973b6db5705c7,Company,Company,Spartan Trading Company,,named-in-public-record,machine-extracted-unreviewed,2026-07-11T12:51:11.789Z,2026-07-11T12:51:11.789Z,1
entity-company-16a8ef7b1bd3b0bbf05b,Company,Company,Spotify USA Inc,,named-in-public-record,machine-extracted-unreviewed,2026-07-11T13:06:17.977Z,2026-07-11T13:06:17.977Z,1
entity-company-8a5158a89863d8b313d2,Company,Company,Steel Reef Pipelines US LLC,,named-in-public-record,machine-extracted-unreviewed,2026-07-11T12:51:11.789Z,2026-07-11T12:51:11.789Z,1
entity-company-d99c91e2e6d5c5cca433,Company,Company,Sunshine Act Meetings Legal Services Corporation,,named-in-public-record,machine-extracted-unreviewed,2026-07-11T12:51:11.789Z,2026-07-11T12:51:11.789Z,1
entity-company-39bd996a4b8314bd9a68,Company,Company,Technology Co. Ltd,,named-in-public-record,machine-extracted-unreviewed,2026-07-11T12:51:11.789Z,2026-07-11T12:51:11.789Z,1
entity-company-eb54a15aefb7fb7adc8f,Company,Company,The Boeing Company,,named-in-public-record,machine-extracted-unreviewed,2026-07-11T12:51:11.789Z,2026-07-11T12:51:11.789Z,1
entity-company-222715e9633724576f14,Company,Company,The Nasdaq Stock Market LLC,,named-in-public-record,machine-extracted-unreviewed,2026-07-11T12:51:11.789Z,2026-07-11T12:51:11.789Z,1
entity-company-23210894a6e6e58bafec,Company,Company,Titanium Capital LLC,,named-in-public-record,machine-extracted-unreviewed,2026-07-11T12:51:11.789Z,2026-07-11T12:51:11.789Z,1
entity-company-78aebcf02b0312b8c321,Company,Company,Transcontinental Gas Pipe Line Company,,named-in-public-record,machine-extracted-unreviewed,2026-07-11T12:51:11.789Z,2026-07-11T12:51:11.789Z,1
entity-company-b88750351bd49204bdd2,Company,Company,Warner Music Group Corp,,named-in-public-record,machine-extracted-unreviewed,2026-07-11T13:06:17.977Z,2026-07-11T13:06:17.977Z,1
entity-company-2a9655b7e7af2a2280ae,Company,Company,Yixing Pengjia Technology Co,,named-in-public-record,machine-extracted-unreviewed,2026-07-11T12:51:11.789Z,2026-07-11T12:51:11.789Z,1
contract-964f504cade5b9182945,Contract,Contract,3 - Adolph Coors CO LLC (0001368801) (Reporting),,contract-or-award-record,machine-classified-unreviewed,2026-07-11T12:51:11.789Z,2026-07-11T12:51:11.789Z,1
contract-ad682943a9fe5a1bd23a,Contract,Contract,3 - CEA Industries Inc. (0001482541) (Issuer),,contract-or-award-record,machine-classified-unreviewed,2026-07-11T12:51:11.789Z,2026-07-11T12:51:11.789Z,1
contract-cfc6ec0eed1e804da706,Contract,Contract,3 - MOLSON COORS BEVERAGE CO (0000024545) (Issuer),,contract-or-award-record,machine-classified-unreviewed,2026-07-11T12:51:11.789Z,2026-07-11T12:51:11.789Z,1
contract-d06d857476ed528bb0ed,Contract,Contract,3 - Roszak Matthew George (0001359794) (Reporting),,contract-or-award-record,machine-classified-unreviewed,2026-07-11T12:51:11.789Z,2026-07-11T12:51:11.789Z,1
contract-d7d728fc0b51a9209677,Contract,Contract,"4 - Aeva Technologies, Inc. (0001789029) (Issuer)",,contract-or-award-record,machine-classified-unreviewed,2026-07-11T12:51:11.789Z,2026-07-11T12:51:11.789Z,1
contract-60a402d9c5d57131ddc8,Contract,Contract,"4 - Aeva Technologies, Inc. (0001789029) (Issuer)",,contract-or-award-record,machine-classified-unreviewed,2026-07-11T12:51:11.789Z,2026-07-11T12:51:11.789Z,1
contract-83413fec1755f85c8dc1,Contract,Contract,"4 - Aeva Technologies, Inc. (0001789029) (Issuer)",,contract-or-award-record,machine-classified-unreviewed,2026-07-11T12:51:11.789Z,2026-07-11T12:51:11.789Z,1
contract-9765e0236457046f43aa,Contract,Contract,"4 - Apogee Therapeutics, Inc. (0001974640) (Issuer)",,contract-or-award-record,machine-classified-unreviewed,2026-07-11T12:51:11.789Z,2026-07-11T12:51:11.789Z,1
contract-e1fa77f867bccffbcd56,Contract,Contract,4 - Campbell David Alan (0001864158) (Reporting),,contract-or-award-record,machine-classified-unreviewed,2026-07-11T12:51:11.789Z,2026-07-11T12:51:11.789Z,1
contract-c1edc18be7b9285df7aa,Contract,Contract,"4 - CapsoVision, Inc (0001378325) (Issuer)",,contract-or-award-record,machine-classified-unreviewed,2026-07-11T12:51:11.789Z,2026-07-11T12:51:11.789Z,1
contract-67a981294c1910d09cba,Contract,Contract,4 - Carver Kyle (0001757072) (Reporting),,contract-or-award-record,machine-classified-unreviewed,2026-07-11T12:51:11.789Z,2026-07-11T12:51:11.789Z,1
contract-4c2c65f7974d57814a01,Contract,Contract,4 - Dardashti Soroush Salehian (0001850148) (Reporting),,contract-or-award-record,machine-classified-unreviewed,2026-07-11T12:51:11.789Z,2026-07-11T12:51:11.789Z,1
contract-935d4d160f9ea457287c,Contract,Contract,4 - Daubaras Darcy (0002122176) (Reporting),,contract-or-award-record,machine-classified-unreviewed,2026-07-11T12:51:11.789Z,2026-07-11T12:51:11.789Z,1
contract-ce142a45f1161962e65c,Contract,Contract,"4 - Evommune, Inc. (0002044725) (Issuer)",,contract-or-award-record,machine-classified-unreviewed,2026-07-11T12:51:11.789Z,2026-07-11T12:51:11.789Z,1
contract-2e68cc1dfed5d2241c4d,Contract,Contract,4 - HANNAH ALISON L. (0001645600) (Reporting),,contract-or-award-record,machine-classified-unreviewed,2026-07-11T12:51:11.789Z,2026-07-11T12:51:11.789Z,1
contract-c4df7197b8446c327452,Contract,Contract,4 - HARARI ELIYAHOU ET AL (0001009165) (Reporting),,contract-or-award-record,machine-classified-unreviewed,2026-07-11T12:51:11.789Z,2026-07-11T12:51:11.789Z,1
contract-14c89df1ca598ec79c59,Contract,Contract,4 - HENDERSON MICHAEL THOMAS (0001779990) (Reporting),,contract-or-award-record,machine-classified-unreviewed,2026-07-11T12:51:11.789Z,2026-07-11T12:51:11.789Z,1
contract-ee389442af79768c1b3d,Contract,Contract,4 - HIVE Digital Technologies Ltd. (0001720424) (Issuer),,contract-or-award-record,machine-classified-unreviewed,2026-07-11T12:51:11.789Z,2026-07-11T12:51:11.789Z,1
contract-a47dfcc5fd667a010927,Contract,Contract,4 - HIVE Digital Technologies Ltd. (0001720424) (Issuer),,contract-or-award-record,machine-classified-unreviewed,2026-07-11T12:51:11.789Z,2026-07-11T12:51:11.789Z,1
contract-68be7433329a87ab31a1,Contract,Contract,"4 - Janux Therapeutics, Inc. (0001817713) (Issuer)",,contract-or-award-record,machine-classified-unreviewed,2026-07-11T12:51:11.789Z,2026-07-11T12:51:11.789Z,1
contract-38c75d2dfdd8f4af0aba,Contract,Contract,4 - Lionsgate Studios Corp. (0002052959) (Issuer),,contract-or-award-record,machine-classified-unreviewed,2026-07-11T12:51:11.789Z,2026-07-11T12:51:11.789Z,1
contract-1310cb4b86555bbf49b7,Contract,Contract,4 - MCGEE SUSAN B (0001251825) (Reporting),,contract-or-award-record,machine-classified-unreviewed,2026-07-11T12:51:11.789Z,2026-07-11T12:51:11.789Z,1
contract-dc9c7f48f628874e2e99,Contract,Contract,"4 - Navan, Inc. (0001639723) (Issuer)",,contract-or-award-record,machine-classified-unreviewed,2026-07-11T12:51:11.789Z,2026-07-11T12:51:11.789Z,1
contract-cbea3e5afc5dc89de57d,Contract,Contract,4 - RACHESKY MARK H MD (0001194368) (Reporting),,contract-or-award-record,machine-classified-unreviewed,2026-07-11T12:51:11.789Z,2026-07-11T12:51:11.789Z,1
contract-bbaad099016ec4f80821,Contract,Contract,4 - Rezk Mina (0001850177) (Reporting),,contract-or-award-record,machine-classified-unreviewed,2026-07-11T12:51:11.789Z,2026-07-11T12:51:11.789Z,1
contract-291e56859e60caece271,Contract,Contract,4 - RIGEL PHARMACEUTICALS INC (0001034842) (Issuer),,contract-or-award-record,machine-classified-unreviewed,2026-07-11T12:51:11.789Z,2026-07-11T12:51:11.789Z,1
contract-fdc78b903f4a4d2b58ca,Contract,Contract,4 - Sinha Saurabh (0001849806) (Reporting),,contract-or-award-record,machine-classified-unreviewed,2026-07-11T12:51:11.789Z,2026-07-11T12:51:11.789Z,1
contract-f853f9e1ee883ab49449,Contract,Contract,"4 - ZEEV OPPORTUNITY FUND I, L.P. (0001861359) (Reporting)",,contract-or-award-record,machine-classified-unreviewed,2026-07-11T12:51:11.789Z,2026-07-11T12:51:11.789Z,1
contract-60d7b4d5c7a058a247cc,Contract,Contract,4 - ZEEV OREN (0001259603) (Reporting),,contract-or-award-record,machine-classified-unreviewed,2026-07-11T12:51:11.789Z,2026-07-11T12:51:11.789Z,1
contract-3b5ea075c8ed03c67e21,Contract,Contract,"4 - ZEEV VENTURES II-A, L.P. (0001665418) (Reporting)",,contract-or-award-record,machine-classified-unreviewed,2026-07-11T12:51:11.789Z,2026-07-11T12:51:11.789Z,1
contract-762560e99f6b66b71afb,Contract,Contract,"4 - ZEEV VENTURES II, L.P. (0001648710) (Reporting)",,contract-or-award-record,machine-classified-unreviewed,2026-07-11T12:51:11.789Z,2026-07-11T12:51:11.789Z,1
contract-b587467ffe3972040a35,Contract,Contract,"4 - ZEEV VENTURES III, L.P. (0001709195) (Reporting)",,contract-or-award-record,machine-classified-unreviewed,2026-07-11T12:51:11.789Z,2026-07-11T12:51:11.789Z,1
contract-6e4dbbf1b29255e8bb34,Contract,Contract,"4 - Zeev Ventures IV, L.P. (0001742455) (Reporting)",,contract-or-award-record,machine-classified-unreviewed,2026-07-11T12:51:11.789Z,2026-07-11T12:51:11.789Z,1
contract-5f01882c440b098189b1,Contract,Contract,"4 - ZEEV VENTURES V, L.P. (0001776719) (Reporting)",,contract-or-award-record,machine-classified-unreviewed,2026-07-11T12:51:11.789Z,2026-07-11T12:51:11.789Z,1
contract-fa7dc75bd42c0daff564,Contract,Contract,"4 - ZEEV VENTURES VI, L.P. (0001796803) (Reporting)",,contract-or-award-record,machine-classified-unreviewed,2026-07-11T12:51:11.789Z,2026-07-11T12:51:11.789Z,1
contract-b31ff5463799d2dc5a44,Contract,Contract,"4 - ZEEV VENTURES VII, L.P. (0001832367) (Reporting)",,contract-or-award-record,machine-classified-unreviewed,2026-07-11T12:51:11.789Z,2026-07-11T12:51:11.789Z,1
contract-13ca53e471d5ca3d34bd,Contract,Contract,"4 - ZEEV VENTURES VIII, L.P. (0001878390) (Reporting)",,contract-or-award-record,machine-classified-unreviewed,2026-07-11T12:51:11.789Z,2026-07-11T12:51:11.789Z,1
contract-14be4460743d50aca1ae,Contract,Contract,"4/A - Cellectar Biosciences, Inc. (0001279704) (Issuer)",,contract-or-award-record,machine-classified-unreviewed,2026-07-11T12:51:11.789Z,2026-07-11T12:51:11.789Z,1
contract-af8be66b227649f9ea69,Contract,Contract,4/A - Loren Stefan (0001441500) (Reporting),,contract-or-award-record,machine-classified-unreviewed,2026-07-11T12:51:11.789Z,2026-07-11T12:51:11.789Z,1
contract-b265abafe25399192c9d,Contract,Contract,ACCENTURE FEDERAL SERVICES LLC — Department of Education,,contract-or-award-record,machine-classified-unreviewed,2026-07-11T12:51:11.789Z,2026-07-11T12:51:11.789Z,1
contract-e0921ae8826fa72f66af,Contract,Contract,ACCENTURE FEDERAL SERVICES LLC — Department of Energy,,contract-or-award-record,machine-classified-unreviewed,2026-07-11T12:51:11.789Z,2026-07-11T12:51:11.789Z,1
contract-e184f1240b183aacad9d,Contract,Contract,ADVANTAGE LEASING ASSOCIATES LLC — Environmental Protection Agency,,contract-or-award-record,machine-classified-unreviewed,2026-07-11T12:51:11.789Z,2026-07-11T12:51:11.789Z,1
contract-7a7c6809a839efeaa99d,Contract,Contract,"Agency Information Collection Activities: Proposed Collection: Public Comment Request; Information Collection Request Title: Maternal and Child Health Bureau Performance Measures for Discretionary Grant Information System, OMB No. 0915-0298-Revision",,contract-or-award-record,machine-classified-unreviewed,2026-07-11T12:51:11.789Z,2026-07-11T12:51:11.789Z,1
contract-aefa08f1d294cd3e2a99,Contract,Contract,ALDEN LAW GROUP PLLC — United States Chemical Safety Board,,contract-or-award-record,machine-classified-unreviewed,2026-07-11T12:51:11.789Z,2026-07-11T12:51:11.789Z,1
contract-20ba78cd1d5cfc96be9b,Contract,Contract,"ALTEC INDUSTRIES, INC. — Department of Energy",,contract-or-award-record,machine-classified-unreviewed,2026-07-11T12:51:11.789Z,2026-07-11T12:51:11.789Z,1
contract-efa4f4f312b3dd551326,Contract,Contract,"AMERICAN FENCE CO OF SIOUX CITY, INC — Department of Energy",,contract-or-award-record,machine-classified-unreviewed,2026-07-11T12:51:11.789Z,2026-07-11T12:51:11.789Z,1
contract-f4b02cfbf6a04f646034,Contract,Contract,"ANACAPA MICRO PRODUCTS, INC. — Consumer Financial Protection Bureau",,contract-or-award-record,machine-classified-unreviewed,2026-07-11T12:51:11.789Z,2026-07-11T12:51:11.789Z,1
contract-6e8ed2f50d3bdc17ca9d,Contract,Contract,APPLIED ENTERPRISE MANAGEMENT CORPORATION — Department of Education,,contract-or-award-record,machine-classified-unreviewed,2026-07-11T12:51:11.789Z,2026-07-11T12:51:11.789Z,1
contract-74ab1b5def5e9a61d26d,Contract,Contract,AT&T CORP. — Department of Defense,,contract-or-award-record,machine-classified-unreviewed,2026-07-11T12:51:11.789Z,2026-07-11T12:51:11.789Z,1
contract-0aaeeac223cb0d8187ce,Contract,Contract,AT&T CORP. — Department of Defense,,contract-or-award-record,machine-classified-unreviewed,2026-07-11T12:51:11.789Z,2026-07-11T12:51:11.789Z,1
contract-58c61a5a9a22d92f83d5,Contract,Contract,"AT&T ENTERPRISES, LLC — Department of Education",,contract-or-award-record,machine-classified-unreviewed,2026-07-11T12:51:11.789Z,2026-07-11T12:51:11.789Z,1
contract-9d33d2a264e326511ed2,Contract,Contract,ATT MOBILITY LLC — Department of Defense,,contract-or-award-record,machine-classified-unreviewed,2026-07-11T12:51:11.789Z,2026-07-11T12:51:11.789Z,1
contract-2e2b6ef0887d2beeade0,Contract,Contract,ATT MOBILITY LLC — Department of Defense,,contract-or-award-record,machine-classified-unreviewed,2026-07-11T12:51:11.789Z,2026-07-11T12:51:11.789Z,1
contract-edc961ee03c339a246a0,Contract,Contract,ATT MOBILITY LLC — Department of Defense,,contract-or-award-record,machine-classified-unreviewed,2026-07-11T12:51:11.789Z,2026-07-11T12:51:11.789Z,1
contract-c80624523f8cf6f2ccc5,Contract,Contract,ATT MOBILITY LLC — Department of Defense,,contract-or-award-record,machine-classified-unreviewed,2026-07-11T12:51:11.789Z,2026-07-11T12:51:11.789Z,1
contract-9a96813fab4dd54365da,Contract,Contract,ATT MOBILITY LLC — Department of Defense,,contract-or-award-record,machine-classified-unreviewed,2026-07-11T12:51:11.789Z,2026-07-11T12:51:11.789Z,1
contract-4410ad768e35e1b643b3,Contract,Contract,ATTAINX INC. — Department of Energy,,contract-or-award-record,machine-classified-unreviewed,2026-07-11T12:51:11.789Z,2026-07-11T12:51:11.789Z,1
contract-eadae9891ff5b0e5be5d,Contract,Contract,"Audit of the Office of Community Oriented Policing Services Technology and Equipment Program Grant Awarded to Ramsey County, Ramsey County, Minnesota",,contract-or-award-record,machine-classified-unreviewed,2026-07-11T12:51:11.789Z,2026-07-11T12:51:11.789Z,1
contract-faf4b986ae96cbd0f909,Contract,Contract,"Audit of the Office of Justice Programs Bureau of Justice Assistance Students, Teachers, and Officers Preventing School Violence Act Grant Awarded to the University of Alabama, Tuscaloosa, Alabama",,contract-or-award-record,machine-classified-unreviewed,2026-07-11T12:51:11.789Z,2026-07-11T12:51:11.789Z,1
contract-8117f68403dceb4e5852,Contract,Contract,"Audit of the Utilization of the Office on Violence Against Women&#039;s STOP (Services, Training, Officers, and Prosecutors) Violence Against Women and Sexual Assault Services Formula Grant Programs",,contract-or-award-record,machine-classified-unreviewed,2026-07-11T12:51:11.789Z,2026-07-11T12:51:11.789Z,1
contract-ae6b482e5bcc75ca21fc,Contract,Contract,"AUGUST SCHELL ENTERPRISES, INC. — Commodity Futures Trading Commission",,contract-or-award-record,machine-classified-unreviewed,2026-07-11T12:51:11.789Z,2026-07-11T12:51:11.789Z,1
contract-bc60d774c71d3bb76536,Contract,Contract,AUTONOMIC INTEGRA LLC — Department of Energy,,contract-or-award-record,machine-classified-unreviewed,2026-07-11T12:51:11.789Z,2026-07-11T12:51:11.789Z,1
contract-c2a6c3c6443b536707f3,Contract,Contract,BAE SYSTEMS SPACE & MISSION SYSTEMS INC. — National Aeronautics and Space Administration,,contract-or-award-record,machine-classified-unreviewed,2026-07-11T12:51:11.789Z,2026-07-11T12:51:11.789Z,1
contract-8df41969aefa4ee44011,Contract,Contract,BAHFED CORP — Department of Energy,,contract-or-award-record,machine-classified-unreviewed,2026-07-11T12:51:11.789Z,2026-07-11T12:51:11.789Z,1
contract-31937e710053c7065dcb,Contract,Contract,BATTELLE MEMORIAL INSTITUTE — Department of Energy,,contract-or-award-record,machine-classified-unreviewed,2026-07-11T12:51:11.789Z,2026-07-11T12:51:11.789Z,1
contract-9fcd6c6843b8cfc731c0,Contract,Contract,BLUE TECH INC. — Department of Education,,contract-or-award-record,machine-classified-unreviewed,2026-07-11T12:51:11.789Z,2026-07-11T12:51:11.789Z,1
contract-c48d87df972b3eff5e0d,Contract,Contract,BOOZ ALLEN HAMILTON INC — Department of Energy,,contract-or-award-record,machine-classified-unreviewed,2026-07-11T12:51:11.789Z,2026-07-11T12:51:11.789Z,1
contract-ecb0cc205d0871ae4982,Contract,Contract,"BYER, MARILYN — Department of Energy",,contract-or-award-record,machine-classified-unreviewed,2026-07-11T12:51:11.789Z,2026-07-11T12:51:11.789Z,1
contract-58bdb089c1e7a5292648,Contract,Contract,CARAHSOFT TECHNOLOGY CORP — Department of Education,,contract-or-award-record,machine-classified-unreviewed,2026-07-11T12:51:11.789Z,2026-07-11T12:51:11.789Z,1
contract-b172c7333742ac1ae443,Contract,Contract,CARAHSOFT TECHNOLOGY CORP — District of Columbia Courts,,contract-or-award-record,machine-classified-unreviewed,2026-07-11T12:51:11.789Z,2026-07-11T12:51:11.789Z,1
contract-57570bdedc0b86c2fe9d,Contract,Contract,CARAHSOFT TECHNOLOGY CORP — National Transportation Safety Board,,contract-or-award-record,machine-classified-unreviewed,2026-07-11T12:51:11.789Z,2026-07-11T12:51:11.789Z,1
contract-298f01b5050774d7899e,Contract,Contract,CERUS CORPORATION — Department of Health and Human Services,,contract-or-award-record,machine-classified-unreviewed,2026-07-11T12:51:11.789Z,2026-07-11T12:51:11.789Z,1
contract-2ee6ea180de32e973799,Contract,Contract,COLOSSAL CONTRACTING LLC — Department of Energy,,contract-or-award-record,machine-classified-unreviewed,2026-07-11T12:51:11.789Z,2026-07-11T12:51:11.789Z,1
contract-16765a7a6eaa4dbb383b,Contract,Contract,"CONCUR TECHNOLOGIES, INC. — Department of Veterans Affairs",,contract-or-award-record,machine-classified-unreviewed,2026-07-11T12:51:11.789Z,2026-07-11T12:51:11.789Z,1
contract-f274aeecd31ebbe53a9a,Contract,Contract,"CROWN INNOVATIONS, INC. — Department of Energy",,contract-or-award-record,machine-classified-unreviewed,2026-07-11T12:51:11.789Z,2026-07-11T12:51:11.789Z,1
contract-adf6834ce1b5e0beb6d6,Contract,Contract,DERBY ENTERPRISES LLC — Department of Veterans Affairs,,contract-or-award-record,machine-classified-unreviewed,2026-07-11T12:51:11.789Z,2026-07-11T12:51:11.789Z,1
contract-a86cfc820cb29e9c9cf6,Contract,Contract,"DISYS SOLUTIONS, INC. — Department of Energy",,contract-or-award-record,machine-classified-unreviewed,2026-07-11T12:51:11.789Z,2026-07-11T12:51:11.789Z,1
contract-18a131c386147cacda2a,Contract,Contract,"DNI EMERGING TECHNOLOGIES, LLC — Department of Energy",,contract-or-award-record,machine-classified-unreviewed,2026-07-11T12:51:11.789Z,2026-07-11T12:51:11.789Z,1
contract-72dae438a21ae841a9c3,Contract,Contract,"EDUCATION, NEW JERSEY DEPARTMENT OF — Department of Education",,contract-or-award-record,machine-classified-unreviewed,2026-07-11T12:51:11.789Z,2026-07-11T12:51:11.789Z,1
contract-b8e101f79a4298df2215,Contract,Contract,"EDUCATIONAL COMPUTER SYSTEMS, INC. — Department of Education",,contract-or-award-record,machine-classified-unreviewed,2026-07-11T12:51:11.789Z,2026-07-11T12:51:11.789Z,1
contract-228709408eff8236ffce,Contract,Contract,ELSEVIER INC. — Department of Transportation,,contract-or-award-record,machine-classified-unreviewed,2026-07-11T12:51:11.789Z,2026-07-11T12:51:11.789Z,1
contract-d64d30e3a51553fa0621,Contract,Contract,"EPIQ CLASS ACTION & CLAIMS SOLUTIONS, INC. — Consumer Financial Protection Bureau",,contract-or-award-record,machine-classified-unreviewed,2026-07-11T12:51:11.789Z,2026-07-11T12:51:11.789Z,1
contract-c0bab864242151d507fa,Contract,Contract,FAMILY AND MEDICAL COUNSELING SERVICE INC — Court Services and Offender Supervision Agency,,contract-or-award-record,machine-classified-unreviewed,2026-07-11T12:51:11.789Z,2026-07-11T12:51:11.789Z,1
contract-c45f58a920717f1a71f6,Contract,Contract,FINCANTIERI MARINE REPAIR LLC — Department of Defense,,contract-or-award-record,machine-classified-unreviewed,2026-07-11T12:51:11.789Z,2026-07-11T12:51:11.789Z,1
contract-49ada1ae5d0e38b6fe65,Contract,Contract,"FOUR CORNERS WEED CONTROL, INC — Department of Energy",,contract-or-award-record,machine-classified-unreviewed,2026-07-11T12:51:11.789Z,2026-07-11T12:51:11.789Z,1
contract-b0e7c890654e07cc0d7f,Contract,Contract,FREEDOM FLOOR COMPANY — District of Columbia Courts,,contract-or-award-record,machine-classified-unreviewed,2026-07-11T12:51:11.789Z,2026-07-11T12:51:11.789Z,1
contract-65bae170f104e7e3acbf,Contract,Contract,"FREQUENTIS USA, INC — Department of Transportation",,contract-or-award-record,machine-classified-unreviewed,2026-07-11T12:51:11.789Z,2026-07-11T12:51:11.789Z,1
contract-fdb591b09b9a6137d42d,Contract,Contract,FY 2026 Job Placement and Training-Native American Technology and Manufacturing Grant Pilot Program (IGNITE: Indigenous Growth in New & Innovative Trade Employment); Solicitation of Proposals,,contract-or-award-record,machine-classified-unreviewed,2026-07-11T12:51:11.789Z,2026-07-11T12:51:11.789Z,1
contract-2ba0420f9e179d3617ff,Contract,Contract,G & RK CONSULTING ASSOCIATES LLC — Department of Energy,,contract-or-award-record,machine-classified-unreviewed,2026-07-11T12:51:11.789Z,2026-07-11T12:51:11.789Z,1
contract-5c426520fb49ba2d63e6,Contract,Contract,"GENERAL DYNAMICS INFORMATION TECHNOLOGY, INC. — Department of Transportation",,contract-or-award-record,machine-classified-unreviewed,2026-07-11T12:51:11.789Z,2026-07-11T12:51:11.789Z,1
contract-6ccdac1f88879417fa7e,Contract,Contract,"GENERAL DYNAMICS MISSION SYSTEMS, INC. — Department of Defense",,contract-or-award-record,machine-classified-unreviewed,2026-07-11T12:51:11.789Z,2026-07-11T12:51:11.789Z,1
contract-da55f984c5471a84558d,Contract,Contract,"GENERAL DYNAMICS MISSION SYSTEMS, INC. — Department of Transportation",,contract-or-award-record,machine-classified-unreviewed,2026-07-11T12:51:11.789Z,2026-07-11T12:51:11.789Z,1
contract-2992b9e95a61e3372689,Contract,Contract,GLOBAL LIFE SCIENCES SOLUTIONS USA LLC — Department of Health and Human Services,,contract-or-award-record,machine-classified-unreviewed,2026-07-11T12:51:11.789Z,2026-07-11T12:51:11.789Z,1
contract-4ebd622bbb45947318fb,Contract,Contract,"GOLDSCHMITT-CRI-2, LLC — Department of Education",,contract-or-award-record,machine-classified-unreviewed,2026-07-11T12:51:11.789Z,2026-07-11T12:51:11.789Z,1
contract-61098a08172390ab284e,Contract,Contract,"GOVSMART, INC. — Consumer Financial Protection Bureau",,contract-or-award-record,machine-classified-unreviewed,2026-07-11T12:51:11.789Z,2026-07-11T12:51:11.789Z,1
contract-a88af8cdc1e334bac84a,Contract,Contract,GRANT THORNTON LLP — Department of Homeland Security,,contract-or-award-record,machine-classified-unreviewed,2026-07-11T12:51:11.789Z,2026-07-11T12:51:11.789Z,1
contract-05cc788c04ce0ebfc6f0,Contract,Contract,GUIDEHOUSE INC. — Defense Nuclear Facilities Safety Board,,contract-or-award-record,machine-classified-unreviewed,2026-07-11T12:51:11.789Z,2026-07-11T12:51:11.789Z,1
contract-f70873f401e6389d2ea4,Contract,Contract,IDAHO ENVIRONMENTAL COALITION LLC — Department of Energy,,contract-or-award-record,machine-classified-unreviewed,2026-07-11T12:51:11.789Z,2026-07-11T12:51:11.789Z,1
contract-0ae2c0e77f7c91117a12,Contract,Contract,IMMIXTECHNOLOGY INC — Department of Energy,,contract-or-award-record,machine-classified-unreviewed,2026-07-11T12:51:11.789Z,2026-07-11T12:51:11.789Z,1
contract-ef5391560b267d1689f4,Contract,Contract,INDUSTRIAL BANK — District of Columbia Courts,,contract-or-award-record,machine-classified-unreviewed,2026-07-11T12:51:11.789Z,2026-07-11T12:51:11.789Z,1
contract-f1de2e58b208c9f652a0,Contract,Contract,INTERNATIONAL MEDICAL GROUP INC — Department of the Treasury,,contract-or-award-record,machine-classified-unreviewed,2026-07-11T12:51:11.789Z,2026-07-11T12:51:11.789Z,1
contract-450e8f3b0db8f3893c83,Contract,Contract,INTRASTELLAR SOLUTIONS LLC — Department of Energy,,contract-or-award-record,machine-classified-unreviewed,2026-07-11T12:51:11.789Z,2026-07-11T12:51:11.789Z,1
contract-f13525c8e3cb44d6e0d7,Contract,Contract,JAILCRAFT INC. — District of Columbia Courts,,contract-or-award-record,machine-classified-unreviewed,2026-07-11T12:51:11.789Z,2026-07-11T12:51:11.789Z,1
contract-86a8ba66d7ec32b7c7a1,Contract,Contract,JAZZ SOLUTIONS INC. — Department of Education,,contract-or-award-record,machine-classified-unreviewed,2026-07-11T12:51:11.789Z,2026-07-11T12:51:11.789Z,1
contract-5dbeacd00a4b1926bf6a,Contract,Contract,JAZZ SOLUTIONS INC. — Department of Education,,contract-or-award-record,machine-classified-unreviewed,2026-07-11T12:51:11.789Z,2026-07-11T12:51:11.789Z,1
contract-b502efb3dfde404056c2,Contract,Contract,KALISPELL REGIONAL MEDICAL CENTER INC — Department of Health and Human Services,,contract-or-award-record,machine-classified-unreviewed,2026-07-11T12:51:11.789Z,2026-07-11T12:51:11.789Z,1
contract-d6e99c44d7978a9f6ba7,Contract,Contract,"KATMAI INTEGRATED SOLUTIONS, LLC — Department of Energy",,contract-or-award-record,machine-classified-unreviewed,2026-07-11T12:51:11.789Z,2026-07-11T12:51:11.789Z,1
contract-1abe1d795b9af4d41e2e,Contract,Contract,"KATMAI INTEGRATED SOLUTIONS, LLC — Department of Energy",,contract-or-award-record,machine-classified-unreviewed,2026-07-11T12:51:11.789Z,2026-07-11T12:51:11.789Z,1
contract-65081d0d35ed7c243896,Contract,Contract,KLEEN SWEEP LLC — Department of Energy,,contract-or-award-record,machine-classified-unreviewed,2026-07-11T12:51:11.789Z,2026-07-11T12:51:11.789Z,1
contract-521eae75cb89ffe03fa1,Contract,Contract,"LEIDOS, INC. — Department of Transportation",,contract-or-award-record,machine-classified-unreviewed,2026-07-11T12:51:11.789Z,2026-07-11T12:51:11.789Z,1
contract-d9aebc33ddc709cd0aa4,Contract,Contract,LIMESTONE ANALYTICS LLC — Millennium Challenge Corporation,,contract-or-award-record,machine-classified-unreviewed,2026-07-11T12:51:11.789Z,2026-07-11T12:51:11.789Z,1
contract-e94c5337810dc86f5c75,Contract,Contract,LOCKMASTERS INC — District of Columbia Courts,,contract-or-award-record,machine-classified-unreviewed,2026-07-11T12:51:11.789Z,2026-07-11T12:51:11.789Z,1
contract-29aa8920c45cefb4feef,Contract,Contract,MATHEMATICA INC. — Department of Education,,contract-or-award-record,machine-classified-unreviewed,2026-07-11T12:51:11.789Z,2026-07-11T12:51:11.789Z,1
contract-b252c3995d72004fe867,Contract,Contract,"MAXIMUS FEDERAL SERVICES, INC. — Department of Education",,contract-or-award-record,machine-classified-unreviewed,2026-07-11T12:51:11.789Z,2026-07-11T12:51:11.789Z,1
contract-d4a012a0163cbb6838cb,Contract,Contract,MRIGLOBAL — Department of Health and Human Services,,contract-or-award-record,machine-classified-unreviewed,2026-07-11T12:51:11.789Z,2026-07-11T12:51:11.789Z,1
contract-91ae52334e155b39af91,Contract,Contract,"NEW TECH SOLUTIONS, INC. — Department of Energy",,contract-or-award-record,machine-classified-unreviewed,2026-07-11T12:51:11.789Z,2026-07-11T12:51:11.789Z,1
contract-de908f3cfa016d2cf900,Contract,Contract,NOVARTIS PHARMACEUTICALS CORPORATION — Department of Health and Human Services,,contract-or-award-record,machine-classified-unreviewed,2026-07-11T12:51:11.789Z,2026-07-11T12:51:11.789Z,1
contract-3c334923298e79d499be,Contract,Contract,"OAK RIDGE ASSOCIATED UNIVERSITIES, INCORPORATED — Morris K. Udall and Stewart L. Udall Foundation",,contract-or-award-record,machine-classified-unreviewed,2026-07-11T12:51:11.789Z,2026-07-11T12:51:11.789Z,1
contract-98cb0c06206dad6b6ffe,Contract,Contract,"OPTIMAL SOLUTIONS GROUP, L.L.C — Department of Education",,contract-or-award-record,machine-classified-unreviewed,2026-07-11T12:51:11.789Z,2026-07-11T12:51:11.789Z,1
contract-94ec66a152d25ff8ef85,Contract,Contract,OUTFRONT MEDIA INC. — District of Columbia Courts,,contract-or-award-record,machine-classified-unreviewed,2026-07-11T12:51:11.789Z,2026-07-11T12:51:11.789Z,1
contract-e53b9723d332994a62d8,Contract,Contract,"PANAMERICA COMPUTERS, INC. — Department of Education",,contract-or-award-record,machine-classified-unreviewed,2026-07-11T12:51:11.789Z,2026-07-11T12:51:11.789Z,1
contract-e8949e5f2d1710c6da5f,Contract,Contract,PERATON INC. — National Aeronautics and Space Administration,,contract-or-award-record,machine-classified-unreviewed,2026-07-11T12:51:11.789Z,2026-07-11T12:51:11.789Z,1
contract-9cac4fc0d9098b95b100,Contract,Contract,PHOENIX CONTRACTING LLC — Department of Energy,,contract-or-award-record,machine-classified-unreviewed,2026-07-11T12:51:11.789Z,2026-07-11T12:51:11.789Z,1
contract-b8790770cd30fce9777c,Contract,Contract,"PURDUE APPLIED RESEARCH INSTITUTE, LLC — Department of Energy",,contract-or-award-record,machine-classified-unreviewed,2026-07-11T12:51:11.789Z,2026-07-11T12:51:11.789Z,1
contract-ff15379b0cf0a5924a11,Contract,Contract,RELIANCE CONTRACTORS INC — Department of Energy,,contract-or-award-record,machine-classified-unreviewed,2026-07-11T12:51:11.789Z,2026-07-11T12:51:11.789Z,1
contract-3a16eebf47ffb9204f84,Contract,Contract,RURAL ELECTRIC SUPPLY COOPERATIVE — Department of Energy,,contract-or-award-record,machine-classified-unreviewed,2026-07-11T12:51:11.789Z,2026-07-11T12:51:11.789Z,1
contract-3b63bc3fc61f4d8b615a,Contract,Contract,SCHEDULE 13G - Kendall Brazos Duncan (0002144955) (Filed by),,contract-or-award-record,machine-classified-unreviewed,2026-07-11T12:51:11.789Z,2026-07-11T12:51:11.789Z,1
contract-81e5b51652cabd78371b,Contract,Contract,"SIEMENS MEDICAL SOLUTIONS USA, INC. — Department of Veterans Affairs",,contract-or-award-record,machine-classified-unreviewed,2026-07-11T12:51:11.789Z,2026-07-11T12:51:11.789Z,1
contract-f3726b1f7ee4a35cb821,Contract,Contract,"SILENT PARTNER SECURITY SYSTEMS, INC. — Department of Education",,contract-or-award-record,machine-classified-unreviewed,2026-07-11T12:51:11.789Z,2026-07-11T12:51:11.789Z,1
contract-065521b93c53b2664287,Contract,Contract,SKOOKUM EDUCATIONAL PROGRAMS — Department of Energy,,contract-or-award-record,machine-classified-unreviewed,2026-07-11T12:51:11.789Z,2026-07-11T12:51:11.789Z,1
contract-f3c84364126e1d48666c,Contract,Contract,SOFTWARE INFORMATION RESOURCE CORP. — Department of Energy,,contract-or-award-record,machine-classified-unreviewed,2026-07-11T12:51:11.789Z,2026-07-11T12:51:11.789Z,1
contract-8b7858597f9f1d4472bc,Contract,Contract,SOFTWARE INFORMATION RESOURCE CORP. — Department of Energy,,contract-or-award-record,machine-classified-unreviewed,2026-07-11T12:51:11.789Z,2026-07-11T12:51:11.789Z,1
contract-97351b5c2b4ca667cd70,Contract,Contract,SOFTWARE INFORMATION RESOURCE CORP. — Department of Energy,,contract-or-award-record,machine-classified-unreviewed,2026-07-11T12:51:11.789Z,2026-07-11T12:51:11.789Z,1
contract-d12020862d4c992ba6e3,Contract,Contract,SPRINGFIELD SOLUTIONS LLC — Department of Energy,,contract-or-award-record,machine-classified-unreviewed,2026-07-11T12:51:11.789Z,2026-07-11T12:51:11.789Z,1
contract-aa8e26df9d7949a696e5,Contract,Contract,STREET LEGAL INDUSTRIES LLC — Department of Energy,,contract-or-award-record,machine-classified-unreviewed,2026-07-11T12:51:11.789Z,2026-07-11T12:51:11.789Z,1
contract-bd8fb4c65c17858fc27f,Contract,Contract,TACTILE DESIGN GROUP LLC — Department of Education,,contract-or-award-record,machine-classified-unreviewed,2026-07-11T12:51:11.789Z,2026-07-11T12:51:11.789Z,1
contract-f17c4f9fde7f3d075e6c,Contract,Contract,"TAHER, INC. — General Services Administration",,contract-or-award-record,machine-classified-unreviewed,2026-07-11T12:51:11.789Z,2026-07-11T12:51:11.789Z,1
contract-28be632c385bbb3e58ae,Contract,Contract,"TECHTREND, INC. — Department of Energy",,contract-or-award-record,machine-classified-unreviewed,2026-07-11T12:51:11.789Z,2026-07-11T12:51:11.789Z,1
contract-84fab9842131b0e748ae,Contract,Contract,"TETRA TECH, INC. — Department of Energy",,contract-or-award-record,machine-classified-unreviewed,2026-07-11T12:51:11.789Z,2026-07-11T12:51:11.789Z,1
contract-b5c55527415e161558eb,Contract,Contract,"THE FIELDS GROUP, LLC — Department of Energy",,contract-or-award-record,machine-classified-unreviewed,2026-07-11T12:51:11.789Z,2026-07-11T12:51:11.789Z,1
contract-58560c091d5525de6421,Contract,Contract,THE LELAND STANFORD JUNIOR UNIVERSITY — Department of Energy,,contract-or-award-record,machine-classified-unreviewed,2026-07-11T12:51:11.789Z,2026-07-11T12:51:11.789Z,1
contract-9148b0ee66753d06c3e8,Contract,Contract,TOMMYLEE CAPITAL LLC — Department of Energy,,contract-or-award-record,machine-classified-unreviewed,2026-07-11T12:51:11.789Z,2026-07-11T12:51:11.789Z,1
contract-c59afb0a21f5933378d3,Contract,Contract,TRACE SYSTEMS INC. — Department of Defense,,contract-or-award-record,machine-classified-unreviewed,2026-07-11T12:51:11.789Z,2026-07-11T12:51:11.789Z,1
contract-d4ec3952a6da13e5ffd5,Contract,Contract,UNISON VIRTUAL ACQUISITION OFFICE LLC — Department of Energy,,contract-or-award-record,machine-classified-unreviewed,2026-07-11T12:51:11.789Z,2026-07-11T12:51:11.789Z,1
contract-e3ec43a5562a491c3b59,Contract,Contract,VPRIME TECH INC — Department of Energy,,contract-or-award-record,machine-classified-unreviewed,2026-07-11T12:51:11.789Z,2026-07-11T12:51:11.789Z,1
entity-contractor-58928e650aed74436c25,Contractor,Company,ACCENTURE FEDERAL SERVICES LLC,,named-in-public-record | refined-from-company,machine-extracted-unreviewed,2026-07-11T12:51:11.789Z,2026-07-11T12:51:11.789Z,2
entity-contractor-c4cd25f5d01f9a897f09,Contractor,Company,Adolph Coors CO LLC,,named-in-public-record | refined-from-company,machine-extracted-unreviewed,2026-07-11T12:51:11.789Z,2026-07-11T12:51:11.789Z,1
entity-contractor-fcfb64a26d262330e3e1,Contractor,Company,ADVANTAGE LEASING ASSOCIATES LLC,,named-in-public-record | refined-from-company,machine-extracted-unreviewed,2026-07-11T12:51:11.789Z,2026-07-11T12:51:11.789Z,1
entity-contractor-1351075df59cb0cc6a5d,Contractor,Company,ATT MOBILITY LLC,,named-in-public-record | refined-from-company,machine-extracted-unreviewed,2026-07-11T12:51:11.789Z,2026-07-11T12:51:11.789Z,5
entity-contractor-c13f9766304b3695d4c1,Contractor,Company,AUTONOMIC INTEGRA LLC,,named-in-public-record | refined-from-company,machine-extracted-unreviewed,2026-07-11T12:51:11.789Z,2026-07-11T12:51:11.789Z,1
entity-contractor-8ad83d3ebf688f47b0de,Contractor,Company,CEA Industries Inc,,named-in-public-record | refined-from-company,machine-extracted-unreviewed,2026-07-11T12:51:11.789Z,2026-07-11T12:51:11.789Z,1
entity-contractor-18ffc027a316de48a2d3,Contractor,Company,COLOSSAL CONTRACTING LLC,,named-in-public-record | refined-from-company,machine-extracted-unreviewed,2026-07-11T12:51:11.789Z,2026-07-11T12:51:11.789Z,1
entity-contractor-a3fb3de0c272a2e7050b,Contractor,Company,DERBY ENTERPRISES LLC,,named-in-public-record | refined-from-company,machine-extracted-unreviewed,2026-07-11T12:51:11.789Z,2026-07-11T12:51:11.789Z,1
entity-contractor-7e87c97754d6475ee977,Contractor,Company,FINCANTIERI MARINE REPAIR LLC,,named-in-public-record | refined-from-company,machine-extracted-unreviewed,2026-07-11T12:51:11.789Z,2026-07-11T12:51:11.789Z,1
entity-contractor-b57d0d33b4147f6ca728,Contractor,Company,GLOBAL LIFE SCIENCES SOLUTIONS USA LLC,,named-in-public-record | refined-from-company,machine-extracted-unreviewed,2026-07-11T12:51:11.789Z,2026-07-11T12:51:11.789Z,1
entity-contractor-eff051e61b4f18d61f4c,Contractor,Company,HIVE Digital Technologies Ltd,,named-in-public-record | refined-from-company,machine-extracted-unreviewed,2026-07-11T12:51:11.789Z,2026-07-11T12:51:11.789Z,2
entity-contractor-94940e9dfbb4dcedd21b,Contractor,Company,IDAHO ENVIRONMENTAL COALITION LLC,,named-in-public-record | refined-from-company,machine-extracted-unreviewed,2026-07-11T12:51:11.789Z,2026-07-11T12:51:11.789Z,1
entity-contractor-3beb98f18636398cec7c,Contractor,Company,INTRASTELLAR SOLUTIONS LLC,,named-in-public-record | refined-from-company,machine-extracted-unreviewed,2026-07-11T12:51:11.789Z,2026-07-11T12:51:11.789Z,1
entity-contractor-2d0bdc08dc1df6a1cedf,Contractor,Company,KLEEN SWEEP LLC,,named-in-public-record | refined-from-company,machine-extracted-unreviewed,2026-07-11T12:51:11.789Z,2026-07-11T12:51:11.789Z,1
entity-contractor-99317e3ca3385501d531,Contractor,Company,LIMESTONE ANALYTICS LLC,,named-in-public-record | refined-from-company,machine-extracted-unreviewed,2026-07-11T12:51:11.789Z,2026-07-11T12:51:11.789Z,1
entity-contractor-98363dcedd2dd869bccf,Contractor,Company,Lionsgate Studios Corp,,named-in-public-record | refined-from-company,machine-extracted-unreviewed,2026-07-11T12:51:11.789Z,2026-07-11T12:51:11.789Z,1
entity-contractor-c8300b37dec6e556e8ce,Contractor,Company,Millennium Challenge Corporation,,named-in-public-record | refined-from-company,machine-extracted-unreviewed,2026-07-11T12:51:11.789Z,2026-07-11T12:51:11.789Z,1
entity-contractor-eda0de6807f976ec8d41,Contractor,Company,PHOENIX CONTRACTING LLC,,named-in-public-record | refined-from-company,machine-extracted-unreviewed,2026-07-11T12:51:11.789Z,2026-07-11T12:51:11.789Z,1
entity-contractor-8dcc1bc648ea9da37309,Contractor,Company,RK CONSULTING ASSOCIATES LLC,,named-in-public-record | refined-from-company,machine-extracted-unreviewed,2026-07-11T12:51:11.789Z,2026-07-11T12:51:11.789Z,1
entity-contractor-46e45d566423dff0a1bd,Contractor,Company,SPRINGFIELD SOLUTIONS LLC,,named-in-public-record | refined-from-company,machine-extracted-unreviewed,2026-07-11T12:51:11.789Z,2026-07-11T12:51:11.789Z,1
entity-contractor-2cac1d6ff683b876d477,Contractor,Company,STREET LEGAL INDUSTRIES LLC,,named-in-public-record | refined-from-company,machine-extracted-unreviewed,2026-07-11T12:51:11.789Z,2026-07-11T12:51:11.789Z,1
entity-contractor-c436a50a7553a54d6c41,Contractor,Company,TACTILE DESIGN GROUP LLC,,named-in-public-record | refined-from-company,machine-extracted-unreviewed,2026-07-11T12:51:11.789Z,2026-07-11T12:51:11.789Z,1
entity-contractor-13e0e07018d009571209,Contractor,Company,TOMMYLEE CAPITAL LLC,,named-in-public-record | refined-from-company,machine-extracted-unreviewed,2026-07-11T12:51:11.789Z,2026-07-11T12:51:11.789Z,1
entity-contractor-53830cae8320200356bb,Contractor,Company,UNISON VIRTUAL ACQUISITION OFFICE LLC,,named-in-public-record | refined-from-company,machine-extracted-unreviewed,2026-07-11T12:51:11.789Z,2026-07-11T12:51:11.789Z,1
courtcase-666be8ca8518d6a588d4,CourtCase,CourtCase,"[redacted] v. Epstein , 9:09-cv-81092 (S.D. Fla. 2009)",,record-update,machine-classified-unreviewed,2026-07-11T12:51:11.789Z,2026-07-11T12:51:11.789Z,1
courtcase-fb7d1e91ee08e921ba79,CourtCase,CourtCase,"[redacted] v. Epstein , No. 9:10-cv-80447 (S.D. Fla. 2010)",,record-update,machine-classified-unreviewed,2026-07-11T12:51:11.789Z,2026-07-11T12:51:11.789Z,1
courtcase-61e9937fef8600e6750f,CourtCase,CourtCase,"[redacted] v. Epstein , No. 9:10-cv-81111 (S.D. Fla. 2010)",,record-update,machine-classified-unreviewed,2026-07-11T12:51:11.789Z,2026-07-11T12:51:11.789Z,1
courtcase-65d5e3df7936e2f72990,CourtCase,CourtCase,"[redacted] v. Indyke , No. 1:19-cv-10474 (S.D.N.Y. 2019)",,record-update,machine-classified-unreviewed,2026-07-11T12:51:11.789Z,2026-07-11T12:51:11.789Z,1
courtcase-43252d02392345324957,CourtCase,CourtCase,"[redacted] v. Indyke , No. 1:19-cv-10475 (S.D.N.Y. 2019)",,record-update,machine-classified-unreviewed,2026-07-11T12:51:11.789Z,2026-07-11T12:51:11.789Z,1
courtcase-e25cd16de6892ec3ae4a,CourtCase,CourtCase,"[redacted] v. Indyke , No. 1:19-cv-10476 (S.D.N.Y. 2019)",,record-update,machine-classified-unreviewed,2026-07-11T12:51:11.789Z,2026-07-11T12:51:11.789Z,1
courtcase-2b39711f4b9d96ab6e85,CourtCase,CourtCase,"[redacted] v. Indyke , No. 1:19-cv-10479 (S.D.N.Y. 2019)",,record-update,machine-classified-unreviewed,2026-07-11T12:51:11.789Z,2026-07-11T12:51:11.789Z,1
courtcase-7ff1da65f95dce3ef154,CourtCase,CourtCase,"[redacted] v. Indyke , No. 1:19-cv-10788 (S.D.N.Y. 2019)",,record-update,machine-classified-unreviewed,2026-07-11T12:51:11.789Z,2026-07-11T12:51:11.789Z,1
courtcase-6a35469f0dd32c4e06c7,CourtCase,CourtCase,"[redacted] v. Maxwell , No. 1:15-cv-07433 (S.D.N.Y. 2015)",,record-update,machine-classified-unreviewed,2026-07-11T12:51:11.789Z,2026-07-11T12:51:11.789Z,1
courtcase-9adf9988a5d24c36a0e0,CourtCase,CourtCase,"[redacted] v. Maxwell , No. 1:17-mc-00025 (S.D.N.Y. 2016)",,record-update,machine-classified-unreviewed,2026-07-11T12:51:11.789Z,2026-07-11T12:51:11.789Z,1
courtcase-21c8fd2bea8fe3ab1aaa,CourtCase,CourtCase,"[redacted] v. Nine East 71st Street , No. 1:19-cv-07625 (S.D.N.Y. 2019)",,record-update,machine-classified-unreviewed,2026-07-11T12:51:11.789Z,2026-07-11T12:51:11.789Z,1
courtcase-cd8ac5721b72db5e47b3,CourtCase,CourtCase,"Amended Judgment - Spartan Trading Company, LLC",,record-update,machine-classified-unreviewed,2026-07-11T12:51:11.789Z,2026-07-11T12:51:11.789Z,1
courtcase-9229ab0856bc31f43312,CourtCase,CourtCase,Attorney Review Protocol for Epstein Files,,document-release,machine-classified-unreviewed,2026-07-11T12:51:11.789Z,2026-07-11T12:51:11.789Z,1
courtcase-daa0f6e7028b0ad865ad,CourtCase,CourtCase,BOP Video Footage,,record-update,machine-classified-unreviewed,2026-07-11T12:51:11.789Z,2026-07-11T12:51:11.789Z,1
courtcase-fa10347c5444ca04047c,CourtCase,CourtCase,"CA Florida Holdings, LLC, Publisher of the Palm Beach Post v. Aronberg , No. 50-2019-CA-014681-XXXX-MB (Fla. 15th Cir. Ct. 2019)",,record-update,machine-classified-unreviewed,2026-07-11T12:51:11.789Z,2026-07-11T12:51:11.789Z,1
courtcase-67c3026cd4f4d1799497,CourtCase,CourtCase,Certain Pre-Stretched Synthetic Braiding Hair and Packaging Therefor; Notice of Commission Determination Not To Review an Initial Determination Terminating the Enforcement Proceeding Based on Withdrawal of the Enforcement Complaint; Termination of the Enforce…,,record-update,machine-classified-unreviewed,2026-07-11T12:51:11.789Z,2026-07-11T12:51:11.789Z,1
courtcase-ca2f097daf37f746133a,CourtCase,CourtCase,Commission’s Status Report Regarding Final Judgment Against Defendant Rajesh Taneja,,established-wrongdoing,machine-classified-unreviewed,2026-07-11T12:51:11.789Z,2026-07-11T12:51:11.789Z,1
courtcase-47316a3bd62b58396409,CourtCase,CourtCase,Consent Motion for Entry of Final Judgment,,established-wrongdoing,machine-classified-unreviewed,2026-07-11T12:51:11.789Z,2026-07-11T12:51:11.789Z,1
courtcase-04e21bdb70cea36a4682,CourtCase,CourtCase,Consent Motion for Final Judgments,,record-update,machine-classified-unreviewed,2026-07-11T12:51:11.789Z,2026-07-11T12:51:11.789Z,1
courtcase-d34918d0939414600f20,CourtCase,CourtCase,Consent of and Final Judgment as to Gautam Adani,,established-wrongdoing,machine-classified-unreviewed,2026-07-11T12:51:11.789Z,2026-07-11T12:51:11.789Z,1
courtcase-36b97d7ab951611544f8,CourtCase,CourtCase,Consent of and Final Judgment as to Sagar Adani,,established-wrongdoing,machine-classified-unreviewed,2026-07-11T12:51:11.789Z,2026-07-11T12:51:11.789Z,1
courtcase-307a2573de132b69f0c0,CourtCase,CourtCase,Croatia: First verdict in corruption and EU funds misuse case involving Ministry of Culture and Faculty of Geodesy,,wrongdoing-lead,machine-classified-unreviewed,2026-07-11T12:51:11.789Z,2026-07-11T12:51:11.789Z,1
courtcase-325222bb3c7490150bd0,CourtCase,CourtCase,Customs and Border Protection (CBP),,record-update,machine-classified-unreviewed,2026-07-11T12:51:11.789Z,2026-07-11T12:51:11.789Z,1
courtcase-c20d262237a622b0ef24,CourtCase,CourtCase,Default Judgment,,record-update,machine-classified-unreviewed,2026-07-11T12:51:11.789Z,2026-07-11T12:51:11.789Z,1
courtcase-dcc15dc4875b76ce5ec7,CourtCase,CourtCase,Default Judgment,,record-update,machine-classified-unreviewed,2026-07-11T12:51:11.789Z,2026-07-11T12:51:11.789Z,1
courtcase-172f154227774241e53d,CourtCase,CourtCase,Department of Justice Publishes 3.5 Million Responsive Pages in Compliance with the Epstein Files Transparency Act,,document-release,machine-classified-unreviewed,2026-07-11T12:51:11.789Z,2026-07-11T12:51:11.789Z,1
courtcase-4fbbadb0adba0485d302,CourtCase,CourtCase,"Doe 1000 v. Indyke , No. 1:19-cv-10577 (S.D.N.Y. 2019)",,record-update,machine-classified-unreviewed,2026-07-11T12:51:11.789Z,2026-07-11T12:51:11.789Z,1
courtcase-7d1f9e688ec2ae595d93,CourtCase,CourtCase,"Doe 17 v. Indyke , No. 1:19-cv-09610 (S.D.N.Y. 2019)",,record-update,machine-classified-unreviewed,2026-07-11T12:51:11.789Z,2026-07-11T12:51:11.789Z,1
courtcase-198fe3600d02d5fca599,CourtCase,CourtCase,"Doe No. 101 v. Epstein , No. 9:09-cv-80591 (S.D. Fla. 2009)",,record-update,machine-classified-unreviewed,2026-07-11T12:51:11.789Z,2026-07-11T12:51:11.789Z,1
courtcase-6de5b7227da07f608c75,CourtCase,CourtCase,"Doe No. 102 v. Epstein , No. 9:09-cv-80656 (S.D. Fla. 2009)",,record-update,machine-classified-unreviewed,2026-07-11T12:51:11.789Z,2026-07-11T12:51:11.789Z,1
courtcase-2eb3569e832cd0f98106,CourtCase,CourtCase,"Doe No. 103 v. Epstein , No. 9:10-cv-80309 (S.D. Fla 2010)",,record-update,machine-classified-unreviewed,2026-07-11T12:51:11.789Z,2026-07-11T12:51:11.789Z,1
courtcase-bca1d5f7d9c48ddb5974,CourtCase,CourtCase,"Doe No. 3 v. Epstein , No. 9:08-cv-80232 (S.D. Fla. 2008)",,record-update,machine-classified-unreviewed,2026-07-11T12:51:11.789Z,2026-07-11T12:51:11.789Z,1
courtcase-41000ff2792a14d6a619,CourtCase,CourtCase,"Doe No. 4 v. Epstein , No. 9:08-cv-80380 (S.D. Fla. 2008)",,record-update,machine-classified-unreviewed,2026-07-11T12:51:11.789Z,2026-07-11T12:51:11.789Z,1
courtcase-63b49ee9fcf4db630cf2,CourtCase,CourtCase,"Doe No. 5 v. Epstein , No. 9:08-cv-80381 (S.D. Fla. 2008)",,record-update,machine-classified-unreviewed,2026-07-11T12:51:11.789Z,2026-07-11T12:51:11.789Z,1
courtcase-e6af05eea59a4f5806a3,CourtCase,CourtCase,"Doe No. 6 v. Epstein , No. 9:08-cv-80994 (S.D. Fla. 2008)",,record-update,machine-classified-unreviewed,2026-07-11T12:51:11.789Z,2026-07-11T12:51:11.789Z,1
courtcase-be8409e2bc9b21d899a4,CourtCase,CourtCase,"Doe No. 8 v. Epstein , No. 9:09-cv-80802 (S.D. Fla.)",,record-update,machine-classified-unreviewed,2026-07-11T12:51:11.789Z,2026-07-11T12:51:11.789Z,1
courtcase-5e37321418f13125201d,CourtCase,CourtCase,"Doe v. Epstein , No. 9:08-cv-80069 (S.D. Fla. 2008)",,record-update,machine-classified-unreviewed,2026-07-11T12:51:11.789Z,2026-07-11T12:51:11.789Z,1
courtcase-c7f454d9893b6a178f32,CourtCase,CourtCase,"Doe v. Epstein , No. 9:08-cv-80119 (S.D. Fla. 2008)",,record-update,machine-classified-unreviewed,2026-07-11T12:51:11.789Z,2026-07-11T12:51:11.789Z,1
courtcase-7fb7706d07e2d3b3c2e6,CourtCase,CourtCase,"Doe v. Epstein , No. 9:08-cv-80804 (S.D. Fla. 2008)",,record-update,machine-classified-unreviewed,2026-07-11T12:51:11.789Z,2026-07-11T12:51:11.789Z,1
courtcase-31d812d605de95921832,CourtCase,CourtCase,"Doe v. Epstein , No. 9:09-v-80469 (S.D. Fla. 2009)",,record-update,machine-classified-unreviewed,2026-07-11T12:51:11.789Z,2026-07-11T12:51:11.789Z,1
courtcase-bc7c956e793617b61227,CourtCase,CourtCase,"Doe v. Indyke , No. 1:19-cv-08673 (S.D.N.Y. 2019)",,record-update,machine-classified-unreviewed,2026-07-11T12:51:11.789Z,2026-07-11T12:51:11.789Z,1
courtcase-17ec99c7afaec9495c8e,CourtCase,CourtCase,"Doe v. Indyke , No. 1:19-cv-11869 (S.D.N.Y. 2019)",,record-update,machine-classified-unreviewed,2026-07-11T12:51:11.789Z,2026-07-11T12:51:11.789Z,1
courtcase-9638f8cfb84cf6d86d3e,CourtCase,CourtCase,"Doe v. Indyke , No. 1:20-cv-00484 (S.D.N.Y. 2020)",,record-update,machine-classified-unreviewed,2026-07-11T12:51:11.789Z,2026-07-11T12:51:11.789Z,1
courtcase-263dbeeb863db4159af6,CourtCase,CourtCase,"Doe v. Indyke , No. 1:20-cv-02365 (S.D.N.Y. 2020)",,record-update,machine-classified-unreviewed,2026-07-11T12:51:11.789Z,2026-07-11T12:51:11.789Z,1
courtcase-de2a0d3ba303a50d1d42,CourtCase,CourtCase,"Doe v. United States , No. 9:08-cv-80736 (S.D. Fla. 2008)",,record-update,machine-classified-unreviewed,2026-07-11T12:51:11.789Z,2026-07-11T12:51:11.789Z,1
courtcase-ff25c5e9090ffc33fd39,CourtCase,CourtCase,DOJ Disclosures,,record-update,machine-classified-unreviewed,2026-07-11T12:51:11.789Z,2026-07-11T12:51:11.789Z,1
courtcase-c06ac00a036ee78df8f3,CourtCase,CourtCase,Epstein Library,,record-update,machine-classified-unreviewed,2026-07-11T12:51:11.789Z,2026-07-11T12:51:11.789Z,1
courtcase-eec824db8afff87d6b4f,CourtCase,CourtCase,"Epstein v. [redacted] , No. SC15-2286 (Fla. Sup. Ct. 2015)",,record-update,machine-classified-unreviewed,2026-07-11T12:51:11.789Z,2026-07-11T12:51:11.789Z,1
courtcase-fc0b0c429b4d40cfecc2,CourtCase,CourtCase,"Epstein v. Rothstein , No. 50-2009-CA-040800-XXXX-MB (Fla. 15th Cir. Ct. 2009)",,record-update,machine-classified-unreviewed,2026-07-11T12:51:11.789Z,2026-07-11T12:51:11.789Z,1
courtcase-fd72ea499459bfcedf22,CourtCase,CourtCase,Facebook,,record-update,machine-classified-unreviewed,2026-07-11T12:51:11.789Z,2026-07-11T12:51:11.789Z,1
courtcase-c0bab864242151d507fa,CourtCase,CourtCase,FAMILY AND MEDICAL COUNSELING SERVICE INC — Court Services and Offender Supervision Agency,,record-update,machine-classified-unreviewed,2026-07-11T12:51:11.789Z,2026-07-11T12:51:11.789Z,1
courtcase-d541b3cc85a88755b731,CourtCase,CourtCase,Federal Bureau of Investigation (FBI),,record-update,machine-classified-unreviewed,2026-07-11T12:51:11.789Z,2026-07-11T12:51:11.789Z,1
courtcase-073d2d60754f3b23cc34,CourtCase,CourtCase,Federal Bureau of Prisons (BOP),,record-update,machine-classified-unreviewed,2026-07-11T12:51:11.789Z,2026-07-11T12:51:11.789Z,1
courtcase-27eed7c7d9bd96be75db,CourtCase,CourtCase,Final Judgment,,established-wrongdoing,machine-classified-unreviewed,2026-07-11T12:51:11.789Z,2026-07-11T12:51:11.789Z,1
courtcase-0e789f0f2980bb032252,CourtCase,CourtCase,Final Judgment,,established-wrongdoing,machine-classified-unreviewed,2026-07-11T12:51:11.789Z,2026-07-11T12:51:11.789Z,1
courtcase-119f1dff383d84da5bcd,CourtCase,CourtCase,Final Judgment,,established-wrongdoing,machine-classified-unreviewed,2026-07-11T12:51:11.789Z,2026-07-11T12:51:11.789Z,1
courtcase-40269dee00f02870a727,CourtCase,CourtCase,Final Judgment,,established-wrongdoing,machine-classified-unreviewed,2026-07-11T12:51:11.789Z,2026-07-11T12:51:11.789Z,1
courtcase-461af4c2740e06d2fa70,CourtCase,CourtCase,Final Judgment,,established-wrongdoing,machine-classified-unreviewed,2026-07-11T12:51:11.789Z,2026-07-11T12:51:11.789Z,1
courtcase-35e7d3b0617cb624a439,CourtCase,CourtCase,Final Judgment,,established-wrongdoing,machine-classified-unreviewed,2026-07-11T12:51:11.789Z,2026-07-11T12:51:11.789Z,1
courtcase-1c9c653029d40ffa257b,CourtCase,CourtCase,Final Judgment,,established-wrongdoing,machine-classified-unreviewed,2026-07-11T12:51:11.789Z,2026-07-11T12:51:11.789Z,1
courtcase-db94cd56ac25ad68220a,CourtCase,CourtCase,Final Judgment,,established-wrongdoing,machine-classified-unreviewed,2026-07-11T12:51:11.789Z,2026-07-11T12:51:11.789Z,1
courtcase-9403a4fc68876965dc5a,CourtCase,CourtCase,Final Judgment,,established-wrongdoing,machine-classified-unreviewed,2026-07-11T12:51:11.789Z,2026-07-11T12:51:11.789Z,1
courtcase-b2a4823c8c65db195398,CourtCase,CourtCase,Final Judgment,,established-wrongdoing,machine-classified-unreviewed,2026-07-11T12:51:11.789Z,2026-07-11T12:51:11.789Z,1
courtcase-f6390476b2405d3f15dd,CourtCase,CourtCase,Final Judgment,,established-wrongdoing,machine-classified-unreviewed,2026-07-11T12:51:11.789Z,2026-07-11T12:51:11.789Z,1
courtcase-c5131c20f99f8aee09a3,CourtCase,CourtCase,Final Judgment,,established-wrongdoing,machine-classified-unreviewed,2026-07-11T12:51:11.789Z,2026-07-11T12:51:11.789Z,1
courtcase-b91d44b039b4d69b69e1,CourtCase,CourtCase,Final Judgment,,established-wrongdoing,machine-classified-unreviewed,2026-07-11T12:51:11.789Z,2026-07-11T12:51:11.789Z,1
courtcase-7cf63353c8966127e6f9,CourtCase,CourtCase,Final Judgment,,established-wrongdoing,machine-classified-unreviewed,2026-07-11T12:51:11.789Z,2026-07-11T12:51:11.789Z,1
courtcase-f4ec9ad122381307fb6a,CourtCase,CourtCase,Final Judgment,,established-wrongdoing,machine-classified-unreviewed,2026-07-11T12:51:11.789Z,2026-07-11T12:51:11.789Z,1
courtcase-726c5226e8f6a8ae6a5b,CourtCase,CourtCase,Final Judgment,,established-wrongdoing,machine-classified-unreviewed,2026-07-11T12:51:11.789Z,2026-07-11T12:51:11.789Z,1
courtcase-d8e6ab0e70a081233ae4,CourtCase,CourtCase,Final Judgment,,established-wrongdoing,machine-classified-unreviewed,2026-07-11T12:51:11.789Z,2026-07-11T12:51:11.789Z,1
courtcase-cf8dd76438d04fdb7155,CourtCase,CourtCase,Final Judgment,,established-wrongdoing,machine-classified-unreviewed,2026-07-11T12:51:11.789Z,2026-07-11T12:51:11.789Z,1
courtcase-b083d3ca1e183f10a603,CourtCase,CourtCase,Final Judgment,,established-wrongdoing,machine-classified-unreviewed,2026-07-11T12:51:11.789Z,2026-07-11T12:51:11.789Z,1
courtcase-835bc8a868bb55e5fdae,CourtCase,CourtCase,Final Judgment,,established-wrongdoing,machine-classified-unreviewed,2026-07-11T12:51:11.789Z,2026-07-11T12:51:11.789Z,1
courtcase-c3ad5b670a130ce95b69,CourtCase,CourtCase,Final Judgment,,established-wrongdoing,machine-classified-unreviewed,2026-07-11T12:51:11.789Z,2026-07-11T12:51:11.789Z,1
courtcase-16227c9c07615068eee6,CourtCase,CourtCase,Final Judgment,,established-wrongdoing,machine-classified-unreviewed,2026-07-11T12:51:11.789Z,2026-07-11T12:51:11.789Z,1
courtcase-b0a1ce09127486f6d737,CourtCase,CourtCase,Final Judgment - Andrew Kaufman,,established-wrongdoing,machine-classified-unreviewed,2026-07-11T12:51:11.789Z,2026-07-11T12:51:11.789Z,1
courtcase-687056e66f372ab3dc55,CourtCase,CourtCase,Final Judgment - Arthur,,established-wrongdoing,machine-classified-unreviewed,2026-07-11T12:51:11.789Z,2026-07-11T12:51:11.789Z,1
courtcase-2d6371494b07d48134db,CourtCase,CourtCase,Final Judgment - Bin Hao,,established-wrongdoing,machine-classified-unreviewed,2026-07-11T12:51:11.789Z,2026-07-11T12:51:11.789Z,1
courtcase-07444e59a680745fbfe7,CourtCase,CourtCase,Final Judgment - Bongiorno,,established-wrongdoing,machine-classified-unreviewed,2026-07-11T12:51:11.789Z,2026-07-11T12:51:11.789Z,1
courtcase-bc08ecd88cae3864f17e,CourtCase,CourtCase,Final Judgment - Brent Cranmer,,established-wrongdoing,machine-classified-unreviewed,2026-07-11T12:51:11.789Z,2026-07-11T12:51:11.789Z,1
courtcase-5c3879a46e4de29059ad,CourtCase,CourtCase,Final Judgment - Bryan L. Waugh,,established-wrongdoing,machine-classified-unreviewed,2026-07-11T12:51:11.789Z,2026-07-11T12:51:11.789Z,1
courtcase-f8ec25cb929c95f7450a,CourtCase,CourtCase,Final Judgment - Carolyn W. Carter,,established-wrongdoing,machine-classified-unreviewed,2026-07-11T12:51:11.789Z,2026-07-11T12:51:11.789Z,1
courtcase-31339a01f37600bcb9db,CourtCase,CourtCase,Final Judgment - Chad J. Miller,,established-wrongdoing,machine-classified-unreviewed,2026-07-11T12:51:11.789Z,2026-07-11T12:51:11.789Z,1
courtcase-9e11fdfe21e232621018,CourtCase,CourtCase,Final Judgment - Charles T. Lawrence,,established-wrongdoing,machine-classified-unreviewed,2026-07-11T12:51:11.789Z,2026-07-11T12:51:11.789Z,1
courtcase-a60415b618c36fe185e2,CourtCase,CourtCase,Final Judgment - Daniel McCormick,,established-wrongdoing,machine-classified-unreviewed,2026-07-11T12:51:11.789Z,2026-07-11T12:51:11.789Z,1
courtcase-a5ac92f3e7327fb8d8fc,CourtCase,CourtCase,"Final Judgment - DaveGlo Investment Group, Inc.",,established-wrongdoing,machine-classified-unreviewed,2026-07-11T12:51:11.789Z,2026-07-11T12:51:11.789Z,1
courtcase-176dbf810769962dbede,CourtCase,CourtCase,Final Judgment - David P. Ortiz,,established-wrongdoing,machine-classified-unreviewed,2026-07-11T12:51:11.789Z,2026-07-11T12:51:11.789Z,1
courtcase-09dcc615c45c6ae8f6d4,CourtCase,CourtCase,Final Judgment - Eliseo Jojo Prisno,,established-wrongdoing,machine-classified-unreviewed,2026-07-11T12:51:11.789Z,2026-07-11T12:51:11.789Z,1
courtcase-cce2c892b54fefbcceb0,CourtCase,CourtCase,Final Judgment - Estate of Richard Myre,,established-wrongdoing,machine-classified-unreviewed,2026-07-11T12:51:11.789Z,2026-07-11T12:51:11.789Z,1
courtcase-ca158e4ed9b865b9e12b,CourtCase,CourtCase,Final Judgment - Flagg,,established-wrongdoing,machine-classified-unreviewed,2026-07-11T12:51:11.789Z,2026-07-11T12:51:11.789Z,1
courtcase-1fe4e6f1033eb6581c88,CourtCase,CourtCase,Final Judgment - Geoffrey Allen Wall,,established-wrongdoing,machine-classified-unreviewed,2026-07-11T12:51:11.789Z,2026-07-11T12:51:11.789Z,1
courtcase-a7b1e78626df378a766e,CourtCase,CourtCase,Final Judgment - Henry Abdo,,established-wrongdoing,machine-classified-unreviewed,2026-07-11T12:51:11.789Z,2026-07-11T12:51:11.789Z,1
courtcase-be146fc3c1b0191b1b24,CourtCase,CourtCase,Final Judgment - Jeffrey De Laveaga,,established-wrongdoing,machine-classified-unreviewed,2026-07-11T12:51:11.789Z,2026-07-11T12:51:11.789Z,1
courtcase-6a2845f07ec6e180b611,CourtCase,CourtCase,Final Judgment - Jeffrey Puzzullo,,established-wrongdoing,machine-classified-unreviewed,2026-07-11T12:51:11.789Z,2026-07-11T12:51:11.789Z,1
courtcase-09cddb797a53638ed482,CourtCase,CourtCase,Final Judgment - Joseph C. Lewis,,established-wrongdoing,machine-classified-unreviewed,2026-07-11T12:51:11.789Z,2026-07-11T12:51:11.789Z,1
courtcase-7c8540002ad8d2e27ba1,CourtCase,CourtCase,Final Judgment - Lloyd,,established-wrongdoing,machine-classified-unreviewed,2026-07-11T12:51:11.789Z,2026-07-11T12:51:11.789Z,1
courtcase-6aa2e47b015c0e260f80,CourtCase,CourtCase,Final Judgment - Mark Jacobs,,established-wrongdoing,machine-classified-unreviewed,2026-07-11T12:51:11.789Z,2026-07-11T12:51:11.789Z,1
courtcase-28f2f83493b6a4a33aa3,CourtCase,CourtCase,Final Judgment - Michael Bowen,,established-wrongdoing,machine-classified-unreviewed,2026-07-11T12:51:11.789Z,2026-07-11T12:51:11.789Z,1
courtcase-b971cc1de0c7928d9b38,CourtCase,CourtCase,Final Judgment - P/E Capital Investment Management Partners,,established-wrongdoing,machine-classified-unreviewed,2026-07-11T12:51:11.789Z,2026-07-11T12:51:11.789Z,1
courtcase-525d628ca74313c50c6b,CourtCase,CourtCase,Final Judgment - Patrick J. O’Connor,,established-wrongdoing,machine-classified-unreviewed,2026-07-11T12:51:11.789Z,2026-07-11T12:51:11.789Z,1
courtcase-6b5617dbc20e98f7fb6a,CourtCase,CourtCase,Final Judgment - Randall J. Miller,,established-wrongdoing,machine-classified-unreviewed,2026-07-11T12:51:11.789Z,2026-07-11T12:51:11.789Z,1
courtcase-f54a6a1c3715526960ae,CourtCase,CourtCase,Final Judgment - Robert Newell,,established-wrongdoing,machine-classified-unreviewed,2026-07-11T12:51:11.789Z,2026-07-11T12:51:11.789Z,1
courtcase-ef2f2a49e382e5f70aaf,CourtCase,CourtCase,Final Judgment - Robert Yedid,,established-wrongdoing,machine-classified-unreviewed,2026-07-11T12:51:11.789Z,2026-07-11T12:51:11.789Z,1
courtcase-c5d9dbb2739964c035d8,CourtCase,CourtCase,Final Judgment - Ross Gregory Erskine,,established-wrongdoing,machine-classified-unreviewed,2026-07-11T12:51:11.789Z,2026-07-11T12:51:11.789Z,1
courtcase-b4a48fe03973255c3aa4,CourtCase,CourtCase,Final Judgment - Samir Rao,,established-wrongdoing,machine-classified-unreviewed,2026-07-11T12:51:11.789Z,2026-07-11T12:51:11.789Z,1
courtcase-261cd6de65d1bb20b2b3,CourtCase,CourtCase,Final Judgment - Suzee Han,,established-wrongdoing,machine-classified-unreviewed,2026-07-11T12:51:11.789Z,2026-07-11T12:51:11.789Z,1
courtcase-b98110d6d27f928eeb4a,CourtCase,CourtCase,Final Judgment - Titanium Capital LLC,,established-wrongdoing,machine-classified-unreviewed,2026-07-11T12:51:11.789Z,2026-07-11T12:51:11.789Z,1
courtcase-65fb7267d8433706668f,CourtCase,CourtCase,Final Judgment - Treusch,,established-wrongdoing,machine-classified-unreviewed,2026-07-11T12:51:11.789Z,2026-07-11T12:51:11.789Z,1
courtcase-9b01eefa6f12df4328c8,CourtCase,CourtCase,Final Judgment -Christopher McKnight,,established-wrongdoing,machine-classified-unreviewed,2026-07-11T12:51:11.789Z,2026-07-11T12:51:11.789Z,1
courtcase-848cf7f285111935c800,CourtCase,CourtCase,Final Judgment -Steve Bajic,,established-wrongdoing,machine-classified-unreviewed,2026-07-11T12:51:11.789Z,2026-07-11T12:51:11.789Z,1
courtcase-b111bb19e2bd3358bd50,CourtCase,CourtCase,Final Judgment by Default,,established-wrongdoing,machine-classified-unreviewed,2026-07-11T12:51:11.789Z,2026-07-11T12:51:11.789Z,1
courtcase-cb01fa3e366b5b50ca42,CourtCase,CourtCase,First Phase of Declassified Epstein Files,,document-release,machine-classified-unreviewed,2026-07-11T12:51:11.789Z,2026-07-11T12:51:11.789Z,1
courtcase-6495424edad90ea6be10,CourtCase,CourtCase,Florida,,record-update,machine-classified-unreviewed,2026-07-11T12:51:11.789Z,2026-07-11T12:51:11.789Z,1
courtcase-f318f9c016f608acc721,CourtCase,CourtCase,"Government of the United States Virgin Islands v. JPMorgan Chase Bank , N.A., No. 1:22-cv-10904 (S.D.N.Y. 2022)",,record-update,machine-classified-unreviewed,2026-07-11T12:51:11.789Z,2026-07-11T12:51:11.789Z,1
courtcase-254d3fbc0bafc274f55e,CourtCase,CourtCase,Greece: 57 convicted in €1.7 million agricultural subsidy fraud involving National Reserve payments,,established-wrongdoing,machine-classified-unreviewed,2026-07-11T12:51:11.789Z,2026-07-11T12:51:11.789Z,1
courtcase-528b84e3ce7b97069e16,CourtCase,CourtCase,House Disclosures,,record-update,machine-classified-unreviewed,2026-07-11T12:51:11.789Z,2026-07-11T12:51:11.789Z,1
courtcase-95a18128b4ae7ffb7230,CourtCase,CourtCase,"In re: Grand Jury 05-02 (WPB) & 07-103 (WPB) , No. 9:25-mc-80920 (S.D. Fla. 2025)",,record-update,machine-classified-unreviewed,2026-07-11T12:51:11.789Z,2026-07-11T12:51:11.789Z,1
courtcase-a1b01058442298031cad,CourtCase,CourtCase,"Italy: One suspect pleads guilty in yacht import customs fraud case, another indicted",,official-charge-or-allegation,machine-classified-unreviewed,2026-07-11T12:51:11.789Z,2026-07-11T12:51:11.789Z,1
courtcase-609c62fcaf0425acc46e,CourtCase,CourtCase,"Jane Doe 43 v. Epstein , No. 1:17-cv-00616 (S.D.N.Y. 2017)",,record-update,machine-classified-unreviewed,2026-07-11T12:51:11.789Z,2026-07-11T12:51:11.789Z,1
courtcase-25dc8bacbe179d36eecc,CourtCase,CourtCase,Judgment - Estate of Dale Dahmen,,record-update,machine-classified-unreviewed,2026-07-11T12:51:11.789Z,2026-07-11T12:51:11.789Z,1
courtcase-550bd7d962b3d9483ae7,CourtCase,CourtCase,Judgment - Gerard Ryan,,record-update,machine-classified-unreviewed,2026-07-11T12:51:11.789Z,2026-07-11T12:51:11.789Z,1
courtcase-61692c99c8b6f7e772bd,CourtCase,CourtCase,Judgment - Kushner,,record-update,machine-classified-unreviewed,2026-07-11T12:51:11.789Z,2026-07-11T12:51:11.789Z,1
courtcase-fd6e672cf120de936e9f,CourtCase,CourtCase,Judgment - La Mancha,,record-update,machine-classified-unreviewed,2026-07-11T12:51:11.789Z,2026-07-11T12:51:11.789Z,1
courtcase-0eb51d5103fb6dc91629,CourtCase,CourtCase,LinkedIn,,record-update,machine-classified-unreviewed,2026-07-11T12:51:11.789Z,2026-07-11T12:51:11.789Z,1
courtcase-01919b4d23e966ec7571,CourtCase,CourtCase,"Matter of the Estate of Jeffrey E. Epstein, Deceased , No. ST-21-RV-00005 (V.I. Super. Ct. 2021)",,record-update,machine-classified-unreviewed,2026-07-11T12:51:11.789Z,2026-07-11T12:51:11.789Z,1
courtcase-2f70dcec8cbe4ebeb225,CourtCase,CourtCase,Maxwell Proffer,,record-update,machine-classified-unreviewed,2026-07-11T12:51:11.789Z,2026-07-11T12:51:11.789Z,1
courtcase-331020a4f8dab133c318,CourtCase,CourtCase,"Maxwell v. Estate of Jeffrey Epstein , No. ST-20-CV-155 (V.I. Super. Ct. 2020)",,record-update,machine-classified-unreviewed,2026-07-11T12:51:11.789Z,2026-07-11T12:51:11.789Z,1
courtcase-6789491ff7350c655f61,CourtCase,CourtCase,"Maxwell v. United States , No. 24-1073 (U.S. 2025) (petition for cert.)",,record-update,machine-classified-unreviewed,2026-07-11T12:51:11.789Z,2026-07-11T12:51:11.789Z,1
courtcase-a2139175cc79de378734,CourtCase,CourtCase,Memoranda and Correspondence,,record-update,machine-classified-unreviewed,2026-07-11T12:51:11.789Z,2026-07-11T12:51:11.789Z,1
courtcase-a6a49160f771ce740fb7,CourtCase,CourtCase,"Operating Engineers Construction Industry and Miscellaneous Pension Fund v. Dimon , No. 1:23-cv-03903",,record-update,machine-classified-unreviewed,2026-07-11T12:51:11.789Z,2026-07-11T12:51:11.789Z,1
courtcase-930eae08a514667d4126,CourtCase,CourtCase,Opinion Granting Summary Judgment - Bongiorno,,record-update,machine-classified-unreviewed,2026-07-11T12:51:11.789Z,2026-07-11T12:51:11.789Z,1
courtcase-81f7435a73674820b3b5,CourtCase,CourtCase,Order and Final Judgment,,established-wrongdoing,machine-classified-unreviewed,2026-07-11T12:51:11.789Z,2026-07-11T12:51:11.789Z,1
courtcase-a9d3b4f605989755724b,CourtCase,CourtCase,Order Granting SEC&#039;s Motion for Summary Judgment as to Henry Abdo,,record-update,machine-classified-unreviewed,2026-07-11T12:51:11.789Z,2026-07-11T12:51:11.789Z,1
courtcase-5f0fc6d1182c87c3f777,CourtCase,CourtCase,Proposed Judgment and Consent as to the Tron Defendants,,record-update,machine-classified-unreviewed,2026-07-11T12:51:11.789Z,2026-07-11T12:51:11.789Z,1
courtcase-85eb32e8ff0f0c3fb132,CourtCase,CourtCase,Search Full Library,,record-update,machine-classified-unreviewed,2026-07-11T12:51:11.789Z,2026-07-11T12:51:11.789Z,1
courtcase-9276760752d736cad0ab,CourtCase,CourtCase,Skip to main content,,record-update,machine-classified-unreviewed,2026-07-11T12:51:11.789Z,2026-07-11T12:51:11.789Z,1
courtcase-def51a189d272a11cabc,CourtCase,CourtCase,"State of Florida v. Epstein , No. 50-2006-CF-009454-AXXX-MB (Fla. 15th Cir. Ct. 2006)",,record-update,machine-classified-unreviewed,2026-07-11T12:51:11.789Z,2026-07-11T12:51:11.789Z,1
courtcase-2c29a092b27cee987762,CourtCase,CourtCase,"State of Florida v. Epstein , No. 50-2008-CF-009381-AXXX-MB (Fla. 15th Cir. Ct. 2008)",,record-update,machine-classified-unreviewed,2026-07-11T12:51:11.789Z,2026-07-11T12:51:11.789Z,1
courtcase-10ac3f10562f57f0e215,CourtCase,CourtCase,U.S. Department of Justice — Justice News source page checked,,record-update,machine-classified-unreviewed,2026-07-11T12:51:11.789Z,2026-07-11T12:51:11.789Z,1
courtcase-be00497526ac6646c5c1,CourtCase,CourtCase,"United States v. Epstein , No. 1:19-cr-00490 (S.D.N.Y. 2019)",,record-update,machine-classified-unreviewed,2026-07-11T12:51:11.789Z,2026-07-11T12:51:11.789Z,1
courtcase-f6d3873d56fae5cdb25a,CourtCase,CourtCase,"United States v. Epstein , No. 19-2221 (2d Cir. 2019)",,record-update,machine-classified-unreviewed,2026-07-11T12:51:11.789Z,2026-07-11T12:51:11.789Z,1
courtcase-6ea529cffd7461f4af58,CourtCase,CourtCase,"United States v. Maxwell , No. 1:20-cr-00330 (S.D.N.Y. 2020)",,record-update,machine-classified-unreviewed,2026-07-11T12:51:11.789Z,2026-07-11T12:51:11.789Z,1
courtcase-6cfc938a9826822d6145,CourtCase,CourtCase,"United States v. Maxwell , No. 1:20-mj-00132 (D.N.H. 2020)",,record-update,machine-classified-unreviewed,2026-07-11T12:51:11.789Z,2026-07-11T12:51:11.789Z,1
courtcase-d701a8007581832048ca,CourtCase,CourtCase,"United States v. Maxwell , No. 20-3061 (2d Cir. 2020)",,record-update,machine-classified-unreviewed,2026-07-11T12:51:11.789Z,2026-07-11T12:51:11.789Z,1
courtcase-7f1fb6d06070f77ac137,CourtCase,CourtCase,"United States v. Maxwell , No. 21-0058 (2d Cir. 2021)",,record-update,machine-classified-unreviewed,2026-07-11T12:51:11.789Z,2026-07-11T12:51:11.789Z,1
courtcase-3d031936d3a4b9f7dcc1,CourtCase,CourtCase,"United States v. Maxwell , No. 22-1426 (2d Cir. 2022)",,record-update,machine-classified-unreviewed,2026-07-11T12:51:11.789Z,2026-07-11T12:51:11.789Z,1
courtcase-715af56c41d9a52910a2,CourtCase,CourtCase,"United States v. Maxwell, No. 21-0770 (2d Cir. 2021)",,record-update,machine-classified-unreviewed,2026-07-11T12:51:11.789Z,2026-07-11T12:51:11.789Z,1
courtcase-0836503349204aacce57,CourtCase,CourtCase,"United States v. Noel , No. 1:19-cr-00830 (S.D.N.Y. 2019)",,record-update,machine-classified-unreviewed,2026-07-11T12:51:11.789Z,2026-07-11T12:51:11.789Z,1
courtcase-0857c42263a95a963053,CourtCase,CourtCase,View files,,document-release,machine-classified-unreviewed,2026-07-11T12:51:11.789Z,2026-07-11T12:51:11.789Z,1
courtcase-7cfa766946d9626c5989,CourtCase,CourtCase,View files,,document-release,machine-classified-unreviewed,2026-07-11T12:51:11.789Z,2026-07-11T12:51:11.789Z,1
courtcase-29b9f5f9f7980e12f604,CourtCase,CourtCase,View files,,document-release,machine-classified-unreviewed,2026-07-11T12:51:11.789Z,2026-07-11T12:51:11.789Z,1
courtcase-141044aeb7e1f3577e4d,CourtCase,CourtCase,View files,,document-release,machine-classified-unreviewed,2026-07-11T12:51:11.789Z,2026-07-11T12:51:11.789Z,1
courtcase-93aab1768001f7dc961c,CourtCase,CourtCase,View files,,document-release,machine-classified-unreviewed,2026-07-11T12:51:11.789Z,2026-07-11T12:51:11.789Z,1
courtcase-7045f01245bef28c6789,CourtCase,CourtCase,View files,,document-release,machine-classified-unreviewed,2026-07-11T12:51:11.789Z,2026-07-11T12:51:11.789Z,1
courtcase-fdda3df2b64ddae55a30,CourtCase,CourtCase,View files,,document-release,machine-classified-unreviewed,2026-07-11T12:51:11.789Z,2026-07-11T12:51:11.789Z,1
courtcase-2984ecc9e31ff63b7443,CourtCase,CourtCase,View files,,document-release,machine-classified-unreviewed,2026-07-11T12:51:11.789Z,2026-07-11T12:51:11.789Z,1
courtcase-3b492c1cfd32d5bdee66,CourtCase,CourtCase,View files,,document-release,machine-classified-unreviewed,2026-07-11T12:51:11.789Z,2026-07-11T12:51:11.789Z,1
courtcase-8fd14432dc3a1159708b,CourtCase,CourtCase,View files,,document-release,machine-classified-unreviewed,2026-07-11T12:51:11.789Z,2026-07-11T12:51:11.789Z,1
courtcase-0c97beaee42ca4a72941,CourtCase,CourtCase,View files,,document-release,machine-classified-unreviewed,2026-07-11T12:51:11.789Z,2026-07-11T12:51:11.789Z,1
courtcase-f7bf1a1c4ce8a575778a,CourtCase,CourtCase,View files,,document-release,machine-classified-unreviewed,2026-07-11T12:51:11.789Z,2026-07-11T12:51:11.789Z,1
document-aeb34da6588c7ea5d75c67e0,Document,Document,2026-13996.pdf,2026-13996.pdf,hash-preserved-public-document | pdftotext,unreviewed-source-document,2026-07-11T12:53:43.495Z,2026-07-11T13:06:17.977Z,1
document-6f9f8bf79aaccb91ea301d46,Document,Document,2026-14070.pdf,2026-14070.pdf,hash-preserved-public-document | pdftotext,unreviewed-source-document,2026-07-11T12:53:43.495Z,2026-07-11T13:06:17.977Z,1
document-1dd13bb46aace5b5f76aa596,Document,Document,Daquan Lloyd,judg26545-lloyd.pdf,hash-preserved-public-document | pdftotext,unreviewed-source-document,2026-07-11T12:53:43.495Z,2026-07-11T13:06:17.977Z,1
document-68517786b3f869614d6441d5,Document,Document,"DaveGlo Investment Group, Inc.",judg26549-daveglo.pdf,hash-preserved-public-document | pdftotext,unreviewed-source-document,2026-07-11T12:53:43.495Z,2026-07-11T13:06:17.977Z,1
document-5cfcef7e6d9081a2f8b4cfc1,Document,Document,Final Judgment,judg26502.pdf,hash-preserved-public-document | pdftotext,unreviewed-source-document,2026-07-11T12:53:43.495Z,2026-07-11T13:06:17.977Z,1
document-21062c3794165a26e8de0095,Document,Document,Final Judgment - Bongiorno,26526-final-judgment-bongiorno.pdf,hash-preserved-public-document | pdftotext,unreviewed-source-document,2026-07-11T12:53:43.495Z,2026-07-11T13:06:17.977Z,1
document-71a3a8053e182934a63d80e7,Document,Document,Final Judgment - Chad J. Miller,judg26498-chad-miller.pdf,hash-preserved-public-document | pdftotext,unreviewed-source-document,2026-07-11T12:53:43.495Z,2026-07-11T13:06:17.977Z,1
document-71075e23fe7038c517705773,Document,Document,Final Judgment - Jeffrey Puzzullo,judg26498-puzzullo.pdf,hash-preserved-public-document | ocrmypdf+tesseract,unreviewed-source-document,2026-07-11T12:53:43.495Z,2026-07-11T13:06:17.977Z,1
document-6960ea14c65d98405708eb15,Document,Document,Final Judgment - Suzee Han,judg26506-suzee-han.pdf,hash-preserved-public-document | pdftotext,unreviewed-source-document,2026-07-11T12:53:43.495Z,2026-07-11T13:06:17.977Z,1
document-4ed5cb53b53914104fe6240e,Document,Document,Order Granting Motion for Monetary Relief,order26497.pdf,hash-preserved-public-document | pdftotext,unreviewed-source-document,2026-07-11T12:53:43.495Z,2026-07-11T13:06:17.977Z,1
document-5fb001c8d3d59b384a7b9d0e,Document,Document,"Robert L. Murray, Jr.",judg26550.pdf,hash-preserved-public-document | pdftotext,unreviewed-source-document,2026-07-11T12:53:43.495Z,2026-07-11T13:06:17.977Z,1
document-f57d360e4a64cc086c4022d2,Document,Document,WORKING DO NOT PROCESS 22cv3156 February 24 2026 620 pm Consent Judgment.pdf,judg26493.pdf,hash-preserved-public-document | pdftotext,unreviewed-source-document,2026-07-11T12:53:43.495Z,2026-07-11T13:06:17.977Z,1
finding-580476645c3c4f084b9427dd,Finding,Thing,"[redacted] v. Epstein , 9:09-cv-81092 (S.D. Fla. 2009)",,record-update | epstein-disclosure,machine-classified,2026-07-11T10:15:45.417Z,2026-07-11T12:51:11.789Z,1
finding-382aa48843bb101c6dbd534b,Finding,Thing,"[redacted] v. Epstein , No. 9:10-cv-80447 (S.D. Fla. 2010)",,record-update | epstein-disclosure,machine-classified,2026-07-11T10:15:45.417Z,2026-07-11T12:51:11.789Z,1
finding-1e9580ff63e3f1f5d9551d97,Finding,Thing,"[redacted] v. Epstein , No. 9:10-cv-81111 (S.D. Fla. 2010)",,record-update | epstein-disclosure,machine-classified,2026-07-11T10:15:45.417Z,2026-07-11T12:51:11.789Z,1
finding-a45f1867dc1464bf90c6e61c,Finding,Thing,"[redacted] v. Indyke , No. 1:19-cv-10474 (S.D.N.Y. 2019)",,record-update | epstein-disclosure,machine-classified,2026-07-11T10:15:45.417Z,2026-07-11T12:51:11.789Z,1
finding-fa96f7b05fc88177b7556b23,Finding,Thing,"[redacted] v. Indyke , No. 1:19-cv-10475 (S.D.N.Y. 2019)",,record-update | epstein-disclosure,machine-classified,2026-07-11T10:15:45.417Z,2026-07-11T12:51:11.789Z,1
finding-f35e0416dece6a9b28697803,Finding,Thing,"[redacted] v. Indyke , No. 1:19-cv-10476 (S.D.N.Y. 2019)",,record-update | epstein-disclosure,machine-classified,2026-07-11T10:15:45.417Z,2026-07-11T12:51:11.789Z,1
finding-76695ba4416b15324b90fc56,Finding,Thing,"[redacted] v. Indyke , No. 1:19-cv-10479 (S.D.N.Y. 2019)",,record-update | epstein-disclosure,machine-classified,2026-07-11T10:15:45.417Z,2026-07-11T12:51:11.789Z,1
finding-004b54a319a896c84a534e30,Finding,Thing,"[redacted] v. Indyke , No. 1:19-cv-10788 (S.D.N.Y. 2019)",,record-update | epstein-disclosure,machine-classified,2026-07-11T10:15:45.417Z,2026-07-11T12:51:11.789Z,1
finding-e19f403793261923a3244e16,Finding,Thing,"[redacted] v. Maxwell , No. 1:15-cv-07433 (S.D.N.Y. 2015)",,record-update | epstein-disclosure,machine-classified,2026-07-11T10:15:45.417Z,2026-07-11T12:51:11.789Z,1
finding-a0f522c2384cc895ec05df53,Finding,Thing,"[redacted] v. Maxwell , No. 1:17-mc-00025 (S.D.N.Y. 2016)",,record-update | epstein-disclosure,machine-classified,2026-07-11T10:15:45.417Z,2026-07-11T12:51:11.789Z,1
finding-6b584347f3bc2b675c3f7bd2,Finding,Thing,"[redacted] v. Nine East 71st Street , No. 1:19-cv-07625 (S.D.N.Y. 2019)",,record-update | epstein-disclosure,machine-classified,2026-07-11T10:15:45.417Z,2026-07-11T12:51:11.789Z,1
finding-ceea92723ecaa0669313d213,Finding,Thing,3 - Adolph Coors CO LLC (0001368801) (Reporting),,record-update | money-contracts,machine-classified,2026-07-11T10:15:45.417Z,2026-07-11T12:51:11.789Z,1
finding-fa98106d7b17f4ae9a98f2d8,Finding,Thing,3 - CEA Industries Inc. (0001482541) (Issuer),,record-update | money-contracts,machine-classified,2026-07-11T10:15:45.417Z,2026-07-11T12:51:11.789Z,1
finding-6bb19d54548b60ee56414fef,Finding,Thing,3 - MOLSON COORS BEVERAGE CO (0000024545) (Issuer),,record-update | money-contracts,machine-classified,2026-07-11T10:15:45.417Z,2026-07-11T12:51:11.789Z,1
finding-60db7e6b710c66e7041aa6d9,Finding,Thing,3 - Roszak Matthew George (0001359794) (Reporting),,record-update | money-contracts,machine-classified,2026-07-11T10:15:45.417Z,2026-07-11T12:51:11.789Z,1
finding-11aa9e482fe4809776fb7285,Finding,Thing,"4 - Aeva Technologies, Inc. (0001789029) (Issuer)",,record-update | money-contracts,machine-classified,2026-07-11T10:15:45.417Z,2026-07-11T12:51:11.789Z,1
finding-b68c1d0dacb092399a8fddea,Finding,Thing,"4 - Aeva Technologies, Inc. (0001789029) (Issuer)",,record-update | money-contracts,machine-classified,2026-07-11T10:15:45.417Z,2026-07-11T12:51:11.789Z,1
finding-d788c182281f2d6505299ad8,Finding,Thing,"4 - Aeva Technologies, Inc. (0001789029) (Issuer)",,record-update | money-contracts,machine-classified,2026-07-11T10:15:45.417Z,2026-07-11T12:51:11.789Z,1
finding-5539707ef2c1c09dd75a39c3,Finding,Thing,"4 - Apogee Therapeutics, Inc. (0001974640) (Issuer)",,record-update | money-contracts,machine-classified,2026-07-11T10:15:45.417Z,2026-07-11T12:51:11.789Z,1
finding-7f05ab465d30211d6925a5dc,Finding,Thing,4 - Campbell David Alan (0001864158) (Reporting),,record-update | money-contracts,machine-classified,2026-07-11T10:15:45.417Z,2026-07-11T12:51:11.789Z,1
finding-876dd3177370133e42edf0c0,Finding,Thing,"4 - CapsoVision, Inc (0001378325) (Issuer)",,record-update | money-contracts,machine-classified,2026-07-11T10:15:45.417Z,2026-07-11T12:51:11.789Z,1
finding-b21aa5ba63b54271e26d8f57,Finding,Thing,4 - Carver Kyle (0001757072) (Reporting),,record-update | money-contracts,machine-classified,2026-07-11T10:15:45.417Z,2026-07-11T12:51:11.789Z,1
finding-d19795d12e6207d2119fb57c,Finding,Thing,4 - Dardashti Soroush Salehian (0001850148) (Reporting),,record-update | money-contracts,machine-classified,2026-07-11T10:15:45.417Z,2026-07-11T12:51:11.789Z,1
finding-d64bacebc4e38bad65fdf635,Finding,Thing,4 - Daubaras Darcy (0002122176) (Reporting),,record-update | money-contracts,machine-classified,2026-07-11T10:15:45.417Z,2026-07-11T12:51:11.789Z,1
finding-e27150e81a31498a42e31ee2,Finding,Thing,"4 - Evommune, Inc. (0002044725) (Issuer)",,record-update | money-contracts,machine-classified,2026-07-11T10:15:45.417Z,2026-07-11T12:51:11.789Z,1
finding-1fc0b635ff3a51cf5aa0fa01,Finding,Thing,4 - HANNAH ALISON L. (0001645600) (Reporting),,record-update | money-contracts,machine-classified,2026-07-11T10:15:45.417Z,2026-07-11T12:51:11.789Z,1
finding-34e4026eb0f3944f6552b835,Finding,Thing,4 - HARARI ELIYAHOU ET AL (0001009165) (Reporting),,record-update | money-contracts,machine-classified,2026-07-11T10:15:45.417Z,2026-07-11T12:51:11.789Z,1
finding-1ea7bb7a62240e86a0975044,Finding,Thing,4 - HENDERSON MICHAEL THOMAS (0001779990) (Reporting),,record-update | money-contracts,machine-classified,2026-07-11T10:15:45.417Z,2026-07-11T12:51:11.789Z,1
finding-ae372a8cb7a883567f626614,Finding,Thing,4 - HIVE Digital Technologies Ltd. (0001720424) (Issuer),,record-update | money-contracts,machine-classified,2026-07-11T10:15:45.417Z,2026-07-11T12:51:11.789Z,1
finding-cefd7cbcd4a98e9aff0f56cf,Finding,Thing,4 - HIVE Digital Technologies Ltd. (0001720424) (Issuer),,record-update | money-contracts,machine-classified,2026-07-11T10:15:45.417Z,2026-07-11T12:51:11.789Z,1
finding-b4f55419591f8b3ec1df520b,Finding,Thing,"4 - Janux Therapeutics, Inc. (0001817713) (Issuer)",,record-update | money-contracts,machine-classified,2026-07-11T10:15:45.417Z,2026-07-11T12:51:11.789Z,1
finding-32572fd8b2e92da7640e3aec,Finding,Thing,4 - Lionsgate Studios Corp. (0002052959) (Issuer),,record-update | money-contracts,machine-classified,2026-07-11T10:15:45.417Z,2026-07-11T12:51:11.789Z,1
finding-59440b4b6cc529687a64d545,Finding,Thing,4 - MCGEE SUSAN B (0001251825) (Reporting),,record-update | money-contracts,machine-classified,2026-07-11T10:15:45.417Z,2026-07-11T12:51:11.789Z,1
finding-ba8f3bafaa726d0382370385,Finding,Thing,"4 - Navan, Inc. (0001639723) (Issuer)",,record-update | money-contracts,machine-classified,2026-07-11T10:15:45.417Z,2026-07-11T12:51:11.789Z,1
finding-e499d980f62009e499c22728,Finding,Thing,4 - RACHESKY MARK H MD (0001194368) (Reporting),,record-update | money-contracts,machine-classified,2026-07-11T10:15:45.417Z,2026-07-11T12:51:11.789Z,1
finding-c95aef9e46b52ec84e16e635,Finding,Thing,4 - Rezk Mina (0001850177) (Reporting),,record-update | money-contracts,machine-classified,2026-07-11T10:15:45.417Z,2026-07-11T12:51:11.789Z,1
finding-e2905c0f54ffa868944f4a88,Finding,Thing,4 - RIGEL PHARMACEUTICALS INC (0001034842) (Issuer),,record-update | money-contracts,machine-classified,2026-07-11T10:15:45.417Z,2026-07-11T12:51:11.789Z,1
finding-5f47e14394b68d83d0a7191b,Finding,Thing,4 - Sinha Saurabh (0001849806) (Reporting),,record-update | money-contracts,machine-classified,2026-07-11T10:15:45.417Z,2026-07-11T12:51:11.789Z,1
finding-911293eb2730f17b2647aa2b,Finding,Thing,"4 - ZEEV OPPORTUNITY FUND I, L.P. (0001861359) (Reporting)",,record-update | money-contracts,machine-classified,2026-07-11T10:15:45.417Z,2026-07-11T12:51:11.789Z,1
finding-ff3f58e21c1102743fa06722,Finding,Thing,4 - ZEEV OREN (0001259603) (Reporting),,record-update | money-contracts,machine-classified,2026-07-11T10:15:45.417Z,2026-07-11T12:51:11.789Z,1
finding-677c432e6454f2e13ee87ccc,Finding,Thing,"4 - ZEEV VENTURES II-A, L.P. (0001665418) (Reporting)",,record-update | money-contracts,machine-classified,2026-07-11T10:15:45.417Z,2026-07-11T12:51:11.789Z,1
finding-298e9e87f5417f0c024e390c,Finding,Thing,"4 - ZEEV VENTURES II, L.P. (0001648710) (Reporting)",,record-update | money-contracts,machine-classified,2026-07-11T10:15:45.417Z,2026-07-11T12:51:11.789Z,1
finding-b95850f62d248c593b948864,Finding,Thing,"4 - ZEEV VENTURES III, L.P. (0001709195) (Reporting)",,record-update | money-contracts,machine-classified,2026-07-11T10:15:45.417Z,2026-07-11T12:51:11.789Z,1
finding-91e1274311a70a5c04830917,Finding,Thing,"4 - Zeev Ventures IV, L.P. (0001742455) (Reporting)",,record-update | money-contracts,machine-classified,2026-07-11T10:15:45.417Z,2026-07-11T12:51:11.789Z,1
finding-bbb7e088febd82bee63a6794,Finding,Thing,"4 - ZEEV VENTURES V, L.P. (0001776719) (Reporting)",,record-update | money-contracts,machine-classified,2026-07-11T10:15:45.417Z,2026-07-11T12:51:11.789Z,1
finding-730c2dba082e0d2b8d708c77,Finding,Thing,"4 - ZEEV VENTURES VI, L.P. (0001796803) (Reporting)",,record-update | money-contracts,machine-classified,2026-07-11T10:15:45.417Z,2026-07-11T12:51:11.789Z,1
finding-8104a70e7a3050c50df76b4f,Finding,Thing,"4 - ZEEV VENTURES VII, L.P. (0001832367) (Reporting)",,record-update | money-contracts,machine-classified,2026-07-11T10:15:45.417Z,2026-07-11T12:51:11.789Z,1
finding-aab2511729587ed369faf67f,Finding,Thing,"4 - ZEEV VENTURES VIII, L.P. (0001878390) (Reporting)",,record-update | money-contracts,machine-classified,2026-07-11T10:15:45.417Z,2026-07-11T12:51:11.789Z,1
finding-a9fb8425f321f16b8fbbcf8e,Finding,Thing,"4/A - Cellectar Biosciences, Inc. (0001279704) (Issuer)",,record-update | money-contracts,machine-classified,2026-07-11T10:15:45.417Z,2026-07-11T12:51:11.789Z,1
finding-5f129d86ed52475d51c5811b,Finding,Thing,4/A - Loren Stefan (0001441500) (Reporting),,record-update | money-contracts,machine-classified,2026-07-11T10:15:45.417Z,2026-07-11T12:51:11.789Z,1
finding-e02714039b1b3d31115ad625,Finding,Thing,ACCENTURE FEDERAL SERVICES LLC — Department of Education,,record-update | money-contracts,machine-classified,2026-07-11T10:15:45.417Z,2026-07-11T12:51:11.789Z,1
finding-888284cce2ab2bca9a3dba3f,Finding,Thing,ACCENTURE FEDERAL SERVICES LLC — Department of Energy,,record-update | money-contracts,machine-classified,2026-07-11T10:15:45.417Z,2026-07-11T12:51:11.789Z,1
finding-4fbc62e65352bde8e5139257,Finding,Thing,Additional Sanctions Lists,,official-enforcement | international-corruption,machine-classified,2026-07-11T10:15:45.417Z,2026-07-11T12:51:11.789Z,1
finding-4c740da64792aad6ca01c233,Finding,Thing,Administrative False Claims and Procedures,,wrongdoing-lead | oversight-audit,machine-classified,2026-07-11T10:15:45.417Z,2026-07-11T12:51:11.789Z,1
finding-b91b77270a2f7be8683efd70,Finding,Thing,ADVANTAGE LEASING ASSOCIATES LLC — Environmental Protection Agency,,record-update | money-contracts,machine-classified,2026-07-11T10:15:45.417Z,2026-07-11T12:51:11.789Z,1
finding-7ed43ab268df47465af3cf15,Finding,Thing,Agency Forms Undergoing Paperwork Reduction Act Review,,record-update | oversight-audit,machine-classified,2026-07-11T10:15:45.417Z,2026-07-11T12:51:11.789Z,1
finding-7bba3ce6674e4c028b78eb63,Finding,Thing,Agency Information Collection Activities; Comment Request on Forms 3520 and 3520-A,,record-update | oversight-audit,machine-classified,2026-07-11T10:15:45.417Z,2026-07-11T12:51:11.789Z,1
finding-bf283547c6adf0f566617d3a,Finding,Thing,Agency Information Collection Activities; Comment Request on Revenue Procedure 2014-49,,record-update | oversight-audit,machine-classified,2026-07-11T10:15:45.417Z,2026-07-11T12:51:11.789Z,1
finding-6a31b950764d81706c629d13,Finding,Thing,"Agency Information Collection Activities; Comment Request on U.S. Information Returns and Related Forms, Schedules, Attachments, and Published Guidance",,record-update | oversight-audit,machine-classified,2026-07-11T10:15:45.417Z,2026-07-11T12:51:11.789Z,1
finding-c4ee564de0e039915acf5e26,Finding,Thing,Agency Information Collection Activities; Comment Request; Public Service Loan Forgiveness (PSLF) & Temporary Expanded PSLF (TEPSLF) Certification and Application,,record-update | oversight-audit,machine-classified,2026-07-11T10:15:45.417Z,2026-07-11T12:51:11.789Z,1
finding-8eae805e5a38b92034b24d0c,Finding,Thing,Agency Information Collection Activities; Proposed Collection; Comment Request; Extension,,record-update | oversight-audit,machine-classified,2026-07-11T10:15:45.417Z,2026-07-11T12:51:11.789Z,1
finding-7da3e4012504bb3173d56310,Finding,Thing,Agency Information Collection Activities; Proposed Collection; Comment Request; Extension,,official-enforcement | oversight-audit,machine-classified,2026-07-11T10:15:45.417Z,2026-07-11T12:51:11.789Z,1
finding-33bbb8429ac7806e75e0e260,Finding,Thing,Agency Information Collection Activities; Proposed Collection; Comment Request; Extension: Form 15F,,record-update | oversight-audit,machine-classified,2026-07-11T10:15:45.417Z,2026-07-11T12:51:11.789Z,1
finding-0509388288a2d4d3d0437661,Finding,Thing,"Agency Information Collection Activities; Proposed Collection; Comment Request; Extension: Form 2-E, Report Pursuant to Rule 609 and Regulation E",,record-update | oversight-audit,machine-classified,2026-07-11T10:15:45.417Z,2026-07-11T12:51:11.789Z,1
finding-5d75befad6da80ef54bcc9fa,Finding,Thing,"Agency Information Collection Activities; Submission for OMB Review; Comment Request; Extension: Rule 30b1-10, Form N-RN",,record-update | oversight-audit,machine-classified,2026-07-11T10:15:45.417Z,2026-07-11T12:51:11.789Z,1
finding-f78e4714e4a35cbefcf810eb,Finding,Thing,Agency Information Collection Activities; Submission to the Office of Management and Budget for Review and Approval; Comment Request; Description of Today's TRIO Programs and Proposing Options for Future Outcome Evaluations,,record-update | oversight-audit,machine-classified,2026-07-11T10:15:45.417Z,2026-07-11T12:51:11.789Z,1
finding-70af1606a6e32cfecf96605c,Finding,Thing,Agency Information Collection Activities; Submission to the Office of Management and Budget for Review and Approval; Comment Request; Foreign Gifts and Contracts Disclosures,,record-update | oversight-audit,machine-classified,2026-07-11T10:15:45.417Z,2026-07-11T12:51:11.789Z,1
finding-e28b45a27fd076768d165e35,Finding,Thing,"Agency Information Collection Activities: Proposed Collection: Public Comment Request; Information Collection Request Title: Maternal and Child Health Bureau Performance Measures for Discretionary Grant Information System, OMB No. 0915-0298-Revision",,record-update | oversight-audit,machine-classified,2026-07-11T10:15:45.417Z,2026-07-11T12:51:11.789Z,1
finding-18a98843bb6c1abe9ddef38c,Finding,Thing,Agency Information Collection Activities: Requests for Comments; Clearance of Renewed Approval of Information Collection: Domestic and International Flight Plans,,record-update | oversight-audit,machine-classified,2026-07-11T10:15:45.417Z,2026-07-11T12:51:11.789Z,1
finding-5bfcd59d221e34d29a1a122b,Finding,Thing,Agency Information Collection Extension,,record-update | oversight-audit,machine-classified,2026-07-11T10:15:45.417Z,2026-07-11T12:51:11.789Z,1
finding-e97224f060ca3a2d473765cc,Finding,Thing,Airworthiness Directives; The Boeing Company Airplanes,,record-update | oversight-audit,machine-classified,2026-07-11T10:15:45.417Z,2026-07-11T12:51:11.789Z,1
finding-bcd3e2651586b44f296b1ef1,Finding,Thing,ALDEN LAW GROUP PLLC — United States Chemical Safety Board,,record-update | money-contracts,machine-classified,2026-07-11T10:15:45.417Z,2026-07-11T12:51:11.789Z,1
finding-06d57ac9c426b43aa36de519,Finding,Thing,"ALTEC INDUSTRIES, INC. — Department of Energy",,record-update | money-contracts,machine-classified,2026-07-11T10:15:45.417Z,2026-07-11T12:51:11.789Z,1
finding-8947f501a89ede7835d96792,Finding,Thing,"Amended Judgment - Spartan Trading Company, LLC",,record-update | government-enforcement,machine-classified,2026-07-11T10:15:45.417Z,2026-07-11T12:51:11.789Z,1
finding-81867268fe539fe4a1a928dc,Finding,Thing,"AMERICAN FENCE CO OF SIOUX CITY, INC — Department of Energy",,record-update | money-contracts,machine-classified,2026-07-11T10:15:45.417Z,2026-07-11T12:51:11.789Z,1
finding-f5819a590feeb685967290db,Finding,Thing,"ANACAPA MICRO PRODUCTS, INC. — Consumer Financial Protection Bureau",,record-update | money-contracts,machine-classified,2026-07-11T10:15:45.417Z,2026-07-11T12:51:11.789Z,1
finding-816524053f328bb094e49d9a,Finding,Thing,APPLIED ENTERPRISE MANAGEMENT CORPORATION — Department of Education,,record-update | money-contracts,machine-classified,2026-07-11T10:15:45.417Z,2026-07-11T12:51:11.789Z,1
finding-d3589cf045e6d530b37381a9,Finding,Thing,AT&T CORP. — Department of Defense,,record-update | money-contracts,machine-classified,2026-07-11T10:15:45.417Z,2026-07-11T12:51:11.789Z,1
finding-0fa0719ffda3f0e8adccffe5,Finding,Thing,AT&T CORP. — Department of Defense,,record-update | money-contracts,machine-classified,2026-07-11T10:15:45.417Z,2026-07-11T12:51:11.789Z,1
finding-45f8bf051ace1af0359d376a,Finding,Thing,"AT&T ENTERPRISES, LLC — Department of Education",,record-update | money-contracts,machine-classified,2026-07-11T10:15:45.417Z,2026-07-11T12:51:11.789Z,1
finding-8479ea212cb74cf733b32982,Finding,Thing,ATT MOBILITY LLC — Department of Defense,,record-update | money-contracts,machine-classified,2026-07-11T10:15:45.417Z,2026-07-11T12:51:11.789Z,1
finding-e73b6048f1dd4f5716928e81,Finding,Thing,ATT MOBILITY LLC — Department of Defense,,record-update | money-contracts,machine-classified,2026-07-11T10:15:45.417Z,2026-07-11T12:51:11.789Z,1
finding-ec7e00713fa1c00bebcab5b8,Finding,Thing,ATT MOBILITY LLC — Department of Defense,,record-update | money-contracts,machine-classified,2026-07-11T10:15:45.417Z,2026-07-11T12:51:11.789Z,1
finding-0963fd6bbdd8156917a0ccf3,Finding,Thing,ATT MOBILITY LLC — Department of Defense,,record-update | money-contracts,machine-classified,2026-07-11T10:15:45.417Z,2026-07-11T12:51:11.789Z,1
finding-13b087ab8a71105736b6edcb,Finding,Thing,ATT MOBILITY LLC — Department of Defense,,record-update | money-contracts,machine-classified,2026-07-11T10:15:45.417Z,2026-07-11T12:51:11.789Z,1
finding-889527d73fe3b84f7154851e,Finding,Thing,ATTAINX INC. — Department of Energy,,record-update | money-contracts,machine-classified,2026-07-11T10:15:45.417Z,2026-07-11T12:51:11.789Z,1
finding-cbe37998b4486fdf1f877814,Finding,Thing,Attorney Review Protocol for Epstein Files,,document-release | epstein-disclosure,machine-classified,2026-07-11T10:15:45.417Z,2026-07-11T12:51:11.789Z,1
finding-8b1fb687716942f38d1f5698,Finding,Thing,"Audit of the Broward Sheriff&#039;s Office Equitable Sharing Program Activities, Broward County, Florida",,official-audit-finding | oversight-audit,machine-classified,2026-07-11T10:15:45.417Z,2026-07-11T12:51:11.789Z,1
finding-24320a02f214ed14e90559e9,Finding,Thing,Audit of the Department of Justice&#039;s Information System Inventory Management,,official-audit-finding | oversight-audit,machine-classified,2026-07-11T10:15:45.417Z,2026-07-11T12:51:11.789Z,1
finding-9c5d605a945dd4ee64d0704d,Finding,Thing,Audit of the Drug Enforcement Administration’s Registration Process for Medical Practitioners,,official-audit-finding | oversight-audit,machine-classified,2026-07-11T10:15:45.417Z,2026-07-11T12:51:11.789Z,1
finding-15dffef48a581fade619e3f3,Finding,Thing,"Audit of the Office of Community Oriented Policing Services Technology and Equipment Program Grant Awarded to Ramsey County, Ramsey County, Minnesota",,official-audit-finding | oversight-audit,machine-classified,2026-07-11T10:15:45.417Z,2026-07-11T12:51:11.789Z,1
finding-c79dfedc829c895d2877ff01,Finding,Thing,"Audit of the Office of Justice Programs Bureau of Justice Assistance Students, Teachers, and Officers Preventing School Violence Act Grant Awarded to the University of Alabama, Tuscaloosa, Alabama",,official-audit-finding | oversight-audit,machine-classified,2026-07-11T10:15:45.417Z,2026-07-11T12:51:11.789Z,1
finding-fc5ac22f918f609e4dadff7e,Finding,Thing,"Audit of the Office of Justice Programs Victim Assistance Funds Subawarded by the Delaware Criminal Justice Council to the YWCA Delaware, Inc. Wilmington, Delaware",,official-audit-finding | oversight-audit,machine-classified,2026-07-11T10:15:45.417Z,2026-07-11T12:51:11.789Z,1
finding-b1b23ce406d595f69cad6128,Finding,Thing,"Audit of the Office of Justice Programs Victim Assistance Grants Awarded to the Executive Office of the State of Kansas Governor&#039;s Grants Program, Topeka, Kansas",,official-audit-finding | oversight-audit,machine-classified,2026-07-11T10:15:45.417Z,2026-07-11T12:51:11.789Z,1
finding-e117d09ac91faef52b92faae,Finding,Thing,Audit of the U.S. Department of Justice&#039;s Fiscal Year 2025 Compliance with the Payment Integrity Information Act of 2019 Reporting Requirements,,official-audit-finding | oversight-audit,machine-classified,2026-07-11T10:15:45.417Z,2026-07-11T12:51:11.789Z,1
finding-788d34968a553c21b453392e,Finding,Thing,"Audit of the Utilization of the Office on Violence Against Women&#039;s STOP (Services, Training, Officers, and Prosecutors) Violence Against Women and Sexual Assault Services Formula Grant Programs",,official-audit-finding | oversight-audit,machine-classified,2026-07-11T10:15:45.417Z,2026-07-11T12:51:11.789Z,1
finding-911d6aa330f80279bdb3c4d5,Finding,Thing,"AUGUST SCHELL ENTERPRISES, INC. — Commodity Futures Trading Commission",,record-update | money-contracts,machine-classified,2026-07-11T10:15:45.417Z,2026-07-11T12:51:11.789Z,1
finding-9cff3a78e446e894fb1463e2,Finding,Thing,AUTONOMIC INTEGRA LLC — Department of Energy,,record-update | money-contracts,machine-classified,2026-07-11T10:15:45.417Z,2026-07-11T12:51:11.789Z,1
finding-89204c8c9231ff1dfba6aca9,Finding,Thing,BAE SYSTEMS SPACE & MISSION SYSTEMS INC. — National Aeronautics and Space Administration,,record-update | money-contracts,machine-classified,2026-07-11T10:15:45.417Z,2026-07-11T12:51:11.789Z,1
finding-de9879583e3b80a5347773e8,Finding,Thing,BAHFED CORP — Department of Energy,,record-update | money-contracts,machine-classified,2026-07-11T10:15:45.417Z,2026-07-11T12:51:11.789Z,1
finding-addc61adad5aa09acfd38c78,Finding,Thing,BATTELLE MEMORIAL INSTITUTE — Department of Energy,,record-update | money-contracts,machine-classified,2026-07-11T10:15:45.417Z,2026-07-11T12:51:11.789Z,1
finding-a6817dde76af3b762ac84be1,Finding,Thing,Biden Family Investigation,,document-release | oversight-audit,machine-classified,2026-07-11T10:15:45.417Z,2026-07-11T12:51:11.789Z,1
finding-72decf998cf1a5ff4b6d5a9b,Finding,Thing,BLUE TECH INC. — Department of Education,,record-update | money-contracts,machine-classified,2026-07-11T10:15:45.417Z,2026-07-11T12:51:11.789Z,1
finding-a04b34c9045c55bca6ddfe34,Finding,Thing,BOOZ ALLEN HAMILTON INC — Department of Energy,,record-update | money-contracts,machine-classified,2026-07-11T10:15:45.417Z,2026-07-11T12:51:11.789Z,1
finding-a686c1895495c9d09960946f,Finding,Thing,BOP Video Footage,,record-update | epstein-disclosure,machine-classified,2026-07-11T10:15:45.417Z,2026-07-11T12:51:11.789Z,1
finding-f71442bccefdb117a7ffd354,Finding,Thing,Bulgaria: EPPO detains eight suspects over €900 000 subsidy fraud involving employment benefits,,wrongdoing-lead | international-corruption,machine-classified,2026-07-11T10:20:29.613Z,2026-07-11T12:51:11.789Z,1
finding-2b2086a091b47374e32e041d,Finding,Thing,"BYER, MARILYN — Department of Energy",,record-update | money-contracts,machine-classified,2026-07-11T10:15:45.417Z,2026-07-11T12:51:11.789Z,1
finding-7a60937558fedb552a156d6c,Finding,Thing,"CA Florida Holdings, LLC, Publisher of the Palm Beach Post v. Aronberg , No. 50-2019-CA-014681-XXXX-MB (Fla. 15th Cir. Ct. 2019)",,record-update | epstein-disclosure,machine-classified,2026-07-11T10:15:45.417Z,2026-07-11T12:51:11.789Z,1
finding-4a494f48e9bba61b49dd6917,Finding,Thing,CARAHSOFT TECHNOLOGY CORP — Department of Education,,record-update | money-contracts,machine-classified,2026-07-11T10:15:45.417Z,2026-07-11T12:51:11.789Z,1
finding-1927bc7b32c1263474b4949f,Finding,Thing,CARAHSOFT TECHNOLOGY CORP — District of Columbia Courts,,record-update | money-contracts,machine-classified,2026-07-11T10:15:45.417Z,2026-07-11T12:51:11.789Z,1
finding-e8f82512ea94077d82a25012,Finding,Thing,CARAHSOFT TECHNOLOGY CORP — National Transportation Safety Board,,record-update | money-contracts,machine-classified,2026-07-11T10:15:45.417Z,2026-07-11T12:51:11.789Z,1
finding-2272b4c994010ebbbcedefd9,Finding,Thing,"Carbon and Alloy Steel Threaded Rod From India: Preliminary Results and Rescission, in Part, of Antidumping Duty Administrative Review; 2024-2025",,record-update | oversight-audit,machine-classified,2026-07-11T10:15:45.417Z,2026-07-11T12:51:11.789Z,1
finding-615cf97d645b98fa8b8ffe9a,Finding,Thing,"Carbon and Alloy Steel Threaded Rod From India: Preliminary Results and Rescission, in Part, of Countervailing Duty Administrative Review; 2024",,record-update | oversight-audit,machine-classified,2026-07-11T10:15:45.417Z,2026-07-11T12:51:11.789Z,1
finding-7bbd01120c4b2514a7d7a7c3,Finding,Thing,Center For Scientific Review; Notice of Closed Meeting,,record-update | oversight-audit,machine-classified,2026-07-11T10:15:45.417Z,2026-07-11T12:51:11.789Z,1
finding-d06aa1788dc71c25ccb64b42,Finding,Thing,Center for Scientific Review; Notice of Closed Meetings,,record-update | oversight-audit,machine-classified,2026-07-11T10:15:45.417Z,2026-07-11T12:51:11.789Z,1
finding-3318d5495e3e22b61c98069c,Finding,Thing,Center for Scientific Review; Notice of Closed Meetings,,record-update | oversight-audit,machine-classified,2026-07-11T10:15:45.417Z,2026-07-11T12:51:11.789Z,1
finding-c9fd74c4a15e63931f1e9d31,Finding,Thing,Center for Scientific Review; Notice of Closed Meetings,,record-update | oversight-audit,machine-classified,2026-07-11T10:15:45.417Z,2026-07-11T12:51:11.789Z,1
finding-65df2ade023ee66a216e67ab,Finding,Thing,"Certain Activated Carbon From the People's Republic of China: Preliminary Results and Rescission, in Part, of Antidumping Duty Administrative Review; 2024-2025",,record-update | oversight-audit,machine-classified,2026-07-11T10:15:45.417Z,2026-07-11T12:51:11.789Z,1
finding-4d08a2ada41965268b20ed46,Finding,Thing,Certain Aluminum Foil From the People's Republic of China: Preliminary Results of Antidumping Duty Administrative Review; 2024-2025,,record-update | oversight-audit,machine-classified,2026-07-11T10:15:45.417Z,2026-07-11T12:51:11.789Z,1
finding-5871c7a05542c65b3b6f65e0,Finding,Thing,Certain Cold-Rolled Steel Flat Products From the Republic of Korea: Final Results of Antidumping Duty Administrative Review; 2023-2024,,record-update | oversight-audit,machine-classified,2026-07-11T10:15:45.417Z,2026-07-11T12:51:11.789Z,1
finding-71c6484ecec58843982b66ba,Finding,Thing,Certain Corrosion-Resistant Steel Products From the Republic of Korea: Final Results of Countervailing Duty Administrative Review; 2023,,record-update | oversight-audit,machine-classified,2026-07-11T10:15:45.417Z,2026-07-11T12:51:11.789Z,1
finding-7490638aa0244d32b9c46927,Finding,Thing,"Certain Electronic Eyewear Products, Components Thereof, and Related Charging Apparatuses (II); Notice of a Commission Determination To Issue Remedial Orders Against the Defaulting Respondent; Termination of Investigation",,record-update | oversight-audit,machine-classified,2026-07-11T10:15:45.417Z,2026-07-11T12:51:11.789Z,1
finding-fbe62155f2122548101fe9f0,Finding,Thing,Certain Pre-Stretched Synthetic Braiding Hair and Packaging Therefor; Notice of Commission Determination Not To Review an Initial Determination Terminating the Enforcement Proceeding Based on Withdrawal of the Enforcement Complaint; Termination of the Enforcement Proceeding,,record-update | oversight-audit,machine-classified,2026-07-11T10:15:45.417Z,2026-07-11T12:51:11.789Z,1
finding-4874f97c8ccbd2378c2b7264,Finding,Thing,CERUS CORPORATION — Department of Health and Human Services,,record-update | money-contracts,machine-classified,2026-07-11T10:15:45.417Z,2026-07-11T12:51:11.789Z,1
finding-0e08f9e9a801438956378956,Finding,Thing,COLOSSAL CONTRACTING LLC — Department of Energy,,record-update | money-contracts,machine-classified,2026-07-11T10:15:45.417Z,2026-07-11T12:51:11.789Z,1
finding-e163df47e5027c39764e4e97,Finding,Thing,Combined Notice of Filings,,record-update | oversight-audit,machine-classified,2026-07-11T10:15:45.417Z,2026-07-11T12:51:11.789Z,1
finding-2fa15e28bf1b4f3306603d09,Finding,Thing,Combined Notice of Filings #1,,record-update | oversight-audit,machine-classified,2026-07-11T10:15:45.417Z,2026-07-11T12:51:11.789Z,1
finding-fea132b97462e80957699ca2,Finding,Thing,Commercial Customs Operations Advisory Committee,,record-update | oversight-audit,machine-classified,2026-07-11T10:15:45.417Z,2026-07-11T12:51:11.789Z,1
finding-b366acffac66d5799cabb29e,Finding,Thing,Commission Information Collection Activities (Ferc-521); Comment Request; Extension,,record-update | oversight-audit,machine-classified,2026-07-11T10:15:45.417Z,2026-07-11T12:51:11.789Z,1
finding-41338a1858b9f0ba5e65f3a4,Finding,Thing,Commission’s Status Report Regarding Final Judgment Against Defendant Rajesh Taneja,,established-wrongdoing | government-enforcement,machine-classified,2026-07-11T10:15:45.417Z,2026-07-11T12:51:11.789Z,1
finding-ae89818884ca90fbeb7966c7,Finding,Thing,Committee Activity,,document-release | oversight-audit,machine-classified,2026-07-11T10:15:45.417Z,2026-07-11T12:51:11.789Z,1
finding-2d8fafb733d3d4584b2c19ac,Finding,Thing,Common Alloy Aluminum Sheet From Bahrain: Preliminary Results of Countervailing Duty Administrative Review; 2024,,record-update | oversight-audit,machine-classified,2026-07-11T10:15:45.417Z,2026-07-11T12:51:11.789Z,1
finding-bc9883db1469a0da18e34135,Finding,Thing,Common Alloy Aluminum Sheet From the Kingdom of Bahrain: Preliminary Results of Antidumping Duty Administrative Review; 2024-2025,,record-update | oversight-audit,machine-classified,2026-07-11T10:15:45.417Z,2026-07-11T12:51:11.789Z,1
finding-78606a8503c6866a50c5d23b,Finding,Thing,Common Alloy Aluminum Sheet From the Republic of Türkiye: Preliminary Results of Countervailing Duty Administrative Review; 2024,,record-update | oversight-audit,machine-classified,2026-07-11T10:15:45.417Z,2026-07-11T12:51:11.789Z,1
finding-c70f05bda21615ed2ded28a6,Finding,Thing,Common Alloy Aluminum Sheet From the Republic of Türkiye: Preliminary Results of the Antidumping Duty Administrative Review; 2024-2025,,record-update | oversight-audit,machine-classified,2026-07-11T10:15:45.417Z,2026-07-11T12:51:11.789Z,1
finding-f41e966100b29dee3d0b5859,Finding,Thing,Complaints procedure,,wrongdoing-lead | international-corruption,machine-classified,2026-07-11T10:20:29.613Z,2026-07-11T12:51:11.789Z,1
finding-319f28e79bc93664e1bb5f64,Finding,Thing,Complete List of Sanctions Programs and Country Information,,official-enforcement | international-corruption,machine-classified,2026-07-11T10:15:45.417Z,2026-07-11T12:51:11.789Z,1
finding-85457c16f47de2b6ce23ced0,Finding,Thing,"CONCUR TECHNOLOGIES, INC. — Department of Veterans Affairs",,record-update | money-contracts,machine-classified,2026-07-11T10:15:45.417Z,2026-07-11T12:51:11.789Z,1
finding-59b3bba3b9d3f139ac7cf70b,Finding,Thing,Consent Motion for Entry of Final Judgment,,established-wrongdoing | government-enforcement,machine-classified,2026-07-11T10:15:45.417Z,2026-07-11T12:51:11.789Z,1
finding-b6686e1a92c6c321224f2ba6,Finding,Thing,Consent Motion for Final Judgments,,record-update | government-enforcement,machine-classified,2026-07-11T10:15:45.417Z,2026-07-11T12:51:11.789Z,1
finding-b2cb16391dbfb1e40f62a083,Finding,Thing,Consent of and Final Judgment as to Gautam Adani,,established-wrongdoing | government-enforcement,machine-classified,2026-07-11T10:15:45.417Z,2026-07-11T12:51:11.789Z,1
finding-0d1a208466ca961f87bdbe14,Finding,Thing,Consent of and Final Judgment as to Sagar Adani,,established-wrongdoing | government-enforcement,machine-classified,2026-07-11T10:15:45.417Z,2026-07-11T12:51:11.789Z,1
finding-d88f72066e8094857c6daa09,Finding,Thing,Consolidated Sanctions List (Non-SDN Lists),,official-enforcement | international-corruption,machine-classified,2026-07-11T10:15:45.417Z,2026-07-11T12:51:11.789Z,1
finding-879790ee064135422e5d0c65,Finding,Thing,Consolidated Sanctions List (Non-SDN Lists),,official-enforcement | international-corruption,machine-classified,2026-07-11T10:15:45.417Z,2026-07-11T12:51:11.789Z,1
finding-1de434047ff4e142882cb5bf,Finding,Thing,Counter Narcotics Designations; Russia-related Designations Removals; Publication of Report for Licensing Activities Undertaken Pursuant to the Trade Sanctions Reform and Export Enhancement Act (TSRA),,official-enforcement | international-corruption,machine-classified,2026-07-11T10:15:45.417Z,2026-07-11T12:51:11.789Z,1
finding-6296d1b6c665d1cf9c8e2094,Finding,Thing,Counter Narcotics Sanctions,,official-enforcement | international-corruption,machine-classified,2026-07-11T10:15:45.417Z,2026-07-11T12:51:11.789Z,1
finding-9e059c64ab03f9499cfe4d3b,Finding,Thing,Criminal and Civil Cases,,record-update | oversight-audit,machine-classified,2026-07-11T10:15:45.417Z,2026-07-11T12:51:11.789Z,1
finding-96b05c92e631496231657f3b,Finding,Thing,Croatia: First verdict in corruption and EU funds misuse case involving Ministry of Culture and Faculty of Geodesy,,wrongdoing-lead | international-corruption,machine-classified,2026-07-11T10:20:29.613Z,2026-07-11T12:51:11.789Z,1
finding-c24f84e32e96017634420212,Finding,Thing,"CROWN INNOVATIONS, INC. — Department of Energy",,record-update | money-contracts,machine-classified,2026-07-11T10:15:45.417Z,2026-07-11T12:51:11.789Z,1
finding-76142a57170810b52ba84460,Finding,Thing,Cuba Sanctions,,official-enforcement | international-corruption,machine-classified,2026-07-11T10:15:45.417Z,2026-07-11T12:51:11.789Z,1
finding-588b42193598f17468bcba5d,Finding,Thing,"Custom Search AKP Email Archive The AKP, or the Justice & Development Party, is the ruling party of Turkey and is the political force behind the country's president, Recep Tayyip Erdoğan. Part one of the series covers 762 mail boxes beginning with... 19 July 2016",,leak-or-document-lead | declassified-leaks,machine-classified,2026-07-11T10:15:45.417Z,2026-07-11T12:51:11.789Z,1
finding-787889fca3597926343c3ca7,Finding,Thing,"Custom Search Bank Julius Baer Documents Several hundred documents from a Swiss banking whistleblower purportedly showing offshore tax evasion and money laundering by extremely wealthy and in some cases, politically sensitive, clients from the US, Europe,... 25 November 2008",,leak-or-document-lead | declassified-leaks,machine-classified,2026-07-11T10:15:45.417Z,2026-07-11T12:51:11.789Z,1
finding-6bbfd9cb4ba09311c28081e0,Finding,Thing,Custom Search Brennan Emails A collection of documents retrieved from CIA Director John Brennan's non-government email account. Brennan used the account occasionally for intelligence related projects. 21 October 2015,,leak-or-document-lead | declassified-leaks,machine-classified,2026-07-11T10:15:45.417Z,2026-07-11T12:51:11.789Z,1
finding-a5be1f359c774cec28d4f695,Finding,Thing,Custom Search CIA Series Two classified documents by a previously undisclosed CIA office detailing how to maintain cover while traveling through airports using false IDs. 21 December 2014,,leak-or-document-lead | declassified-leaks,machine-classified,2026-07-11T10:15:45.417Z,2026-07-11T12:51:11.789Z,1
finding-b7a93a6cd63a6b0dd30cb633,Finding,Thing,Custom Search Detainee Policies More than 100 classified or otherwise restricted files from the United States Department of Defense covering the rules and procedures for detainees in U.S. military custody. 03 December 2012,,leak-or-document-lead | declassified-leaks,machine-classified,2026-07-11T10:15:45.417Z,2026-07-11T12:51:11.789Z,1
finding-a32d2df93cd3181aa3afa538,Finding,Thing,"Custom Search DNC Email Archive This releases contains 19,252 emails and 8,034 attachments from the top of the US Democratic National Committee (DNC) and is part of our Hillary Leaks series. The leaks come from the accounts of seven key figures in... 22 July 2016",,leak-or-document-lead | declassified-leaks,machine-classified,2026-07-11T10:15:45.417Z,2026-07-11T12:51:11.789Z,1
finding-b66370c902eb0dc3bf67ff24,Finding,Thing,"Custom Search German BND-NSA Inquiry Exhibits Today, 1 December 2016, WikiLeaks releases 90 gigabytes of information relating to the German parliamentary inquiry into the surveillance activities of Germany's foreign intelligence agency Bundesnachrichtendienst... 01 December 2016",,leak-or-document-lead | declassified-leaks,machine-classified,2026-07-11T10:15:45.417Z,2026-07-11T12:51:11.789Z,1
finding-31d34a4d34e2740c27715d6b,Finding,Thing,"Custom Search Global Intelligence Files Over five million e-mails from the Texas headquartered ""global intelligence"" company Stratfor. The e-mails date between July 2004 and late December 2011. 27 February 2012",,leak-or-document-lead | declassified-leaks,machine-classified,2026-07-11T10:15:45.417Z,2026-07-11T12:51:11.789Z,1
finding-42e2c5058a7cedb71b14bb1e,Finding,Thing,"Custom Search Guantánamo Files In thousands of pages of documents dating from 2002 to 2008, the cases of the prisoners held at Guantánamo are described in detail in memoranda from the Joint Task Force at Guantánamo Bay to US Southern Command in... 25 April 2011",,leak-or-document-lead | declassified-leaks,machine-classified,2026-07-11T10:15:45.417Z,2026-07-11T12:51:11.789Z,1
finding-efb6032ad6e4de3959bffb0b,Finding,Thing,Custom Search Hacking Team Over 1 million searchable emails from the Italian surveillance malware vendor Hacking Team. These internal emails show the inner workings of the controversial global surveillance industry. 08 July 2015,,leak-or-document-lead | declassified-leaks,machine-classified,2026-07-11T10:15:45.417Z,2026-07-11T12:51:11.789Z,1
finding-ce5c7a230101a62c14ce43d3,Finding,Thing,Custom Search Hillary Clinton Email Archive A searchable archive for over 30 thousand emails & email attachments sent to and from Hillary Clinton's private email server while she was Secretary of State. *Updated* 04 March 2017,,leak-or-document-lead | declassified-leaks,machine-classified,2026-07-11T10:15:45.417Z,2026-07-11T12:51:11.789Z,1
finding-bcd74225adf67b8d3cc242a2,Finding,Thing,"Custom Search Macron Campaign Emails Today, Monday 31 July 2017, WikiLeaks publishes a searchable archive of 21,075 unique verified emails associated with the French presidential campaign of Emmanual Macron. 31 July 2017",,leak-or-document-lead | declassified-leaks,machine-classified,2026-07-11T10:15:45.417Z,2026-07-11T12:51:11.789Z,1
finding-62acacaa187dc4a71132806e,Finding,Thing,"Custom Search NSA World Spying A collection of NSA documents showing its surveillance operations in France, Germany, Brazil, and Japan. Spying targets include heads of state, foreign ministries, and major companies. 31 July 2015",,leak-or-document-lead | declassified-leaks,machine-classified,2026-07-11T10:15:45.417Z,2026-07-11T12:51:11.789Z,1
finding-ae8bec742bcfd76417dda139,Finding,Thing,Custom Search Saudi Cables Over half a million searchable cables and other documents from the Saudi Foreign Ministry including secret communications from various Saudi Embassies around the world. 26 November 2015,,leak-or-document-lead | declassified-leaks,machine-classified,2026-07-11T10:15:45.417Z,2026-07-11T12:51:11.789Z,1
finding-c0a82e5877b47efca0adeb06,Finding,Thing,"Custom Search Sony Files 30,287 documents from Sony Pictures Entertainment (SPE) and 173,132 emails to and from more than 2,200 SPE email addresses. 16 April 2015",,leak-or-document-lead | declassified-leaks,machine-classified,2026-07-11T10:15:45.417Z,2026-07-11T12:51:11.789Z,1
finding-80793ff7ba684f205f5461ef,Finding,Thing,"Custom Search Spy Files On Thursday, December 1st, 2011 WikiLeaks began publishing The Spy Files, thousands of pages and other materials exposing the global mass surveillance industry. 15 September 2014",,leak-or-document-lead | declassified-leaks,machine-classified,2026-07-11T10:15:45.417Z,2026-07-11T12:51:11.789Z,1
finding-610886d8639ec49338292fcc,Finding,Thing,"Custom Search Spy Files: Russia Today, September 19th 2017, WikiLeaks starts publishing the series ""Spy Files Russia"" with documents from the Russian company Петер-Сервис (PETER-SERVICE). 19 September 2017",,leak-or-document-lead | declassified-leaks,machine-classified,2026-07-11T10:15:45.417Z,2026-07-11T12:51:11.789Z,1
finding-06812013ec61a9fb44ea900f,Finding,Thing,"Custom Search Syria Files More than two million emails from Syrian political figures, ministries and associated companies, dating from August 2006 to March 2012. 05 July 2012",,leak-or-document-lead | declassified-leaks,machine-classified,2026-07-11T10:15:45.417Z,2026-07-11T12:51:11.789Z,1
finding-6d32dff83eeb53ecc561a89d,Finding,Thing,Custom Search The New Dirty War for Africa's uranium and mineral rights A collection of documents that open up a corrupt multi-billion dollar war by Western and Chinese companies grab uranium and other mining rights in the Central African Republic (CAR) and escape paying for the…,,leak-or-document-lead | declassified-leaks,machine-classified,2026-07-11T10:15:45.417Z,2026-07-11T12:51:11.789Z,1
finding-0d5836b3b90c293c42fe3148,Finding,Thing,"Custom Search Trade in Services Agreement Secret documents relating to the secret Trade in Services Agreement, the largest 'trade deal' in history. TiSA is being negotiated by the US, EU and 22 other countries that account for two-thirds of global GDP. 14 October 2016",,leak-or-document-lead | declassified-leaks,machine-classified,2026-07-11T10:15:45.417Z,2026-07-11T12:51:11.789Z,1
finding-0a694c0826e842b2877fcc2c,Finding,Thing,Custom Search Trans-Pacific Partnership Agreement Documents relating to the Trans-Pacific Partnership Agreement during its negotiation period. The TPP encompasses 12 nations and over 40 percent of global GDP. 16 November 2015,,leak-or-document-lead | declassified-leaks,machine-classified,2026-07-11T10:15:45.417Z,2026-07-11T12:51:11.789Z,1
finding-1914793c3f4198f7e2fb5cef,Finding,Thing,"Custom Search Vault 7: Angelfire Today, August 31st 2017, WikiLeaks publishes documents from the Angelfire project of the CIA, a persistent framework used to infect Microsoft Windows systems. 31 August 2017",,leak-or-document-lead | declassified-leaks,machine-classified,2026-07-11T10:15:45.417Z,2026-07-11T12:51:11.789Z,1
finding-4d440ce89e07b82c7f53e61b,Finding,Thing,"Custom Search Vault 7: Athena Today, May 19th 2017, WikiLeaks publishes documents from the ""Athena"" project - remote beacon and loader capabilities on target computers running Microsoft Windows 19 May 2017",,leak-or-document-lead | declassified-leaks,machine-classified,2026-07-11T10:15:45.417Z,2026-07-11T12:51:11.789Z,1
finding-90ed3341a5bc2039ae96a1bc,Finding,Thing,"Custom Search Vault 7: BothanSpy Today, July 6th, WikiLeaks publishes documents from the BothanSpy and Gyrfalcon projects of the CIA, designed to intercept and exfiltrate SSH credentials. 06 July 2017",,leak-or-document-lead | declassified-leaks,machine-classified,2026-07-11T10:15:45.417Z,2026-07-11T12:51:11.789Z,1
finding-be3f515bda40afdb2c3fcd3c,Finding,Thing,"Custom Search Vault 7: Brutal Kangaroo Today, June 22nd 2017, WikiLeaks publishes documents from the CIA project Brutal Kangaroo, that targets closed networks by air gap jumping using thumbdrives. 22 June 2017",,leak-or-document-lead | declassified-leaks,machine-classified,2026-07-11T10:15:45.417Z,2026-07-11T12:51:11.789Z,1
finding-87662194ba4a8529860adceb,Finding,Thing,"Custom Search Vault 7: Cherry Blossom Today, June 15th 2017, WikiLeaks publishes documents from the CherryBlossom, a means of monitoring the Internet activity of and performing software exploits on Targets of interest. 15 June 2017",,leak-or-document-lead | declassified-leaks,machine-classified,2026-07-11T10:15:45.417Z,2026-07-11T12:51:11.789Z,1
finding-d74135099a3c51ad034adc4d,Finding,Thing,"Custom Search Vault 7: CIA Hacking Tools Revealed A series of leaks on the U.S. Central Intelligence Agency. Code-named ""Vault 7"" by WikiLeaks, it is the largest ever publication of confidential documents on the agency. 07 March 2017",,leak-or-document-lead | declassified-leaks,machine-classified,2026-07-11T10:15:45.417Z,2026-07-11T12:51:11.789Z,1
finding-95e86e63d246d7f05f1e5c37,Finding,Thing,"Custom Search Vault 7: Dumbo Today, August 3rd 2017 WikiLeaks publishes documents from the Dumbo project of the CIA, enabling a way to suspend processes utilizing webcams and corrupt any video recordings. 03 August 2017",,leak-or-document-lead | declassified-leaks,machine-classified,2026-07-11T10:15:45.417Z,2026-07-11T12:51:11.789Z,1
finding-529e26b6469da057df0af18a,Finding,Thing,"Custom Search Vault 7: Elsa Today, June 28th 2017, WikiLeaks publishes documents from the CIA project ELSA, a geo-location malware for WiFi-enabled devices. 28 June 2017",,leak-or-document-lead | declassified-leaks,machine-classified,2026-07-11T10:15:45.417Z,2026-07-11T12:51:11.789Z,1
finding-08ee9faa22aa38f7420cdf5f,Finding,Thing,"Custom Search Vault 7: ExpressLane Today, August 24th 2017, WikiLeaks publishes secret documents from the cyber operations the CIA conducts against liaison services - which includes NSA, DHS and FBI. 24 August 2017",,leak-or-document-lead | declassified-leaks,machine-classified,2026-07-11T10:15:45.417Z,2026-07-11T12:51:11.789Z,1
finding-549960e4ffcd95cfc2c5ce04,Finding,Thing,"Custom Search Vault 7: Grasshopper Framework Today, April 7th 2017, WikiLeaks releases 27 documents from the CIA's Grasshopper framework, a platform used to build customized malware payloads for Microsoft Windows operating systems. 07 April 2017",,leak-or-document-lead | declassified-leaks,machine-classified,2026-07-11T10:15:45.417Z,2026-07-11T12:51:11.789Z,1
finding-221ee4011de49d38352d432f,Finding,Thing,"Custom Search Vault 7: Highrise Today, July 13th 2017, WikiLeaks publishes documents from the Highrise project of the CIA, an Android application designed to provide a redirector function for SMS. 13 July 2017",,leak-or-document-lead | declassified-leaks,machine-classified,2026-07-11T10:15:45.417Z,2026-07-11T12:51:11.789Z,1
finding-0481fb8ede1beca05807c9b1,Finding,Thing,"Custom Search Vault 7: HIVE Today, April 14th 2017, WikiLeaks releases six documents from the HIVE project created by CIA's ""Embedded Development Branch"" (EDB). 14 April 2017",,leak-or-document-lead | declassified-leaks,machine-classified,2026-07-11T10:15:45.417Z,2026-07-11T12:51:11.789Z,1
finding-5b4741fa2fca916a91388731,Finding,Thing,"Custom Search Vault 7: Imperial Today, July 27th 2017, WikiLeaks publishes documents from the Imperial project of the CIA. 27 July 2017",,leak-or-document-lead | declassified-leaks,machine-classified,2026-07-11T10:15:45.417Z,2026-07-11T12:51:11.789Z,1
finding-1db0f625be624a8073309bba,Finding,Thing,"Custom Search Vault 7: Marble Framework Today, March 31st 2017, WikiLeaks releases Vault 7 ""Marble"" - 676 source code files for the CIA's secret anti-forensic Marble Framework. 31 March 2017",,leak-or-document-lead | declassified-leaks,machine-classified,2026-07-11T10:15:45.417Z,2026-07-11T12:51:11.789Z,1
finding-3cfa29acb65cc8eb4c7ab4c8,Finding,Thing,"Custom Search Vault 7: Outlaw Country Today, June 29th 2017, WikiLeaks publishes documents from the OutlawCountry project of the CIA that targets computers running the Linux operating system. 29 June 2017",,leak-or-document-lead | declassified-leaks,machine-classified,2026-07-11T10:15:45.417Z,2026-07-11T12:51:11.789Z,1
finding-a733d651738d9b5fb00a6137,Finding,Thing,"Custom Search Vault 7: Pandemic Today, June 1st 2017, WikiLeaks publishes documents from the ""Pandemic"", a persistent implant for Microsoft Windows machines that share files in a local network. 01 June 2017",,leak-or-document-lead | declassified-leaks,machine-classified,2026-07-11T10:15:45.417Z,2026-07-11T12:51:11.789Z,1
finding-6f06b475a199923599ea1558,Finding,Thing,"Custom Search Vault 7: Protego Today, September 7th 2017, WikiLeaks publishes four secret documents from the Protego project of the CIA, along with 37 related manuals. 07 September 2017",,leak-or-document-lead | declassified-leaks,machine-classified,2026-07-11T10:15:45.417Z,2026-07-11T12:51:11.789Z,1
finding-e762106c808e258509c9efe4,Finding,Thing,"Custom Search Vault 7: UCL / Raytheon Today, July 19th 2017, WikiLeaks publishes documents from the CIA contractor Raytheon Blackbird Technologies for the ""UMBRAGE Component Library"" project. 19 July 2017",,leak-or-document-lead | declassified-leaks,machine-classified,2026-07-11T10:15:45.417Z,2026-07-11T12:51:11.789Z,1
finding-f0873f197dece81e2cd9b593,Finding,Thing,"Custom Search Vault 8: Hive Today, 9. November 2017, WikiLeaks publishes the first source code repository related to a CIA project Hive from the Vault7 publication. 09 November 2017",,leak-or-document-lead | declassified-leaks,machine-classified,2026-07-11T10:15:45.417Z,2026-07-11T12:51:11.789Z,1
finding-dea2301f4b7a354af24238a4,Finding,Thing,Customs and Border Protection (CBP),,record-update | epstein-disclosure,machine-classified,2026-07-11T10:15:45.417Z,2026-07-11T12:51:11.789Z,1
finding-06ed387a2351449d62f3321e,Finding,Thing,Cyber-related Sanctions,,official-enforcement | international-corruption,machine-classified,2026-07-11T10:15:45.417Z,2026-07-11T12:51:11.789Z,1
finding-73729ac8353de72cfa89639e,Finding,Thing,Cymraeg,,wrongdoing-lead | international-corruption,machine-classified,2026-07-11T10:20:29.613Z,2026-07-11T12:51:11.789Z,1
finding-73c4081b4cb065e9a173a797,Finding,Thing,"Dawson Private Markets Evergreen Fund, et al.",,record-update | oversight-audit,machine-classified,2026-07-11T10:15:45.417Z,2026-07-11T12:51:11.789Z,1
finding-0ffe0526c4eccdf59fd20450,Finding,Thing,Default Judgment,,record-update | government-enforcement,machine-classified,2026-07-11T10:15:45.417Z,2026-07-11T12:51:11.789Z,1
finding-15924f37444afce606e7c4d2,Finding,Thing,Default Judgment,,record-update | government-enforcement,machine-classified,2026-07-11T10:15:45.417Z,2026-07-11T12:51:11.789Z,1
finding-9631b6d463cf1226af57353c,Finding,Thing,Department of Justice Publishes 3.5 Million Responsive Pages in Compliance with the Epstein Files Transparency Act,,document-release | epstein-disclosure,machine-classified,2026-07-11T10:15:45.417Z,2026-07-11T12:51:11.789Z,1
finding-9525a32c8b2ef5a9e97959d5,Finding,Thing,DERBY ENTERPRISES LLC — Department of Veterans Affairs,,record-update | money-contracts,machine-classified,2026-07-11T10:15:45.417Z,2026-07-11T12:51:11.789Z,1
finding-4a3f0698e5d7f81599ad13cf,Finding,Thing,Determination of Rates and Terms for Making and Distributing Phonorecords (Phonorecords V),,record-update | oversight-audit,machine-classified,2026-07-11T10:15:45.417Z,2026-07-11T12:51:11.789Z,1
finding-ae02a490403b802db4f65c37,Finding,Thing,Director addresses global anti-corruption conference,,wrongdoing-lead | international-corruption,machine-classified,2026-07-11T10:20:29.613Z,2026-07-11T12:51:11.789Z,1
finding-8430db1b6a4fe59e296c90b2,Finding,Thing,"DISYS SOLUTIONS, INC. — Department of Energy",,record-update | money-contracts,machine-classified,2026-07-11T10:15:45.417Z,2026-07-11T12:51:11.789Z,1
finding-980364fb9251711ef8875c46,Finding,Thing,"DNI EMERGING TECHNOLOGIES, LLC — Department of Energy",,record-update | money-contracts,machine-classified,2026-07-11T10:15:45.417Z,2026-07-11T12:51:11.789Z,1
finding-9da4b7bbdd81696ece0628fe,Finding,Thing,"Doe 1000 v. Indyke , No. 1:19-cv-10577 (S.D.N.Y. 2019)",,record-update | epstein-disclosure,machine-classified,2026-07-11T10:15:45.417Z,2026-07-11T12:51:11.789Z,1
finding-04c6b72a1420bdc18a7613a1,Finding,Thing,"Doe 17 v. Indyke , No. 1:19-cv-09610 (S.D.N.Y. 2019)",,record-update | epstein-disclosure,machine-classified,2026-07-11T10:15:45.417Z,2026-07-11T12:51:11.789Z,1
finding-6da7bc5c0e901486c3247584,Finding,Thing,"Doe No. 101 v. Epstein , No. 9:09-cv-80591 (S.D. Fla. 2009)",,record-update | epstein-disclosure,machine-classified,2026-07-11T10:15:45.417Z,2026-07-11T12:51:11.789Z,1
finding-c022c6c16732bb0ad1abc191,Finding,Thing,"Doe No. 102 v. Epstein , No. 9:09-cv-80656 (S.D. Fla. 2009)",,record-update | epstein-disclosure,machine-classified,2026-07-11T10:15:45.417Z,2026-07-11T12:51:11.789Z,1
finding-7e24ede6753bcfaccd2af89c,Finding,Thing,"Doe No. 103 v. Epstein , No. 9:10-cv-80309 (S.D. Fla 2010)",,record-update | epstein-disclosure,machine-classified,2026-07-11T10:15:45.417Z,2026-07-11T12:51:11.789Z,1
finding-fb8bc3e6e5e5baac3f97d5b3,Finding,Thing,"Doe No. 3 v. Epstein , No. 9:08-cv-80232 (S.D. Fla. 2008)",,record-update | epstein-disclosure,machine-classified,2026-07-11T10:15:45.417Z,2026-07-11T12:51:11.789Z,1
finding-4812aa0c228c623c55fd3f6a,Finding,Thing,"Doe No. 4 v. Epstein , No. 9:08-cv-80380 (S.D. Fla. 2008)",,record-update | epstein-disclosure,machine-classified,2026-07-11T10:15:45.417Z,2026-07-11T12:51:11.789Z,1
finding-37b5afe9bd8190ff8e8aeb64,Finding,Thing,"Doe No. 5 v. Epstein , No. 9:08-cv-80381 (S.D. Fla. 2008)",,record-update | epstein-disclosure,machine-classified,2026-07-11T10:15:45.417Z,2026-07-11T12:51:11.789Z,1
finding-943304e449d24176112e3973,Finding,Thing,"Doe No. 6 v. Epstein , No. 9:08-cv-80994 (S.D. Fla. 2008)",,record-update | epstein-disclosure,machine-classified,2026-07-11T10:15:45.417Z,2026-07-11T12:51:11.789Z,1
finding-4ae04c302be77393d3102e4a,Finding,Thing,"Doe No. 8 v. Epstein , No. 9:09-cv-80802 (S.D. Fla.)",,record-update | epstein-disclosure,machine-classified,2026-07-11T10:15:45.417Z,2026-07-11T12:51:11.789Z,1
finding-d2b8825ad95d8d6c890e0b21,Finding,Thing,"Doe v. Epstein , No. 9:08-cv-80069 (S.D. Fla. 2008)",,record-update | epstein-disclosure,machine-classified,2026-07-11T10:15:45.417Z,2026-07-11T12:51:11.789Z,1
finding-1e60d3cb3f56638e58426d77,Finding,Thing,"Doe v. Epstein , No. 9:08-cv-80119 (S.D. Fla. 2008)",,record-update | epstein-disclosure,machine-classified,2026-07-11T10:15:45.417Z,2026-07-11T12:51:11.789Z,1
finding-1362ff063308acf7a1d207a3,Finding,Thing,"Doe v. Epstein , No. 9:08-cv-80804 (S.D. Fla. 2008)",,record-update | epstein-disclosure,machine-classified,2026-07-11T10:15:45.417Z,2026-07-11T12:51:11.789Z,1
finding-cbd46140f573612814a8aeba,Finding,Thing,"Doe v. Epstein , No. 9:09-v-80469 (S.D. Fla. 2009)",,record-update | epstein-disclosure,machine-classified,2026-07-11T10:15:45.417Z,2026-07-11T12:51:11.789Z,1
finding-81bb12ffb67e4cd04cf56381,Finding,Thing,"Doe v. Indyke , No. 1:19-cv-08673 (S.D.N.Y. 2019)",,record-update | epstein-disclosure,machine-classified,2026-07-11T10:15:45.417Z,2026-07-11T12:51:11.789Z,1
finding-4d1178946fce26a6a5e8f720,Finding,Thing,"Doe v. Indyke , No. 1:19-cv-11869 (S.D.N.Y. 2019)",,record-update | epstein-disclosure,machine-classified,2026-07-11T10:15:45.417Z,2026-07-11T12:51:11.789Z,1
finding-2fc4b446e5fb62c5bc2360d1,Finding,Thing,"Doe v. Indyke , No. 1:20-cv-00484 (S.D.N.Y. 2020)",,record-update | epstein-disclosure,machine-classified,2026-07-11T10:15:45.417Z,2026-07-11T12:51:11.789Z,1
finding-28d4c404aecdcea4089e9ed2,Finding,Thing,"Doe v. Indyke , No. 1:20-cv-02365 (S.D.N.Y. 2020)",,record-update | epstein-disclosure,machine-classified,2026-07-11T10:15:45.417Z,2026-07-11T12:51:11.789Z,1
finding-39b579af6438fd96704306a9,Finding,Thing,"Doe v. United States , No. 9:08-cv-80736 (S.D. Fla. 2008)",,record-update | epstein-disclosure,machine-classified,2026-07-11T10:15:45.417Z,2026-07-11T12:51:11.789Z,1
finding-3369f7cbbbd92ca2343c48c2,Finding,Thing,DOJ Disclosures,,record-update | epstein-disclosure,machine-classified,2026-07-11T10:15:45.417Z,2026-07-11T12:51:11.789Z,1
finding-bbfc64a571405fe6c95d8632,Finding,Thing,Drug Establishment Registration and Drug Listing Requirements for Establishments Engaged in Distributed Manufacturing and Certain Foreign Establishments,,record-update | oversight-audit,machine-classified,2026-07-11T10:15:45.417Z,2026-07-11T12:51:11.789Z,1
finding-1e5e5d1abb0585c4e00f6ade,Finding,Thing,"Duke Energy Carolinas, LLC; Notice of Application for Temporary Variance Accepted for Filing, Soliciting Comments, Motions To Intervene, and Protests",,record-update | oversight-audit,machine-classified,2026-07-11T10:15:45.417Z,2026-07-11T12:51:11.789Z,1
finding-f5497ef2a6ad9b039bbb4c17,Finding,Thing,"EDUCATION, NEW JERSEY DEPARTMENT OF — Department of Education",,record-update | money-contracts,machine-classified,2026-07-11T10:15:45.417Z,2026-07-11T12:51:11.789Z,1
finding-aca38cf0f70cc779a9c5f029,Finding,Thing,"EDUCATIONAL COMPUTER SYSTEMS, INC. — Department of Education",,record-update | money-contracts,machine-classified,2026-07-11T10:15:45.417Z,2026-07-11T12:51:11.789Z,1
finding-c5f5b8ef0fa17a3fcbd4f46c,Finding,Thing,ELSEVIER INC. — Department of Transportation,,record-update | money-contracts,machine-classified,2026-07-11T10:15:45.417Z,2026-07-11T12:51:11.789Z,1
finding-682d1c78d88fe9179ec50089,Finding,Thing,"EPIQ CLASS ACTION & CLAIMS SOLUTIONS, INC. — Consumer Financial Protection Bureau",,record-update | money-contracts,machine-classified,2026-07-11T10:15:45.417Z,2026-07-11T12:51:11.789Z,1
finding-0dd56539eddec2288a6ba0b9,Finding,Thing,Epstein Library,,record-update | epstein-disclosure,machine-classified,2026-07-11T10:15:45.417Z,2026-07-11T12:51:11.789Z,1
finding-527c4610afef184832bffc34,Finding,Thing,"Epstein v. [redacted] , No. SC15-2286 (Fla. Sup. Ct. 2015)",,record-update | epstein-disclosure,machine-classified,2026-07-11T10:15:45.417Z,2026-07-11T12:51:11.789Z,1
finding-8d70f67622b7206cf5b3f175,Finding,Thing,"Epstein v. Rothstein , No. 50-2009-CA-040800-XXXX-MB (Fla. 15th Cir. Ct. 2009)",,record-update | epstein-disclosure,machine-classified,2026-07-11T10:15:45.417Z,2026-07-11T12:51:11.789Z,1
finding-be650c5fb982d24e1b30cdca,Finding,Thing,Facebook,,record-update | epstein-disclosure,machine-classified,2026-07-11T10:15:45.417Z,2026-07-11T12:51:11.789Z,1
finding-3543c000d357bbcfa106d38e,Finding,Thing,Facilitating Implementation of Next Generation 911 Services (NG911); Improving 911 Reliability,,record-update | oversight-audit,machine-classified,2026-07-11T10:15:45.417Z,2026-07-11T12:51:11.789Z,1
finding-00ab7c945252e9fbab490867,Finding,Thing,Facilitating Implementation of Next Generation 911 Services (NG911); Improving 911 Reliability,,record-update | oversight-audit,machine-classified,2026-07-11T10:15:45.417Z,2026-07-11T12:51:11.789Z,1
finding-7cf027e49fe31cf4b8c18db7,Finding,Thing,FAMILY AND MEDICAL COUNSELING SERVICE INC — Court Services and Offender Supervision Agency,,record-update | money-contracts,machine-classified,2026-07-11T10:15:45.417Z,2026-07-11T12:51:11.789Z,1
finding-1ca08ac1f645338e39f9723d,Finding,Thing,Federal Bureau of Investigation (FBI),,record-update | epstein-disclosure,machine-classified,2026-07-11T10:15:45.417Z,2026-07-11T12:51:11.789Z,1
finding-4fcbcd42d1f1071dae897dbf,Finding,Thing,Federal Bureau of Prisons (BOP),,record-update | epstein-disclosure,machine-classified,2026-07-11T10:15:45.417Z,2026-07-11T12:51:11.789Z,1
finding-6cecbd2b2cd120c539a6444c,Finding,Thing,Federal Home Loan Bank New Business Activities,,record-update | oversight-audit,machine-classified,2026-07-11T10:15:45.417Z,2026-07-11T12:51:11.789Z,1
finding-908e93ff5a07d8b4500eed38,Finding,Thing,Final Judgment,,established-wrongdoing | government-enforcement,machine-classified,2026-07-11T10:15:45.417Z,2026-07-11T12:51:11.789Z,1
finding-86705f73deac83b805ef4eea,Finding,Thing,Final Judgment,,established-wrongdoing | government-enforcement,machine-classified,2026-07-11T10:15:45.417Z,2026-07-11T12:51:11.789Z,1
finding-b3da1d0797a1b7d1fbb0773b,Finding,Thing,Final Judgment,,established-wrongdoing | government-enforcement,machine-classified,2026-07-11T10:15:45.417Z,2026-07-11T12:51:11.789Z,1
finding-1e43ec8e272bc23c7824442b,Finding,Thing,Final Judgment,,established-wrongdoing | government-enforcement,machine-classified,2026-07-11T10:15:45.417Z,2026-07-11T12:51:11.789Z,1
finding-392ea37d1d6b5e5c9af93b67,Finding,Thing,Final Judgment,,established-wrongdoing | government-enforcement,machine-classified,2026-07-11T10:15:45.417Z,2026-07-11T12:51:11.789Z,1
finding-93e7bb9b21bc9a5bb87f8f7a,Finding,Thing,Final Judgment,,established-wrongdoing | government-enforcement,machine-classified,2026-07-11T10:15:45.417Z,2026-07-11T12:51:11.789Z,1
finding-fd0bd0d092ec5e7ef84616da,Finding,Thing,Final Judgment,,established-wrongdoing | government-enforcement,machine-classified,2026-07-11T10:15:45.417Z,2026-07-11T12:51:11.789Z,1
finding-95018eb915abff944c5987dc,Finding,Thing,Final Judgment,,established-wrongdoing | government-enforcement,machine-classified,2026-07-11T10:15:45.417Z,2026-07-11T12:51:11.789Z,1
finding-92de72c0f2abc8dd8c8ec65c,Finding,Thing,Final Judgment,,established-wrongdoing | government-enforcement,machine-classified,2026-07-11T10:15:45.417Z,2026-07-11T12:51:11.789Z,1
finding-a5672235e79f73ecc27165ff,Finding,Thing,Final Judgment,,established-wrongdoing | government-enforcement,machine-classified,2026-07-11T10:15:45.417Z,2026-07-11T12:51:11.789Z,1
finding-b09e816b03eab3eadb7e7bec,Finding,Thing,Final Judgment,,established-wrongdoing | government-enforcement,machine-classified,2026-07-11T10:15:45.417Z,2026-07-11T12:51:11.789Z,1
finding-4b2142394168774afcc83a7f,Finding,Thing,Final Judgment,,established-wrongdoing | government-enforcement,machine-classified,2026-07-11T10:15:45.417Z,2026-07-11T12:51:11.789Z,1
finding-d8c28c563927801121a1e6a3,Finding,Thing,Final Judgment,,established-wrongdoing | government-enforcement,machine-classified,2026-07-11T10:15:45.417Z,2026-07-11T12:51:11.789Z,1
finding-4cc4bc9d2a4e521e803e7aa3,Finding,Thing,Final Judgment,,established-wrongdoing | government-enforcement,machine-classified,2026-07-11T10:15:45.417Z,2026-07-11T12:51:11.789Z,1
finding-d0f40deb9bdcc8af49735de4,Finding,Thing,Final Judgment,,established-wrongdoing | government-enforcement,machine-classified,2026-07-11T10:15:45.417Z,2026-07-11T12:51:11.789Z,1
finding-855c24f1119d6a694866d72e,Finding,Thing,Final Judgment,,established-wrongdoing | government-enforcement,machine-classified,2026-07-11T10:15:45.417Z,2026-07-11T12:51:11.789Z,1
finding-129da558940c628518181d32,Finding,Thing,Final Judgment,,established-wrongdoing | government-enforcement,machine-classified,2026-07-11T10:15:45.417Z,2026-07-11T12:51:11.789Z,1
finding-ca33bf88016d7ecfa0bd27f2,Finding,Thing,Final Judgment,,established-wrongdoing | government-enforcement,machine-classified,2026-07-11T10:15:45.417Z,2026-07-11T12:51:11.789Z,1
finding-a228392badbd6e25200324de,Finding,Thing,Final Judgment,,established-wrongdoing | government-enforcement,machine-classified,2026-07-11T10:15:45.417Z,2026-07-11T12:51:11.789Z,1
finding-068fcfccd501366853d54306,Finding,Thing,Final Judgment,,established-wrongdoing | government-enforcement,machine-classified,2026-07-11T10:15:45.417Z,2026-07-11T12:51:11.789Z,1
finding-94b0f530df4d48aa19bd3442,Finding,Thing,Final Judgment,,established-wrongdoing | government-enforcement,machine-classified,2026-07-11T10:15:45.417Z,2026-07-11T12:51:11.789Z,1
finding-ea8c73c16b9786dddbc75149,Finding,Thing,Final Judgment,,established-wrongdoing | government-enforcement,machine-classified,2026-07-11T10:15:45.417Z,2026-07-11T12:51:11.789Z,1
finding-a5f67ee2a60f22788958c284,Finding,Thing,Final Judgment - Andrew Kaufman,,established-wrongdoing | government-enforcement,machine-classified,2026-07-11T10:15:45.417Z,2026-07-11T12:51:11.789Z,1
finding-01a6c576de317aa2b9d204ca,Finding,Thing,Final Judgment - Arthur,,established-wrongdoing | government-enforcement,machine-classified,2026-07-11T10:15:45.417Z,2026-07-11T12:51:11.789Z,1
finding-b60d456b9c61cee06f6603ce,Finding,Thing,Final Judgment - Bin Hao,,established-wrongdoing | government-enforcement,machine-classified,2026-07-11T10:15:45.417Z,2026-07-11T12:51:11.789Z,1
finding-ce6c89056460c0c0b4cff4e4,Finding,Thing,Final Judgment - Bongiorno,,established-wrongdoing | government-enforcement,machine-classified,2026-07-11T10:15:45.417Z,2026-07-11T12:51:11.789Z,1
finding-04714fd77f38dcdf6f423a86,Finding,Thing,Final Judgment - Brent Cranmer,,established-wrongdoing | government-enforcement,machine-classified,2026-07-11T10:15:45.417Z,2026-07-11T12:51:11.789Z,1
finding-bcd16861ddee1a6a114900fc,Finding,Thing,Final Judgment - Bryan L. Waugh,,established-wrongdoing | government-enforcement,machine-classified,2026-07-11T10:15:45.417Z,2026-07-11T12:51:11.789Z,1
finding-c6d54a0c85660b01489f2154,Finding,Thing,Final Judgment - Carolyn W. Carter,,established-wrongdoing | government-enforcement,machine-classified,2026-07-11T10:15:45.417Z,2026-07-11T12:51:11.789Z,1
finding-8ca3f730799c2d89e967b5c9,Finding,Thing,Final Judgment - Chad J. Miller,,established-wrongdoing | government-enforcement,machine-classified,2026-07-11T10:15:45.417Z,2026-07-11T12:51:11.789Z,1
finding-8f5e9075eecd3a21b17c4228,Finding,Thing,Final Judgment - Charles T. Lawrence,,established-wrongdoing | government-enforcement,machine-classified,2026-07-11T10:15:45.417Z,2026-07-11T12:51:11.789Z,1
finding-9d6cd2b8e496ea570fc518a3,Finding,Thing,Final Judgment - Daniel McCormick,,established-wrongdoing | government-enforcement,machine-classified,2026-07-11T10:15:45.417Z,2026-07-11T12:51:11.789Z,1
finding-bf3f50a41eaf993c7bf35ff0,Finding,Thing,"Final Judgment - DaveGlo Investment Group, Inc.",,established-wrongdoing | government-enforcement,machine-classified,2026-07-11T10:15:45.417Z,2026-07-11T12:51:11.789Z,1
finding-c8e4e1d2769612936d0b77da,Finding,Thing,Final Judgment - David P. Ortiz,,established-wrongdoing | government-enforcement,machine-classified,2026-07-11T10:15:45.417Z,2026-07-11T12:51:11.789Z,1
finding-e0e233197789c43920e8ded5,Finding,Thing,Final Judgment - Eliseo Jojo Prisno,,established-wrongdoing | government-enforcement,machine-classified,2026-07-11T10:15:45.417Z,2026-07-11T12:51:11.789Z,1
finding-8d0ea3be5cea965a55872afd,Finding,Thing,Final Judgment - Estate of Richard Myre,,established-wrongdoing | government-enforcement,machine-classified,2026-07-11T10:15:45.417Z,2026-07-11T12:51:11.789Z,1
finding-c6cf2744d8a41c539fe8872e,Finding,Thing,Final Judgment - Flagg,,established-wrongdoing | government-enforcement,machine-classified,2026-07-11T10:15:45.417Z,2026-07-11T12:51:11.789Z,1
finding-81a3e227e0e485e5e2e85733,Finding,Thing,Final Judgment - Geoffrey Allen Wall,,established-wrongdoing | government-enforcement,machine-classified,2026-07-11T10:15:45.417Z,2026-07-11T12:51:11.789Z,1
finding-e67a5eb0d9c7413797d173d3,Finding,Thing,Final Judgment - Henry Abdo,,established-wrongdoing | government-enforcement,machine-classified,2026-07-11T10:15:45.417Z,2026-07-11T12:51:11.789Z,1
finding-64c1938af8b07cd0534feeb1,Finding,Thing,Final Judgment - Jeffrey De Laveaga,,established-wrongdoing | government-enforcement,machine-classified,2026-07-11T10:15:45.417Z,2026-07-11T12:51:11.789Z,1
finding-5a25689830c47ce95aed0606,Finding,Thing,Final Judgment - Jeffrey Puzzullo,,established-wrongdoing | government-enforcement,machine-classified,2026-07-11T10:15:45.417Z,2026-07-11T12:51:11.789Z,1
finding-c29233035ad81a92c3f6f754,Finding,Thing,Final Judgment - Joseph C. Lewis,,established-wrongdoing | government-enforcement,machine-classified,2026-07-11T10:15:45.417Z,2026-07-11T12:51:11.789Z,1
finding-7b51ccf5eac29822720d84c2,Finding,Thing,Final Judgment - Lloyd,,established-wrongdoing | government-enforcement,machine-classified,2026-07-11T10:15:45.417Z,2026-07-11T12:51:11.789Z,1
finding-8194b7e8b7e811fe8d10ab2f,Finding,Thing,Final Judgment - Mark Jacobs,,established-wrongdoing | government-enforcement,machine-classified,2026-07-11T10:15:45.417Z,2026-07-11T12:51:11.789Z,1
finding-8b5fcbcbcce1dd2f3c66a749,Finding,Thing,Final Judgment - Michael Bowen,,established-wrongdoing | government-enforcement,machine-classified,2026-07-11T10:15:45.417Z,2026-07-11T12:51:11.789Z,1
finding-62fd4ae4ce344cac1c7c7013,Finding,Thing,Final Judgment - P/E Capital Investment Management Partners,,established-wrongdoing | government-enforcement,machine-classified,2026-07-11T10:15:45.417Z,2026-07-11T12:51:11.789Z,1
finding-689f4fde078948c2631539bd,Finding,Thing,Final Judgment - Patrick J. O’Connor,,established-wrongdoing | government-enforcement,machine-classified,2026-07-11T10:15:45.417Z,2026-07-11T12:51:11.789Z,1
finding-258185678381402b467347e6,Finding,Thing,Final Judgment - Randall J. Miller,,established-wrongdoing | government-enforcement,machine-classified,2026-07-11T10:15:45.417Z,2026-07-11T12:51:11.789Z,1
finding-eaad3dc64f4b0d872ee31372,Finding,Thing,Final Judgment - Robert Newell,,established-wrongdoing | government-enforcement,machine-classified,2026-07-11T10:15:45.417Z,2026-07-11T12:51:11.789Z,1
finding-64e1f0f53d8031366a67f2c6,Finding,Thing,Final Judgment - Robert Yedid,,established-wrongdoing | government-enforcement,machine-classified,2026-07-11T10:15:45.417Z,2026-07-11T12:51:11.789Z,1
finding-78c7b3e53eaef473c9cc5d50,Finding,Thing,Final Judgment - Ross Gregory Erskine,,established-wrongdoing | government-enforcement,machine-classified,2026-07-11T10:15:45.417Z,2026-07-11T12:51:11.789Z,1
finding-d914b02fd230f718dd6b2fb7,Finding,Thing,Final Judgment - Samir Rao,,established-wrongdoing | government-enforcement,machine-classified,2026-07-11T10:15:45.417Z,2026-07-11T12:51:11.789Z,1
finding-9fa5a0ad9018c5d8efa96ce7,Finding,Thing,Final Judgment - Suzee Han,,established-wrongdoing | government-enforcement,machine-classified,2026-07-11T10:15:45.417Z,2026-07-11T12:51:11.789Z,1
finding-8c823fee008eb1c9eafc946a,Finding,Thing,Final Judgment - Titanium Capital LLC,,established-wrongdoing | government-enforcement,machine-classified,2026-07-11T10:15:45.417Z,2026-07-11T12:51:11.789Z,1
finding-c465a503b00cfc994561363b,Finding,Thing,Final Judgment - Treusch,,established-wrongdoing | government-enforcement,machine-classified,2026-07-11T10:15:45.417Z,2026-07-11T12:51:11.789Z,1
finding-ab4520ad85bff15354423b11,Finding,Thing,Final Judgment -Christopher McKnight,,established-wrongdoing | government-enforcement,machine-classified,2026-07-11T10:15:45.417Z,2026-07-11T12:51:11.789Z,1
finding-cf53bb9e78937f9225db689c,Finding,Thing,Final Judgment -Steve Bajic,,established-wrongdoing | government-enforcement,machine-classified,2026-07-11T10:15:45.417Z,2026-07-11T12:51:11.789Z,1
finding-f93a549de8c747914558b6b2,Finding,Thing,Final Judgment by Default,,established-wrongdoing | government-enforcement,machine-classified,2026-07-11T10:15:45.417Z,2026-07-11T12:51:11.789Z,1
finding-3dbd3792f4a6c055adca4a41,Finding,Thing,FINCANTIERI MARINE REPAIR LLC — Department of Defense,,record-update | money-contracts,machine-classified,2026-07-11T10:15:45.417Z,2026-07-11T12:51:11.789Z,1
finding-50d0146d2e93de664ed427b4,Finding,Thing,First Phase of Declassified Epstein Files,,document-release | epstein-disclosure,machine-classified,2026-07-11T10:15:45.417Z,2026-07-11T12:51:11.789Z,1
finding-13c527c04956ccdf4b5a79dc,Finding,Thing,"Fisheries of the Caribbean, Gulf of America, and South Atlantic; Snapper-Grouper Fishery of the South Atlantic Region; Abbreviated Framework Amendment 5",,record-update | oversight-audit,machine-classified,2026-07-11T10:15:45.417Z,2026-07-11T12:51:11.789Z,1
finding-3db20bff474c8f74511b1d29,Finding,Thing,Florida,,record-update | epstein-disclosure,machine-classified,2026-07-11T10:15:45.417Z,2026-07-11T12:51:11.789Z,1
finding-d7c85639da8303eaa059cfd2,Finding,Thing,"Formations of, Acquisitions by, and Mergers of Bank Holding Companies",,record-update | oversight-audit,machine-classified,2026-07-11T10:15:45.417Z,2026-07-11T12:51:11.789Z,1
finding-c26faf4e8dfe5ddfefbbb5db,Finding,Thing,"FOUR CORNERS WEED CONTROL, INC — Department of Energy",,record-update | money-contracts,machine-classified,2026-07-11T10:15:45.417Z,2026-07-11T12:51:11.789Z,1
finding-12c7ff2a30b38675cb1048c3,Finding,Thing,France: EPPO conducts searches in probe into large-scale VAT carousel fraud,,wrongdoing-lead | international-corruption,machine-classified,2026-07-11T10:20:29.613Z,2026-07-11T12:51:11.789Z,1
finding-a6936452402569f05a36436a,Finding,Thing,"Frederick Tanzer, M.D.; Decision and Order",,record-update | oversight-audit,machine-classified,2026-07-11T10:15:45.417Z,2026-07-11T12:51:11.789Z,1
finding-b466c9a428f7f0c5c9396ad3,Finding,Thing,FREEDOM FLOOR COMPANY — District of Columbia Courts,,record-update | money-contracts,machine-classified,2026-07-11T10:15:45.417Z,2026-07-11T12:51:11.789Z,1
finding-e497bfc368cbe5342781e900,Finding,Thing,"FREQUENTIS USA, INC — Department of Transportation",,record-update | money-contracts,machine-classified,2026-07-11T10:15:45.417Z,2026-07-11T12:51:11.789Z,1
finding-c021e56ae9b24d30080b9aaa,Finding,Thing,FY 2026 Job Placement and Training-Native American Technology and Manufacturing Grant Pilot Program (IGNITE: Indigenous Growth in New & Innovative Trade Employment); Solicitation of Proposals,,record-update | oversight-audit,machine-classified,2026-07-11T10:15:45.417Z,2026-07-11T12:51:11.789Z,1
finding-40f1cc536bb9be84a44e68a2,Finding,Thing,G & RK CONSULTING ASSOCIATES LLC — Department of Energy,,record-update | money-contracts,machine-classified,2026-07-11T10:15:45.417Z,2026-07-11T12:51:11.789Z,1
finding-21cff0ca475c04fd164d34c6,Finding,Thing,"GENERAL DYNAMICS INFORMATION TECHNOLOGY, INC. — Department of Transportation",,record-update | money-contracts,machine-classified,2026-07-11T10:15:45.417Z,2026-07-11T12:51:11.789Z,1
finding-2460309f68c1e9a813f4eb8b,Finding,Thing,"GENERAL DYNAMICS MISSION SYSTEMS, INC. — Department of Defense",,record-update | money-contracts,machine-classified,2026-07-11T10:15:45.417Z,2026-07-11T12:51:11.789Z,1
finding-f8ffdb97b928c01e16940372,Finding,Thing,"GENERAL DYNAMICS MISSION SYSTEMS, INC. — Department of Transportation",,record-update | money-contracts,machine-classified,2026-07-11T10:15:45.417Z,2026-07-11T12:51:11.789Z,1
finding-c60a27ccfee7fa248cf1c35b,Finding,Thing,Germany: EPPO carries out searches in probe into subsidy fraud involving EU migration and integration funds,,wrongdoing-lead | international-corruption,machine-classified,2026-07-11T10:20:29.613Z,2026-07-11T12:51:11.789Z,1
finding-94a1fcffa0ad00fe9224566f,Finding,Thing,Get emails,,wrongdoing-lead | international-corruption,machine-classified,2026-07-11T10:20:29.613Z,2026-07-11T12:51:11.789Z,1
finding-4b6b6ccdb27016aa851359c1,Finding,Thing,GLOBAL LIFE SCIENCES SOLUTIONS USA LLC — Department of Health and Human Services,,record-update | money-contracts,machine-classified,2026-07-11T10:15:45.417Z,2026-07-11T12:51:11.789Z,1
finding-f63e6c55355c28cd56433171,Finding,Thing,"GOLDSCHMITT-CRI-2, LLC — Department of Education",,record-update | money-contracts,machine-classified,2026-07-11T10:15:45.417Z,2026-07-11T12:51:11.789Z,1
finding-9f0a5a6d7c9bedbc74d31760,Finding,Thing,Government,,leak-or-document-lead | declassified-leaks,machine-classified,2026-07-11T10:15:45.417Z,2026-07-11T12:51:11.789Z,1
finding-67423a41727ab0f989b498fd,Finding,Thing,"Government of the United States Virgin Islands v. JPMorgan Chase Bank , N.A., No. 1:22-cv-10904 (S.D.N.Y. 2022)",,record-update | epstein-disclosure,machine-classified,2026-07-11T10:15:45.417Z,2026-07-11T12:51:11.789Z,1
finding-d523f573454d7107b54eee44,Finding,Thing,"GOVSMART, INC. — Consumer Financial Protection Bureau",,record-update | money-contracts,machine-classified,2026-07-11T10:15:45.417Z,2026-07-11T12:51:11.789Z,1
finding-237905cf1ad579917b39aec8,Finding,Thing,GRANT THORNTON LLP — Department of Homeland Security,,record-update | money-contracts,machine-classified,2026-07-11T10:15:45.417Z,2026-07-11T12:51:11.789Z,1
finding-4e47bc95f9c748f74a144169,Finding,Thing,Greece: 57 convicted in €1.7 million agricultural subsidy fraud involving National Reserve payments,,established-wrongdoing | international-corruption,machine-classified,2026-07-11T10:20:29.613Z,2026-07-11T12:51:11.789Z,1
finding-2482c3e0241c7c7679a18cd1,Finding,Thing,GUIDEHOUSE INC. — Defense Nuclear Facilities Safety Board,,official-audit-finding | money-contracts,machine-classified,2026-07-11T10:15:45.417Z,2026-07-11T12:51:11.789Z,1
finding-4e2e48974a0402c12f0ec831,Finding,Thing,Hearings,,document-release | oversight-audit,machine-classified,2026-07-11T10:15:45.417Z,2026-07-11T12:51:11.789Z,1
finding-3066a0de9bdf82ce01ddd38e,Finding,Thing,House Disclosures,,record-update | epstein-disclosure,machine-classified,2026-07-11T10:15:45.417Z,2026-07-11T12:51:11.789Z,1
finding-e8cead27215965f4536632d7,Finding,Thing,IDAHO ENVIRONMENTAL COALITION LLC — Department of Energy,,record-update | money-contracts,machine-classified,2026-07-11T10:15:45.417Z,2026-07-11T12:51:11.789Z,1
finding-0ff69e40e7eece162fe5c35c,Finding,Thing,IMMIXTECHNOLOGY INC — Department of Energy,,record-update | money-contracts,machine-classified,2026-07-11T10:15:45.417Z,2026-07-11T12:51:11.789Z,1
finding-1ee8aa917958365896c482aa,Finding,Thing,"In re: Grand Jury 05-02 (WPB) & 07-103 (WPB) , No. 9:25-mc-80920 (S.D. Fla. 2025)",,record-update | epstein-disclosure,machine-classified,2026-07-11T10:15:45.417Z,2026-07-11T12:51:11.789Z,1
finding-ec968f2ec6ba82128b4cd91b,Finding,Thing,INDUSTRIAL BANK — District of Columbia Courts,,record-update | money-contracts,machine-classified,2026-07-11T10:15:45.417Z,2026-07-11T12:51:11.789Z,1
finding-fc026698a96569fd80bdd359,Finding,Thing,Inflation Adjustments for Civil Money Penalties,,record-update | oversight-audit,machine-classified,2026-07-11T10:15:45.417Z,2026-07-11T12:51:11.789Z,1
finding-74f93f00a242146ad9807dda,Finding,Thing,Information Collection Being Submitted for Review and Approval to Office of Management and Budget,,record-update | oversight-audit,machine-classified,2026-07-11T10:15:45.417Z,2026-07-11T12:51:11.789Z,1
finding-f1a568785c39f1e342f7f6c1,Finding,Thing,Intelligence,,leak-or-document-lead | declassified-leaks,machine-classified,2026-07-11T10:15:45.417Z,2026-07-11T12:51:11.789Z,1
finding-2ed1ebf7235a59c38122c1d7,Finding,Thing,INTERNATIONAL MEDICAL GROUP INC — Department of the Treasury,,record-update | money-contracts,machine-classified,2026-07-11T10:15:45.417Z,2026-07-11T12:51:11.789Z,1
finding-89226eace5537d9294eaa675,Finding,Thing,INTRASTELLAR SOLUTIONS LLC — Department of Energy,,record-update | money-contracts,machine-classified,2026-07-11T10:15:45.417Z,2026-07-11T12:51:11.789Z,1
finding-8bc7d34cb44aa76bf9bb2db1,Finding,Thing,"Investigation Huracán: Searches, seizures and arrests in Germany, Poland and the Netherlands in large-scale VAT fraud",,wrongdoing-lead | international-corruption,machine-classified,2026-07-11T10:20:29.613Z,2026-07-11T12:51:11.789Z,1
finding-0b718521918db4043f65fa12,Finding,Thing,Investigation Water into Wine: 11 arrests as probe into international criminal organisation suspected of multi-million-euro VAT fraud involving sales of diesel expands,,wrongdoing-lead | international-corruption,machine-classified,2026-07-11T10:20:29.613Z,2026-07-11T12:51:11.789Z,1
finding-b7e2c1d50c596623743f851b,Finding,Thing,Investigative Summary: Finding of Misconduct by a then FBI Assistant Director for Dereliction of Supervisory Responsibility,,wrongdoing-lead | oversight-audit,machine-classified,2026-07-11T10:15:45.417Z,2026-07-11T12:51:11.789Z,1
finding-4ab643a278033340eba0594c,Finding,Thing,Iran Sanctions,,official-enforcement | international-corruption,machine-classified,2026-07-11T10:15:45.417Z,2026-07-11T12:51:11.789Z,1
finding-61c566f5ca2f10c17fb3bbcf,Finding,Thing,Italy: EPPO seizes over €23.5 million in investigation into VAT fraud in the fuel sector,,wrongdoing-lead | international-corruption,machine-classified,2026-07-11T10:20:29.613Z,2026-07-11T12:51:11.789Z,1
finding-667a15fb611f896c3d723b54,Finding,Thing,"Italy: One suspect pleads guilty in yacht import customs fraud case, another indicted",,official-charge-or-allegation | international-corruption,machine-classified,2026-07-11T10:20:29.613Z,2026-07-11T12:51:11.789Z,1
finding-766d25eda1b34cf5e0348d3b,Finding,Thing,JAILCRAFT INC. — District of Columbia Courts,,record-update | money-contracts,machine-classified,2026-07-11T10:15:45.417Z,2026-07-11T12:51:11.789Z,1
finding-3c9a07efa8a2571114ff516c,Finding,Thing,"Jane Doe 43 v. Epstein , No. 1:17-cv-00616 (S.D.N.Y. 2017)",,record-update | epstein-disclosure,machine-classified,2026-07-11T10:15:45.417Z,2026-07-11T12:51:11.789Z,1
finding-79083a9a1130332112c5b59e,Finding,Thing,JAZZ SOLUTIONS INC. — Department of Education,,record-update | money-contracts,machine-classified,2026-07-11T10:15:45.417Z,2026-07-11T12:51:11.789Z,1
finding-f23de16432822daf7c6c73a5,Finding,Thing,JAZZ SOLUTIONS INC. — Department of Education,,record-update | money-contracts,machine-classified,2026-07-11T10:15:45.417Z,2026-07-11T12:51:11.789Z,1
finding-45cf2275c0d97b3389533686,Finding,Thing,Judgment - Estate of Dale Dahmen,,record-update | government-enforcement,machine-classified,2026-07-11T10:15:45.417Z,2026-07-11T12:51:11.789Z,1
finding-b36c021a9534424e131e8f14,Finding,Thing,Judgment - Gerard Ryan,,record-update | government-enforcement,machine-classified,2026-07-11T10:15:45.417Z,2026-07-11T12:51:11.789Z,1
finding-e82d8c38d4193cf40e6d293c,Finding,Thing,Judgment - Kushner,,record-update | government-enforcement,machine-classified,2026-07-11T10:15:45.417Z,2026-07-11T12:51:11.789Z,1
finding-cdeecf8ebd2a1f8306018972,Finding,Thing,Judgment - La Mancha,,record-update | government-enforcement,machine-classified,2026-07-11T10:15:45.417Z,2026-07-11T12:51:11.789Z,1
finding-b840483ae8dba96591078d91,Finding,Thing,KALISPELL REGIONAL MEDICAL CENTER INC — Department of Health and Human Services,,record-update | money-contracts,machine-classified,2026-07-11T10:15:45.417Z,2026-07-11T12:51:11.789Z,1
finding-a4c3be6557762ace01affe55,Finding,Thing,"KATMAI INTEGRATED SOLUTIONS, LLC — Department of Energy",,record-update | money-contracts,machine-classified,2026-07-11T10:15:45.417Z,2026-07-11T12:51:11.789Z,1
finding-2e7d26952cdda0b56a26e7d3,Finding,Thing,"KATMAI INTEGRATED SOLUTIONS, LLC — Department of Energy",,record-update | money-contracts,machine-classified,2026-07-11T10:15:45.417Z,2026-07-11T12:51:11.789Z,1
finding-ab7b2cf392766b74da6ff222,Finding,Thing,KLEEN SWEEP LLC — Department of Energy,,record-update | money-contracts,machine-classified,2026-07-11T10:15:45.417Z,2026-07-11T12:51:11.789Z,1
finding-055cb11595ad841e8cdf691b,Finding,Thing,Large Diameter Graphite Electrodes From India: Postponement of Preliminary Determination in the Less-Than-Fair-Value Investigation,,record-update | oversight-audit,machine-classified,2026-07-11T10:15:45.417Z,2026-07-11T12:51:11.789Z,1
finding-4a7d75ee207fe677780fc053,Finding,Thing,"LEIDOS, INC. — Department of Transportation",,record-update | money-contracts,machine-classified,2026-07-11T10:15:45.417Z,2026-07-11T12:51:11.789Z,1
finding-c352a671bc2ccedcb3b119b4,Finding,Thing,LIMESTONE ANALYTICS LLC — Millennium Challenge Corporation,,record-update | money-contracts,machine-classified,2026-07-11T10:15:45.417Z,2026-07-11T12:51:11.789Z,1
finding-f3300dd4dbd88dfcfeef6587,Finding,Thing,LinkedIn,,record-update | epstein-disclosure,machine-classified,2026-07-11T10:15:45.417Z,2026-07-11T12:51:11.789Z,1
finding-ea48cfad3dd1eb064ffc06bf,Finding,Thing,List of Country-related Sanctions,,official-enforcement | international-corruption,machine-classified,2026-07-11T10:15:45.417Z,2026-07-11T12:51:11.789Z,1
finding-b70fb84105b16d3cce48424f,Finding,Thing,Loan Guaranty: Federal Civil Penalties Inflation Adjustment Act Amendments,,record-update | oversight-audit,machine-classified,2026-07-11T10:15:45.417Z,2026-07-11T12:51:11.789Z,1
finding-eb9a91493c5bec05512fa1c1,Finding,Thing,LOCKMASTERS INC — District of Columbia Courts,,record-update | money-contracts,machine-classified,2026-07-11T10:15:45.417Z,2026-07-11T12:51:11.789Z,1
finding-4670905a6edb18e1a843ea1d,Finding,Thing,"Mariana Moualem, F.N.P.; Decision and Order",,record-update | oversight-audit,machine-classified,2026-07-11T10:15:45.417Z,2026-07-11T12:51:11.789Z,1
finding-91d9df460c99ac57c5c24419,Finding,Thing,"Mark Allen, D.D.S.; Decision and Order",,record-update | oversight-audit,machine-classified,2026-07-11T10:15:45.417Z,2026-07-11T12:51:11.789Z,1
finding-c5c56a3c14263196795d0728,Finding,Thing,MATHEMATICA INC. — Department of Education,,record-update | money-contracts,machine-classified,2026-07-11T10:15:45.417Z,2026-07-11T12:51:11.789Z,1
finding-b4d03b1ddc5dfe58d7fd652e,Finding,Thing,"Matter of the Estate of Jeffrey E. Epstein, Deceased , No. ST-21-RV-00005 (V.I. Super. Ct. 2021)",,record-update | epstein-disclosure,machine-classified,2026-07-11T10:15:45.417Z,2026-07-11T12:51:11.789Z,1
finding-77046566a836a00317e47514,Finding,Thing,"MAXIMUS FEDERAL SERVICES, INC. — Department of Education",,record-update | money-contracts,machine-classified,2026-07-11T10:15:45.417Z,2026-07-11T12:51:11.789Z,1
finding-789052cd46551658a29a03c5,Finding,Thing,Maxwell Proffer,,record-update | epstein-disclosure,machine-classified,2026-07-11T10:15:45.417Z,2026-07-11T12:51:11.789Z,1
finding-e986f2f565b8f10ac56cd395,Finding,Thing,"Maxwell v. Estate of Jeffrey Epstein , No. ST-20-CV-155 (V.I. Super. Ct. 2020)",,record-update | epstein-disclosure,machine-classified,2026-07-11T10:15:45.417Z,2026-07-11T12:51:11.789Z,1
finding-e7ec714af3a517ae0b8fe68c,Finding,Thing,"Maxwell v. United States , No. 24-1073 (U.S. 2025) (petition for cert.)",,record-update | epstein-disclosure,machine-classified,2026-07-11T10:15:45.417Z,2026-07-11T12:51:11.789Z,1
finding-220a7be0486b20e7994834bf,Finding,Thing,Memoranda and Correspondence,,record-update | epstein-disclosure,machine-classified,2026-07-11T10:15:45.417Z,2026-07-11T12:51:11.789Z,1
finding-f399699069f8a2c66489cee3,Finding,Thing,Misconduct Findings,,wrongdoing-lead | oversight-audit,machine-classified,2026-07-11T10:15:45.417Z,2026-07-11T12:51:11.789Z,1
finding-10eb3bbd06a46214d127564b,Finding,Thing,"Molitor, LLC; Notice of Intent To File License Application, Filing of Pre-Application Document, and Approving Use of the Traditional Licensing Process",,record-update | oversight-audit,machine-classified,2026-07-11T10:15:45.417Z,2026-07-11T12:51:11.789Z,1
finding-4cfc94a79a8b2f5317e2beb8,Finding,Thing,MRIGLOBAL — Department of Health and Human Services,,record-update | money-contracts,machine-classified,2026-07-11T10:15:45.417Z,2026-07-11T12:51:11.789Z,1
finding-0937e7b7df8b3ff2cd4cdaa0,Finding,Thing,National Human Genome Research Institute; Notice of Meeting,,record-update | oversight-audit,machine-classified,2026-07-11T10:15:45.417Z,2026-07-11T12:51:11.789Z,1
finding-cf70ba879e6062db069ee8a2,Finding,Thing,National Register of Historic Places; Notification of Pending Nominations and Related Actions,,record-update | oversight-audit,machine-classified,2026-07-11T10:15:45.417Z,2026-07-11T12:51:11.789Z,1
finding-76d868d0a86a761b9c552b57,Finding,Thing,Natural Resource Damages for Hazardous Substances,,record-update | oversight-audit,machine-classified,2026-07-11T10:15:45.417Z,2026-07-11T12:51:11.789Z,1
finding-c3035e8d91c66b2d79f49d5e,Finding,Thing,New Agency Information Collection Activity Under OMB Review: Insider Threat Incident Reporting Tool,,record-update | oversight-audit,machine-classified,2026-07-11T10:15:45.417Z,2026-07-11T12:51:11.789Z,1
finding-67d4395c4a08283d5cedbcd8,Finding,Thing,New Postal Products,,record-update | oversight-audit,machine-classified,2026-07-11T10:15:45.417Z,2026-07-11T12:51:11.789Z,1
finding-59f69b54987e0e81b6bfddb4,Finding,Thing,"NEW TECH SOLUTIONS, INC. — Department of Energy",,record-update | money-contracts,machine-classified,2026-07-11T10:15:45.417Z,2026-07-11T12:51:11.789Z,1
finding-850fa4b2c63684f816a29d18,Finding,Thing,North Korea Sanctions,,official-enforcement | international-corruption,machine-classified,2026-07-11T10:15:45.417Z,2026-07-11T12:51:11.789Z,1
finding-eeeed8767c8aa9e359b536ba,Finding,Thing,Northern Natural Gas Company; Notice of Scoping Period Requesting Comments on Environmental Issues for the Proposed Permian Basin Expansion Project,,record-update | oversight-audit,machine-classified,2026-07-11T10:15:45.417Z,2026-07-11T12:51:11.789Z,1
finding-48ed7f6b645289610d627dea,Finding,Thing,Notice of Proposals To Engage in or To Acquire Companies Engaged in Permissible Nonbanking Activities,,record-update | oversight-audit,machine-classified,2026-07-11T10:15:45.417Z,2026-07-11T12:51:11.789Z,1
finding-381d685bcdf8a621bc43ced0,Finding,Thing,Notice; Senior Executive Service Performance Review Board Membership,,record-update | oversight-audit,machine-classified,2026-07-11T10:15:45.417Z,2026-07-11T12:51:11.789Z,1
finding-0755976f2e7fc80cd55acb40,Finding,Thing,NOVARTIS PHARMACEUTICALS CORPORATION — Department of Health and Human Services,,record-update | money-contracts,machine-classified,2026-07-11T10:15:45.417Z,2026-07-11T12:51:11.789Z,1
finding-6b3bab2b0e38b99f5bb0a056,Finding,Thing,"OAK RIDGE ASSOCIATED UNIVERSITIES, INCORPORATED — Morris K. Udall and Stewart L. Udall Foundation",,record-update | money-contracts,machine-classified,2026-07-11T10:15:45.417Z,2026-07-11T12:51:11.789Z,1
finding-0e6e82af1576ce299b2ab727,Finding,Thing,Office of Government Information Services Annual Meeting,,record-update | oversight-audit,machine-classified,2026-07-11T10:15:45.417Z,2026-07-11T12:51:11.789Z,1
finding-82b222bc942f00109559778e,Finding,Thing,"Operating Engineers Construction Industry and Miscellaneous Pension Fund v. Dimon , No. 1:23-cv-03903",,record-update | epstein-disclosure,machine-classified,2026-07-11T10:15:45.417Z,2026-07-11T12:51:11.789Z,1
finding-a2fb01f0b53b59661ced68c0,Finding,Thing,Opinion Granting Summary Judgment - Bongiorno,,record-update | government-enforcement,machine-classified,2026-07-11T10:15:45.417Z,2026-07-11T12:51:11.789Z,1
finding-2f73bb3133cd5dc5a95364b3,Finding,Thing,"OPTIMAL SOLUTIONS GROUP, L.L.C — Department of Education",,record-update | money-contracts,machine-classified,2026-07-11T10:15:45.417Z,2026-07-11T12:51:11.789Z,1
finding-b3814745bfa66f3d1a8a833e,Finding,Thing,Order and Final Judgment,,established-wrongdoing | government-enforcement,machine-classified,2026-07-11T10:15:45.417Z,2026-07-11T12:51:11.789Z,1
finding-f74b5d8b537d683ed68a5e18,Finding,Thing,Order Granting SEC&#039;s Motion for Summary Judgment as to Henry Abdo,,record-update | government-enforcement,machine-classified,2026-07-11T10:15:45.417Z,2026-07-11T12:51:11.789Z,1
finding-c764ac7e122509f3988f5529,Finding,Thing,"Oswego Hydro Partners, LP; Notice of Waiver of Water Quality Certification",,record-update | oversight-audit,machine-classified,2026-07-11T10:15:45.417Z,2026-07-11T12:51:11.789Z,1
finding-8f30a86c785326f82e876fd0,Finding,Thing,Other OFAC Sanctions Lists,,official-enforcement | international-corruption,machine-classified,2026-07-11T10:15:45.417Z,2026-07-11T12:51:11.789Z,1
finding-aa1762efe93cb3318e2d17cb,Finding,Thing,our previous releases,,wrongdoing-lead | international-corruption,machine-classified,2026-07-11T10:20:29.613Z,2026-07-11T12:51:11.789Z,1
finding-72696ec32e1dbd8eab13d2cf,Finding,Thing,OUTFRONT MEDIA INC. — District of Columbia Courts,,document-release | money-contracts,machine-classified,2026-07-11T10:15:45.417Z,2026-07-11T12:51:11.789Z,1
finding-7904cdee0305ed8c1a8b10c3,Finding,Thing,"PANAMERICA COMPUTERS, INC. — Department of Education",,official-audit-finding | money-contracts,machine-classified,2026-07-11T10:15:45.417Z,2026-07-11T12:51:11.789Z,1
finding-976042970edf7985440efbfc,Finding,Thing,Passenger Vehicle and Light Truck Tires From the Republic of Korea: Final Results of the Antidumping Duty Administrative Review; 2023-2024,,record-update | oversight-audit,machine-classified,2026-07-11T10:15:45.417Z,2026-07-11T12:51:11.789Z,1
finding-04765f6b3b11bbb15e157efc,Finding,Thing,PERATON INC. — National Aeronautics and Space Administration,,record-update | money-contracts,machine-classified,2026-07-11T10:15:45.417Z,2026-07-11T12:51:11.789Z,1
finding-c7b000c40da5dc2381fd5b79,Finding,Thing,PHOENIX CONTRACTING LLC — Department of Energy,,record-update | money-contracts,machine-classified,2026-07-11T10:15:45.417Z,2026-07-11T12:51:11.789Z,1
finding-f3fd9ab3a58014e7ca243933,Finding,Thing,Pipeline Safety: Guidance for Enhancing the Effectiveness of Distribution Integrity Management Programs,,document-release | oversight-audit,machine-classified,2026-07-11T10:15:45.417Z,2026-07-11T12:51:11.789Z,1
finding-64c90a32b1f6e3f64433376b,Finding,Thing,Pipeline Safety: Information Collection Activities,,record-update | oversight-audit,machine-classified,2026-07-11T10:15:45.417Z,2026-07-11T12:51:11.789Z,1
finding-1b8b20d4acad24202b8cb04e,Finding,Thing,"Polyethylene Terephthalate Film, Sheet, and Strip From India: Final Results of Countervailing Duty Administrative Review; 2023",,record-update | oversight-audit,machine-classified,2026-07-11T10:15:45.417Z,2026-07-11T12:51:11.789Z,1
finding-ac070932b7a9690494dabea9,Finding,Thing,"Press Release Chairman Comer Issues Two Subpoenas to Leon Black June 26, 2026 WASHINGTON—Today, House Committee on Oversight and Government Reform Chairman James Comer (R-Ky.) issued two subpoenas to Leon Black during his voluntary transcribed interview. The first subpoena compe…",,document-release | oversight-audit,machine-classified,2026-07-11T10:15:45.417Z,2026-07-11T12:51:11.789Z,1
finding-a186a8c48d09d766ee646d8a,Finding,Thing,"Press Release Comer Launches Investigation into Billions in Unpaid Taxes Owed by Federal Employees June 25, 2026 WASHINGTON—House Committee on Oversight and Government Reform Chairman James Comer (R-Ky.) today launched an investigation into the growing rate of tax delinquency am…",,document-release | oversight-audit,machine-classified,2026-07-11T10:15:45.417Z,2026-07-11T12:51:11.789Z,1
finding-aa83061295482dab2de0e8cf,Finding,Thing,"Press Release Comer, Sessions, Higgins, Biggs Continue Oversight of CIGIE Following GAO Report Uncovering Integrity Committee Failures July 1, 2026 WASHINGTON—House Committee on Oversight and Government Reform Chairman James Comer (R-Ky.), Subcommittee on Government Operations C…",,document-release | oversight-audit,machine-classified,2026-07-11T10:15:45.417Z,2026-07-11T12:51:11.789Z,1
finding-47abd5da595392529eca1a9a,Finding,Thing,"Press Release Gill Announces Hearing on DEI in American Institutions July 7, 2026 WASHINGTON—Task Force on Defending Constitutional Rights and Exposing Institutional Abuses Chairman Brandon Gill (R-Texas) today announced a hearing titled “Combating DEI in American Institutions.”…",,document-release | oversight-audit,machine-classified,2026-07-11T10:15:45.417Z,2026-07-11T12:51:11.789Z,1
finding-8494b3914aa221957e7d773d,Finding,Thing,"Press Release Hearing Wrap Up: Declassifying Information is Important for Preserving Public Trust June 30, 2026 WASHINGTON—Today, the Task Force on the Declassification of Federal Secrets held a hearing on “Mind Control and Accountability: Uncovering the Truth of the CIA’s MKULT…",,document-release | oversight-audit,machine-classified,2026-07-11T10:15:45.417Z,2026-07-11T12:51:11.789Z,1
finding-0fe0059e42378e13214188d1,Finding,Thing,"Press Release Luna Opens Hearing on MKULTRA Project Transparency June 30, 2026 WASHINGTON—Task Force on the Declassification of Federal Secrets Chairwoman Anna Paulina Luna (R-Fla.) delivered opening remarks at today’s hearing on ""Mind Control and Accountability: Uncovering the…",,document-release | oversight-audit,machine-classified,2026-07-11T10:15:45.417Z,2026-07-11T12:51:11.789Z,1
finding-4115b8040e77a98ff3696dbd,Finding,Thing,"Press Release Sessions Announces Hearing on Emerging Fraud Threats and the Evolving Landscapes July 9, 2026 WASHINGTON—Subcommittee on Government Operations Chairman Pete Sessions (R-Texas) today announced a hearing on “Emerging Fraud Threats and the Evolving Fraud Landscape.” T…",,document-release | oversight-audit,machine-classified,2026-07-11T10:15:45.417Z,2026-07-11T12:51:11.789Z,1
finding-7dc56df514227e3e4875c1ad,Finding,Thing,Privacy Act of 1974; Matching Program,,record-update | oversight-audit,machine-classified,2026-07-11T10:15:45.417Z,2026-07-11T12:51:11.789Z,1
finding-3a046f461d2705ed0bb49e5c,Finding,Thing,Proposed Data Collection Submitted for Public Comment and Recommendations,,record-update | oversight-audit,machine-classified,2026-07-11T10:15:45.417Z,2026-07-11T12:51:11.789Z,1
finding-5c2f00c59d0e99e43d9171ec,Finding,Thing,Proposed Data Collection Submitted for Public Comment and Recommendations,,record-update | oversight-audit,machine-classified,2026-07-11T10:15:45.417Z,2026-07-11T12:51:11.789Z,1
finding-a59e6c703b47ece9c0e5dceb,Finding,Thing,Proposed Judgment and Consent as to the Tron Defendants,,record-update | government-enforcement,machine-classified,2026-07-11T10:15:45.417Z,2026-07-11T12:51:11.789Z,1
finding-270a6aa3d6d6d104a89b7f92,Finding,Thing,"PURDUE APPLIED RESEARCH INSTITUTE, LLC — Department of Energy",,record-update | money-contracts,machine-classified,2026-07-11T10:15:45.417Z,2026-07-11T12:51:11.789Z,1
finding-7821064e7b89e7954689338c,Finding,Thing,Questions and Answers Regarding the Affordable Housing Program and Questions and Answers Regarding the Affordable Housing Program-Part 2,,record-update | oversight-audit,machine-classified,2026-07-11T10:15:45.417Z,2026-07-11T12:51:11.789Z,1
finding-6fd9457c3565f0ef358ca298,Finding,Thing,Read more about what we do,,wrongdoing-lead | international-corruption,machine-classified,2026-07-11T10:20:29.613Z,2026-07-11T12:51:11.789Z,1
finding-b37c9a412361f2d7a25f808f,Finding,Thing,Recommendations,,record-update | oversight-audit,machine-classified,2026-07-11T10:15:45.417Z,2026-07-11T12:51:11.789Z,1
finding-38485310f494008608ba22bb,Finding,Thing,RELIANCE CONTRACTORS INC — Department of Energy,,record-update | money-contracts,machine-classified,2026-07-11T10:15:45.417Z,2026-07-11T12:51:11.789Z,1
finding-18cc99b8cc7fdd992e408813,Finding,Thing,"Report serious fraud, bribery and corruption",,wrongdoing-lead | international-corruption,machine-classified,2026-07-11T10:20:29.613Z,2026-07-11T12:51:11.789Z,1
finding-a9382e50dc926d1b9d723dc7,Finding,Thing,"Rockies Express Pipeline LLC; Cheyenne Connector, LLC; East Cheyenne Gas Storage, LLC: Notice of Onsite Environmental Review",,record-update | oversight-audit,machine-classified,2026-07-11T10:15:45.417Z,2026-07-11T12:51:11.789Z,1
finding-0c4fa394dfc4a64387d552b3,Finding,Thing,RURAL ELECTRIC SUPPLY COOPERATIVE — Department of Energy,,record-update | money-contracts,machine-classified,2026-07-11T10:15:45.417Z,2026-07-11T12:51:11.789Z,1
finding-cb9fba51d8a573f83caac8be,Finding,Thing,Russia-related Sanctions,,official-enforcement | international-corruption,machine-classified,2026-07-11T10:15:45.417Z,2026-07-11T12:51:11.789Z,1
finding-9967ab909adf33539b080d3f,Finding,Thing,"Ruth Jones, D.O.; Decision and Order",,record-update | oversight-audit,machine-classified,2026-07-11T10:15:45.417Z,2026-07-11T12:51:11.789Z,1
finding-5c561dbca0f4f66c64012fce,Finding,Thing,"Safety Zone; Chicago Sanitary and Ship Canal, Chicago, IL",,record-update | oversight-audit,machine-classified,2026-07-11T10:15:45.417Z,2026-07-11T12:51:11.789Z,1
finding-ecae9f9d9a27e3b47d81be52,Finding,Thing,"Safety Zone; Fireworks Display, Columbia River, Cascade Locks, OR",,record-update | oversight-audit,machine-classified,2026-07-11T10:15:45.417Z,2026-07-11T12:51:11.789Z,1
finding-685319d50d086691539ff2b6,Finding,Thing,"Safety Zone; Fireworks Display, Lavaca Bay, Point Comfort, TX",,record-update | oversight-audit,machine-classified,2026-07-11T10:15:45.417Z,2026-07-11T12:51:11.789Z,1
finding-46946e16f112789f29e7d82a,Finding,Thing,Sanctions List Search,,official-enforcement | international-corruption,machine-classified,2026-07-11T10:15:45.417Z,2026-07-11T12:51:11.789Z,1
finding-bbea9900cdc5b0301822293c,Finding,Thing,Sanctions List Service,,official-enforcement | international-corruption,machine-classified,2026-07-11T10:15:45.417Z,2026-07-11T12:51:11.789Z,1
finding-64325ff51f70d5e4fe3bd893,Finding,Thing,Sanctions List Updates,,official-enforcement | international-corruption,machine-classified,2026-07-11T10:15:45.417Z,2026-07-11T12:51:11.789Z,1
finding-f97196de8424ac92a1451345,Finding,Thing,Sanctions Programs and Country Information,,official-enforcement | international-corruption,machine-classified,2026-07-11T10:15:45.417Z,2026-07-11T12:51:11.789Z,1
finding-eb888e921836d03ba1019eac,Finding,Thing,SCHEDULE 13G - Kendall Brazos Duncan (0002144955) (Filed by),,record-update | money-contracts,machine-classified,2026-07-11T10:15:45.417Z,2026-07-11T12:51:11.789Z,1
finding-ed0ea038df1656aae85f9da0,Finding,Thing,Search Full Library,,record-update | epstein-disclosure,machine-classified,2026-07-11T10:15:45.417Z,2026-07-11T12:51:11.789Z,1
finding-7e3b4ba55b3b42cf89362343,Finding,Thing,Search OFAC&#039;s Sanctions Lists,,official-enforcement | international-corruption,machine-classified,2026-07-11T10:15:45.417Z,2026-07-11T12:51:11.789Z,1
finding-71ea9c83e172ce298335599b,Finding,Thing,See all guidance and regulation,,wrongdoing-lead | international-corruption,machine-classified,2026-07-11T10:20:29.613Z,2026-07-11T12:51:11.789Z,1
finding-e0931afeb6d45749a853c0de,Finding,Thing,See all latest documents,,document-release | international-corruption,machine-classified,2026-07-11T10:20:29.613Z,2026-07-11T12:51:11.789Z,1
finding-4bda1af4ea615fcaf57e73bf,Finding,Thing,See all news and communications,,wrongdoing-lead | international-corruption,machine-classified,2026-07-11T10:20:29.613Z,2026-07-11T12:51:11.789Z,1
finding-329b17113920d9313c738236,Finding,Thing,See all policy papers and consultations,,wrongdoing-lead | international-corruption,machine-classified,2026-07-11T10:20:29.613Z,2026-07-11T12:51:11.789Z,1
finding-ed87f65bc12bd79a66cbbce3,Finding,Thing,See all transparency and freedom of information releases,,wrongdoing-lead | international-corruption,machine-classified,2026-07-11T10:20:29.613Z,2026-07-11T12:51:11.789Z,1
finding-45a938fa6134aec01fc602a4,Finding,Thing,"Self-Regulatory Organizations; Cboe Exchange, Inc.; Notice of Designation of a Longer Period for Commission Action on a Proposed Rule Change To Permit VIX Future-Option Orders",,record-update | oversight-audit,machine-classified,2026-07-11T10:15:45.417Z,2026-07-11T12:51:11.789Z,1
finding-bc99b6b43afe4b9c4222d1b4,Finding,Thing,"Self-Regulatory Organizations; Cboe Exchange, Inc.; Notice of Filing and Immediate Effectiveness of a Proposed Rule Change To Amend Its Fee Schedule To Clarify Language Regarding Certain Free Trials",,record-update | oversight-audit,machine-classified,2026-07-11T10:15:45.417Z,2026-07-11T12:51:11.789Z,1
finding-4295d51369fff83bbe3e7a8a,Finding,Thing,Self-Regulatory Organizations; ICE Clear Credit LLC; Notice of Designation of Longer Period for Commission Action on Proposed Rule Change Relating to the Clearance of Additional Credit Default Swap Contracts,,record-update | oversight-audit,machine-classified,2026-07-11T10:15:45.417Z,2026-07-11T12:51:11.789Z,1
finding-b24fb3934b86cd9e0cac1fa0,Finding,Thing,Self-Regulatory Organizations; ICE Clear Credit LLC; Notice of Filing and Immediate Effectiveness of Proposed Rule Change Relating to ICC's Fee Schedule,,record-update | oversight-audit,machine-classified,2026-07-11T10:15:45.417Z,2026-07-11T12:51:11.789Z,1
finding-72ccf7baa8ef0e297f12a2a5,Finding,Thing,Self-Regulatory Organizations; ICE Clear Credit LLC; Notice of Filing of Proposed Rule Change Relating to the CDS Instrument On-Boarding Policies and Procedures,,record-update | oversight-audit,machine-classified,2026-07-11T10:15:45.417Z,2026-07-11T12:51:11.789Z,1
finding-7700f16fbc404e88332c8a5a,Finding,Thing,"Self-Regulatory Organizations; MIAX Emerald, LLC; Notice of Filing and Immediate Effectiveness of a Proposed Rule Change To Amend the Quarterly Review of Professional Interest Orders",,record-update | oversight-audit,machine-classified,2026-07-11T10:15:45.417Z,2026-07-11T12:51:11.789Z,1
finding-0b1fa9c42cf6c8ea61c396fe,Finding,Thing,"Self-Regulatory Organizations; MIAX Sapphire, LLC; Notice of Filing and Immediate Effectiveness of a Proposed Rule Change To Amend Exchange Rule 100, Definitions, To Amend the Quarterly Review of Professional Interest Orders",,record-update | oversight-audit,machine-classified,2026-07-11T10:15:45.417Z,2026-07-11T12:51:11.789Z,1
finding-7f82b708a676bf1e8e1f76ec,Finding,Thing,"Self-Regulatory Organizations; NYSE Arca, Inc.; Notice of Filing and Immediate Effectiveness of Proposed Rule Change To Amend Rule 7.18-E Regarding Regulatory Halts for Corporate Actions and Issuer-Related Events",,record-update | oversight-audit,machine-classified,2026-07-11T10:15:45.417Z,2026-07-11T12:51:11.789Z,1
finding-2e92b3eb4192f5681090a2c7,Finding,Thing,Self-Regulatory Organizations; The Nasdaq Stock Market LLC; Notice of Filing and Immediate Effectiveness of Proposed Rule Change To Amend Rule 4120 Regarding Regulatory Halts for Corporate Actions and Issuer-Related Events,,record-update | oversight-audit,machine-classified,2026-07-11T10:15:45.417Z,2026-07-11T12:51:11.789Z,1
finding-f130e8f7befd5e6494e04c9e,Finding,Thing,"Self-Regulatory Organizations: Miami International Securities Exchange, LLC; Notice of Filing and Immediate Effectiveness of a Proposed Rule Change To Amend Rule 100, Definitions, To Amend the Quarterly Review of Professional Interest Orders",,record-update | oversight-audit,machine-classified,2026-07-11T10:15:45.417Z,2026-07-11T12:51:11.789Z,1
finding-7db2a6606f719c39a2502627,Finding,Thing,SFO announces investigation into suspected telecoms company fraud,,wrongdoing-lead | international-corruption,machine-classified,2026-07-11T10:20:29.613Z,2026-07-11T12:51:11.789Z,1
finding-67774dcb1e726c149dd2c0e5,Finding,Thing,"SFO to secure a further £96,000 from “green energy” fraudster",,wrongdoing-lead | international-corruption,machine-classified,2026-07-11T10:20:29.613Z,2026-07-11T12:51:11.789Z,1
finding-4760d05f4604f7599f2447d3,Finding,Thing,"SIEMENS MEDICAL SOLUTIONS USA, INC. — Department of Veterans Affairs",,record-update | money-contracts,machine-classified,2026-07-11T10:15:45.417Z,2026-07-11T12:51:11.789Z,1
finding-e6a9858ce2fe9aafdfc31f96,Finding,Thing,"SILENT PARTNER SECURITY SYSTEMS, INC. — Department of Education",,record-update | money-contracts,machine-classified,2026-07-11T10:15:45.417Z,2026-07-11T12:51:11.789Z,1
finding-61b7eb9ffc5009da34e2975a,Finding,Thing,Skip to main content,,record-update | epstein-disclosure,machine-classified,2026-07-11T10:15:45.417Z,2026-07-11T12:51:11.789Z,1
finding-9f95ebb47e23ac8a5634fc3d,Finding,Thing,Skip to main content,,wrongdoing-lead | international-corruption,machine-classified,2026-07-11T10:20:29.613Z,2026-07-11T12:51:11.789Z,1
finding-5433e5239c297305b27d7262,Finding,Thing,SKOOKUM EDUCATIONAL PROGRAMS — Department of Energy,,record-update | money-contracts,machine-classified,2026-07-11T10:15:45.417Z,2026-07-11T12:51:11.789Z,1
finding-c3ef92932cc4201392c7d30e,Finding,Thing,SOFTWARE INFORMATION RESOURCE CORP. — Department of Energy,,record-update | money-contracts,machine-classified,2026-07-11T10:15:45.417Z,2026-07-11T12:51:11.789Z,1
finding-1ce83f5449e72a28aa68969a,Finding,Thing,SOFTWARE INFORMATION RESOURCE CORP. — Department of Energy,,record-update | money-contracts,machine-classified,2026-07-11T10:15:45.417Z,2026-07-11T12:51:11.789Z,1
finding-2bb9488f27ba1953a2303978,Finding,Thing,SOFTWARE INFORMATION RESOURCE CORP. — Department of Energy,,record-update | money-contracts,machine-classified,2026-07-11T10:15:45.417Z,2026-07-11T12:51:11.789Z,1
finding-95c258b6b9625fee0723a741,Finding,Thing,SPRINGFIELD SOLUTIONS LLC — Department of Energy,,record-update | money-contracts,machine-classified,2026-07-11T10:15:45.417Z,2026-07-11T12:51:11.789Z,1
finding-326264d1e1c0b114db61b8bf,Finding,Thing,"State of Florida v. Epstein , No. 50-2006-CF-009454-AXXX-MB (Fla. 15th Cir. Ct. 2006)",,record-update | epstein-disclosure,machine-classified,2026-07-11T10:15:45.417Z,2026-07-11T12:51:11.789Z,1
finding-a7105482b520092289b997f6,Finding,Thing,"State of Florida v. Epstein , No. 50-2008-CF-009381-AXXX-MB (Fla. 15th Cir. Ct. 2008)",,record-update | epstein-disclosure,machine-classified,2026-07-11T10:15:45.417Z,2026-07-11T12:51:11.789Z,1
finding-24baaf93065b1400e2394c90,Finding,Thing,Statistical Policy Directive No. 8: North American Industry Classification System (NAICS)-Request for Comments on Proposed Updates for 2027,,record-update | oversight-audit,machine-classified,2026-07-11T10:15:45.417Z,2026-07-11T12:51:11.789Z,1
finding-11b1b525fb2c04e923f71bcb,Finding,Thing,Steel Reef Pipelines US LLC; Notice of Application and Establishing Intervention Deadline,,record-update | oversight-audit,machine-classified,2026-07-11T10:15:45.417Z,2026-07-11T12:51:11.789Z,1
finding-2aa1d5305138916e8aa97cd2,Finding,Thing,STREET LEGAL INDUSTRIES LLC — Department of Energy,,record-update | money-contracts,machine-classified,2026-07-11T10:15:45.417Z,2026-07-11T12:51:11.789Z,1
finding-6b00e4d02f74065772a776cd,Finding,Thing,Sunshine Act Meetings,,record-update | oversight-audit,machine-classified,2026-07-11T10:15:45.417Z,2026-07-11T12:51:11.789Z,1
finding-2c492dd68efab2a85ffc0414,Finding,Thing,Sunshine Act Meetings,,record-update | oversight-audit,machine-classified,2026-07-11T10:15:45.417Z,2026-07-11T12:51:11.789Z,1
finding-a96598590110886e4be6a9e6,Finding,Thing,Sunshine Act Meetings,,record-update | oversight-audit,machine-classified,2026-07-11T10:15:45.417Z,2026-07-11T12:51:11.789Z,1
finding-60933648be60df23298eab31,Finding,Thing,Suspended Counterparty Program,,record-update | oversight-audit,machine-classified,2026-07-11T10:15:45.417Z,2026-07-11T12:51:11.789Z,1
finding-c5d436be00ce3c88937f47ae,Finding,Thing,TACTILE DESIGN GROUP LLC — Department of Education,,record-update | money-contracts,machine-classified,2026-07-11T10:15:45.417Z,2026-07-11T12:51:11.789Z,1
finding-b5ba07258bfb23b39e7489ed,Finding,Thing,"TAHER, INC. — General Services Administration",,record-update | money-contracts,machine-classified,2026-07-11T10:15:45.417Z,2026-07-11T12:51:11.789Z,1
finding-6ea3d57f2b9527f985f2bb63,Finding,Thing,"Takes of Marine Mammals Incidental to Specified Activities; Taking Marine Mammals Incidental to Ferndale Pier Maintenance Activities in Ferndale, Washington",,record-update | oversight-audit,machine-classified,2026-07-11T10:15:45.417Z,2026-07-11T12:51:11.789Z,1
finding-7248ec9945f5759174b66e47,Finding,Thing,"TECHTREND, INC. — Department of Energy",,record-update | money-contracts,machine-classified,2026-07-11T10:15:45.417Z,2026-07-11T12:51:11.789Z,1
finding-f35db6e60371b21543fc4400,Finding,Thing,"TETRA TECH, INC. — Department of Energy",,record-update | money-contracts,machine-classified,2026-07-11T10:15:45.417Z,2026-07-11T12:51:11.789Z,1
finding-f59c90618904f6edd4fd15ed,Finding,Thing,"THE FIELDS GROUP, LLC — Department of Energy",,record-update | money-contracts,machine-classified,2026-07-11T10:15:45.417Z,2026-07-11T12:51:11.789Z,1
finding-17024a9fdb6b12fd58e505e0,Finding,Thing,THE LELAND STANFORD JUNIOR UNIVERSITY — Department of Energy,,record-update | money-contracts,machine-classified,2026-07-11T10:15:45.417Z,2026-07-11T12:51:11.789Z,1
finding-72fafd08e81f76b86f1e3390,Finding,Thing,"Timothy Genetta, D.O.; Decision and Order",,record-update | oversight-audit,machine-classified,2026-07-11T10:15:45.417Z,2026-07-11T12:51:11.789Z,1
finding-af910276ebbeb5dbdb2388cc,Finding,Thing,TOMMYLEE CAPITAL LLC — Department of Energy,,record-update | money-contracts,machine-classified,2026-07-11T10:15:45.417Z,2026-07-11T12:51:11.789Z,1
finding-b30fb05c0fa8ac9fee254bc3,Finding,Thing,TRACE SYSTEMS INC. — Department of Defense,,record-update | money-contracts,machine-classified,2026-07-11T10:15:45.417Z,2026-07-11T12:51:11.789Z,1
finding-39407a7d3e74f138669e11ee,Finding,Thing,"Transcontinental Gas Pipe Line Company, LLC; Notice; Notice of Request of Extension of Time",,record-update | oversight-audit,machine-classified,2026-07-11T10:15:45.417Z,2026-07-11T12:51:11.789Z,1
finding-b2440144f917a2ad008b8101,Finding,Thing,U.S. Department of Justice — Justice News source page checked,,record-update | government-enforcement,machine-classified,2026-07-11T10:15:45.417Z,2026-07-11T12:51:11.789Z,1
finding-1ce8ea5e575bf4f86c37fb16,Finding,Thing,UNISON VIRTUAL ACQUISITION OFFICE LLC — Department of Energy,,record-update | money-contracts,machine-classified,2026-07-11T10:15:45.417Z,2026-07-11T12:51:11.789Z,1
finding-3e7cedda981cdeefee8bfbaf,Finding,Thing,"United States v. Epstein , No. 1:19-cr-00490 (S.D.N.Y. 2019)",,record-update | epstein-disclosure,machine-classified,2026-07-11T10:15:45.417Z,2026-07-11T12:51:11.789Z,1
finding-7b7038e1538f2d2c4bdfaa70,Finding,Thing,"United States v. Epstein , No. 19-2221 (2d Cir. 2019)",,record-update | epstein-disclosure,machine-classified,2026-07-11T10:15:45.417Z,2026-07-11T12:51:11.789Z,1
finding-9a958437e50a2bb261dfb681,Finding,Thing,"United States v. Maxwell , No. 1:20-cr-00330 (S.D.N.Y. 2020)",,record-update | epstein-disclosure,machine-classified,2026-07-11T10:15:45.417Z,2026-07-11T12:51:11.789Z,1
finding-b6ffa72678720ed7406ccfa3,Finding,Thing,"United States v. Maxwell , No. 1:20-mj-00132 (D.N.H. 2020)",,record-update | epstein-disclosure,machine-classified,2026-07-11T10:15:45.417Z,2026-07-11T12:51:11.789Z,1
finding-fab40c3ed27b9a14218b09df,Finding,Thing,"United States v. Maxwell , No. 20-3061 (2d Cir. 2020)",,record-update | epstein-disclosure,machine-classified,2026-07-11T10:15:45.417Z,2026-07-11T12:51:11.789Z,1
finding-151385790745459ca9a5cc73,Finding,Thing,"United States v. Maxwell , No. 21-0058 (2d Cir. 2021)",,record-update | epstein-disclosure,machine-classified,2026-07-11T10:15:45.417Z,2026-07-11T12:51:11.789Z,1
finding-3b99d718e9dd4294c4f003f4,Finding,Thing,"United States v. Maxwell , No. 22-1426 (2d Cir. 2022)",,record-update | epstein-disclosure,machine-classified,2026-07-11T10:15:45.417Z,2026-07-11T12:51:11.789Z,1
finding-0135f68d0846e600b495a4f0,Finding,Thing,"United States v. Maxwell, No. 21-0770 (2d Cir. 2021)",,record-update | epstein-disclosure,machine-classified,2026-07-11T10:15:45.417Z,2026-07-11T12:51:11.789Z,1
finding-3584d83dd217305542320584,Finding,Thing,"United States v. Noel , No. 1:19-cr-00830 (S.D.N.Y. 2019)",,record-update | epstein-disclosure,machine-classified,2026-07-11T10:15:45.417Z,2026-07-11T12:51:11.789Z,1
finding-4762db97d51afa32cce6dc03,Finding,Thing,Venezuela-related Sanctions,,official-enforcement | international-corruption,machine-classified,2026-07-11T10:15:45.417Z,2026-07-11T12:51:11.789Z,1
finding-fd7ff5fb4b01c9edc8b36b1c,Finding,Thing,View files,,document-release | epstein-disclosure,machine-classified,2026-07-11T10:15:45.417Z,2026-07-11T12:51:11.789Z,1
finding-b6cea3e082955199ac1ce775,Finding,Thing,View files,,document-release | epstein-disclosure,machine-classified,2026-07-11T10:15:45.417Z,2026-07-11T12:51:11.789Z,1
finding-b03056213cc10a2476cda438,Finding,Thing,View files,,document-release | epstein-disclosure,machine-classified,2026-07-11T10:15:45.417Z,2026-07-11T12:51:11.789Z,1
finding-eea08e12995de57c7b8f279d,Finding,Thing,View files,,document-release | epstein-disclosure,machine-classified,2026-07-11T10:15:45.417Z,2026-07-11T12:51:11.789Z,1
finding-58b70a0201a8b0301acc9b4c,Finding,Thing,View files,,document-release | epstein-disclosure,machine-classified,2026-07-11T10:15:45.417Z,2026-07-11T12:51:11.789Z,1
finding-e4d374fd2a41651d4de038cc,Finding,Thing,View files,,document-release | epstein-disclosure,machine-classified,2026-07-11T10:15:45.417Z,2026-07-11T12:51:11.789Z,1
finding-d65be839500a5fe9813405d4,Finding,Thing,View files,,document-release | epstein-disclosure,machine-classified,2026-07-11T10:15:45.417Z,2026-07-11T12:51:11.789Z,1
finding-082965d46ebe0197c48b4983,Finding,Thing,View files,,document-release | epstein-disclosure,machine-classified,2026-07-11T10:15:45.417Z,2026-07-11T12:51:11.789Z,1
finding-58a8d2f9ddc676bc6c575053,Finding,Thing,View files,,document-release | epstein-disclosure,machine-classified,2026-07-11T10:15:45.417Z,2026-07-11T12:51:11.789Z,1
finding-1db72545198150ca0100e704,Finding,Thing,View files,,document-release | epstein-disclosure,machine-classified,2026-07-11T10:15:45.417Z,2026-07-11T12:51:11.789Z,1
finding-6aa174d9e44246806f0e27d2,Finding,Thing,View files,,document-release | epstein-disclosure,machine-classified,2026-07-11T10:15:45.417Z,2026-07-11T12:51:11.789Z,1
finding-e091e9ef03bc7d3d36969bf0,Finding,Thing,View files,,document-release | epstein-disclosure,machine-classified,2026-07-11T10:15:45.417Z,2026-07-11T12:51:11.789Z,1
finding-8801c1d8aaf667353a578a5e,Finding,Thing,VPRIME TECH INC — Department of Energy,,record-update | money-contracts,machine-classified,2026-07-11T10:15:45.417Z,2026-07-11T12:51:11.789Z,1
finding-cc8f59352eadaf0bcb09933a,Finding,Thing,Webinar for Grantees: The Audit Process,,official-audit-finding | oversight-audit,machine-classified,2026-07-11T10:15:45.417Z,2026-07-11T12:51:11.789Z,1
finding-aa322576e7ca985cfb342468,Finding,Thing,Western Area Power Administration; Notice of Filing,,record-update | oversight-audit,machine-classified,2026-07-11T10:15:45.417Z,2026-07-11T12:51:11.789Z,1
finding-a72f7c6c0ad6af53f37ce603,Finding,Thing,WL Research Community - user contributed research based on documents published by WikiLeaks.,,leak-or-document-lead | declassified-leaks,machine-classified,2026-07-11T10:15:45.417Z,2026-07-11T12:51:11.789Z,1
finding-63cf8ab285b70c1eb6640ce7,Finding,Thing,Wooden Cabinets and Vanities and Components Thereof From People's Republic of China: Preliminary Results and Partial Rescission of Countervailing Duty Administrative Review; 2024,,record-update | oversight-audit,machine-classified,2026-07-11T10:15:45.417Z,2026-07-11T12:51:11.789Z,1
finding-bb04a6ef4379646f9cb5de90,Finding,Thing,Wooden Cabinets and Vanities and Components Thereof From the People's Republic of China: Preliminary Results and Partial Recission of the Antidumping Duty Administrative Review; 2024-2025,,record-update | oversight-audit,machine-classified,2026-07-11T10:15:45.417Z,2026-07-11T12:51:11.789Z,1
finding-ae3cc9edf221daba7162a6bf,Finding,Thing,Working for SFO,,wrongdoing-lead | international-corruption,machine-classified,2026-07-11T10:20:29.613Z,2026-07-11T12:51:11.789Z,1
entity-foundation-416980bb59daccfacedb,Foundation,Organization,Morris K. Udall and Stewart L. Udall Foundation,,named-in-public-record | refined-from-organization,machine-extracted-unreviewed,2026-07-11T12:51:11.789Z,2026-07-11T12:51:11.789Z,1
entity-foundation-a2f098246a6358939514,Foundation,Organization,U.S. National Science Foundation,,named-in-public-record | refined-from-organization,machine-extracted-unreviewed,2026-07-11T12:51:11.789Z,2026-07-11T12:51:11.789Z,1
entity-governmentagency-880bbdeda82eafd6a083,GovernmentAgency,PublicBody,Additional Credit Default Swap Contracts Securities and Exchange Commission,,named-in-public-record | refined-from-organization,machine-extracted-unreviewed,2026-07-11T12:51:11.789Z,2026-07-11T12:51:11.789Z,1
entity-governmentagency-36db8da24da79f9319ef,GovernmentAgency,PublicBody,Approving Use of the Traditional Licensing Process Energy Department,,named-in-public-record | refined-from-organization,machine-extracted-unreviewed,2026-07-11T12:51:11.789Z,2026-07-11T12:51:11.789Z,1
entity-governmentagency-57fdc1a57d7fac5e5193,GovernmentAgency,PublicBody,AS TO DEFENDANT DAQUAN LLOYD The Securities and Exchange Commission,,named-in-public-record | refined-from-organization,machine-extracted-unreviewed,2026-07-11T13:06:17.977Z,2026-07-11T13:06:17.977Z,1
entity-governmentagency-286a0bbd8e2edbbf3e19,GovernmentAgency,PublicBody,AS TO DEFENDANT FERNANDO PASSOS The Securities and Exchange Commission,,named-in-public-record | refined-from-organization,machine-extracted-unreviewed,2026-07-11T13:06:17.977Z,2026-07-11T13:06:17.977Z,1
entity-governmentagency-760ba48af11027c4b325,GovernmentAgency,PublicBody,AS TO DEFENDANT SUZEE HAN The Securities and Exchange Commission,,named-in-public-record | refined-from-organization,machine-extracted-unreviewed,2026-07-11T13:06:17.977Z,2026-07-11T13:06:17.977Z,1
entity-governmentagency-6605a26ee94d4461a660,GovernmentAgency,PublicBody,Attorney Review Protocol for Epstein Files Department,,named-in-public-record | refined-from-organization,machine-extracted-unreviewed,2026-07-11T12:51:11.789Z,2026-07-11T12:51:11.789Z,1
entity-governmentagency-18d14316fa33bfcfed04,GovernmentAgency,PublicBody,Audit of the Department,,named-in-public-record | refined-from-organization,machine-extracted-unreviewed,2026-07-11T12:51:11.789Z,2026-07-11T12:51:11.789Z,1
entity-governmentagency-9f02b31226b3a5a88b37,GovernmentAgency,PublicBody,Audit of the Drug Enforcement Administration,,named-in-public-record | refined-from-organization,machine-extracted-unreviewed,2026-07-11T12:51:11.789Z,2026-07-11T12:51:11.789Z,1
entity-governmentagency-59f7062a018039d4dcb6,GovernmentAgency,PublicBody,Audit of the Office,,named-in-public-record | refined-from-organization,machine-extracted-unreviewed,2026-07-11T12:51:11.789Z,2026-07-11T12:51:11.789Z,3
entity-governmentagency-797985e00599a69778e5,GovernmentAgency,PublicBody,Audit of the Office of Justice Programs Bureau,,named-in-public-record | refined-from-organization,machine-extracted-unreviewed,2026-07-11T12:51:11.789Z,2026-07-11T12:51:11.789Z,1
entity-governmentagency-63f7b437e36300e3c08c,GovernmentAgency,PublicBody,Audit of the U.S. Department,,named-in-public-record | refined-from-organization,machine-extracted-unreviewed,2026-07-11T12:51:11.789Z,2026-07-11T12:51:11.789Z,1
entity-governmentagency-dc593060b8e1f190087b,GovernmentAgency,PublicBody,Audit of the Utilization of the Office,,named-in-public-record | refined-from-organization,machine-extracted-unreviewed,2026-07-11T12:51:11.789Z,2026-07-11T12:51:11.789Z,1
entity-governmentagency-3ccf8c1785ef3e305d21,GovernmentAgency,PublicBody,Authority of Commission,,named-in-public-record | refined-from-organization,machine-extracted-unreviewed,2026-07-11T13:06:17.977Z,2026-07-11T13:06:17.977Z,1
entity-governmentagency-828abaaa0743287d162e,GovernmentAgency,PublicBody,BOP Video Footage Department,,named-in-public-record | refined-from-organization,machine-extracted-unreviewed,2026-07-11T12:51:11.789Z,2026-07-11T12:51:11.789Z,1
entity-governmentagency-a29a48098ec68a3dda70,GovernmentAgency,PublicBody,Bureau of the Fiscal Service,,named-in-public-record | refined-from-organization,machine-extracted-unreviewed,2026-07-11T12:51:11.789Z,2026-07-11T12:51:11.789Z,1
entity-governmentagency-19975482c962fcb0589d,GovernmentAgency,PublicBody,California Department,,named-in-public-record | refined-from-organization,machine-extracted-unreviewed,2026-07-11T13:06:17.977Z,2026-07-11T13:06:17.977Z,1
entity-governmentagency-1b44198c2d6effb5965c,GovernmentAgency,PublicBody,CDS Instrument On-Boarding Policies and Procedures Securities and Exchange Commission,,named-in-public-record | refined-from-organization,machine-extracted-unreviewed,2026-07-11T12:51:11.789Z,2026-07-11T12:51:11.789Z,1
entity-governmentagency-57498682192cbdc15ce6,GovernmentAgency,PublicBody,Change To Permit VIX Future-Option Orders Securities and Exchange Commission,,named-in-public-record | refined-from-organization,machine-extracted-unreviewed,2026-07-11T12:51:11.789Z,2026-07-11T12:51:11.789Z,1
entity-governmentagency-474b64164dd53609cc0d,GovernmentAgency,PublicBody,CIA Freedom of Information Act Electronic Reading Room,,public-source-operator | primary-official,registry-defined,2026-07-11T14:36:09.251Z,2026-07-11T14:36:09.251Z,1
entity-governmentagency-6af1ecff21c09e5a6dc6,GovernmentAgency,PublicBody,Clarify Language Regarding Certain Free Trials Securities and Exchange Commission,,named-in-public-record | refined-from-organization,machine-extracted-unreviewed,2026-07-11T12:51:11.789Z,2026-07-11T12:51:11.789Z,1
entity-governmentagency-81db8ebb19e418b3c4fa,GovernmentAgency,PublicBody,Class Location Change Agency,,named-in-public-record | refined-from-organization,machine-extracted-unreviewed,2026-07-11T13:06:17.977Z,2026-07-11T13:06:17.977Z,1
entity-governmentagency-59a22043b0c5cd6919d7,GovernmentAgency,PublicBody,Combined Notice of Filings Energy Department,,named-in-public-record | refined-from-organization,machine-extracted-unreviewed,2026-07-11T12:51:11.789Z,2026-07-11T12:51:11.789Z,1
entity-governmentagency-7bec7beeb2c94eaa7bcd,GovernmentAgency,PublicBody,Commercial Customs Operations Advisory Committee,,named-in-public-record | refined-from-organization,machine-extracted-unreviewed,2026-07-11T12:51:11.789Z,2026-07-11T12:51:11.789Z,1
entity-governmentagency-a9921b1794064b16a15f,GovernmentAgency,PublicBody,Commodity Futures Trading Commission,,named-in-public-record | refined-from-organization,machine-extracted-unreviewed,2026-07-11T12:51:11.789Z,2026-07-11T12:51:11.789Z,1
entity-governmentagency-c41b019e97789a7fb84f,GovernmentAgency,PublicBody,Consumer Financial Protection Bureau,,named-in-public-record | refined-from-organization,machine-extracted-unreviewed,2026-07-11T12:51:11.789Z,2026-07-11T12:51:11.789Z,3
entity-governmentagency-b10e2207076fd963f843,GovernmentAgency,PublicBody,Continue Oversight of CIGIE Following GAO Report Uncovering Integrity Committee,,named-in-public-record | refined-from-organization,machine-extracted-unreviewed,2026-07-11T12:51:11.789Z,2026-07-11T12:51:11.789Z,1
entity-governmentagency-422842ab63bac438eab7,GovernmentAgency,PublicBody,Corporate Actions and Issuer-Related Events Securities and Exchange Commission,,named-in-public-record | refined-from-organization,machine-extracted-unreviewed,2026-07-11T12:51:11.789Z,2026-07-11T12:51:11.789Z,2
entity-governmentagency-6f80a5706b46256047dc,GovernmentAgency,PublicBody,Court Services and Offender Supervision Agency,,named-in-public-record | refined-from-organization,machine-extracted-unreviewed,2026-07-11T12:51:11.789Z,2026-07-11T12:51:11.789Z,1
entity-governmentagency-3ba6706763e1aec1d485,GovernmentAgency,PublicBody,Cymraeg Serious Fraud Office,,named-in-public-record | refined-from-organization,machine-extracted-unreviewed,2026-07-11T12:51:11.789Z,2026-07-11T12:51:11.789Z,1
entity-governmentagency-5357e91ca84b6b0ab6ee,GovernmentAgency,PublicBody,Decision and Order Justice Department,,named-in-public-record | refined-from-organization,machine-extracted-unreviewed,2026-07-11T12:51:11.789Z,2026-07-11T12:51:11.789Z,5
entity-governmentagency-cd1d71cf660fd8350570,GovernmentAgency,PublicBody,Defendant. The Commission,,named-in-public-record | refined-from-organization,machine-extracted-unreviewed,2026-07-11T13:06:17.977Z,2026-07-11T13:06:17.977Z,2
entity-governmentagency-076bd64ce444d608be5f,GovernmentAgency,PublicBody,Defense Information Systems Agency,,named-in-public-record | refined-from-organization,machine-extracted-unreviewed,2026-07-11T12:51:11.789Z,2026-07-11T12:51:11.789Z,9
entity-governmentagency-464da6d48548e5f8abb4,GovernmentAgency,PublicBody,Delaware Criminal Justice Council,,named-in-public-record | refined-from-organization,machine-extracted-unreviewed,2026-07-11T12:51:11.789Z,2026-07-11T12:51:11.789Z,1
entity-governmentagency-5cdb0b4a2c0a7c5128bf,GovernmentAgency,PublicBody,Department of the Treasury,,named-in-public-record | refined-from-organization,machine-extracted-unreviewed,2026-07-11T12:51:11.789Z,2026-07-11T12:51:11.789Z,1
entity-governmentagency-9e1c38ca99f420fe1e8e,GovernmentAgency,PublicBody,Department of the Treasury's Bureau of the Fiscal Service,,named-in-public-record | refined-from-organization,machine-extracted-unreviewed,2026-07-11T12:51:11.789Z,2026-07-11T12:51:11.789Z,1
entity-governmentagency-6a799278f2c401c867b3,GovernmentAgency,PublicBody,DIMP. Materials Safety Administration,,named-in-public-record | refined-from-organization,machine-extracted-unreviewed,2026-07-11T13:06:17.977Z,2026-07-11T13:06:17.977Z,1
entity-governmentagency-01cc584a4678043b64b1,GovernmentAgency,PublicBody,DOJ Disclosures Department,,named-in-public-record | refined-from-organization,machine-extracted-unreviewed,2026-07-11T12:51:11.789Z,2026-07-11T12:51:11.789Z,1
entity-governmentagency-410b649cb2d86114260c,GovernmentAgency,PublicBody,Drug Enforcement Administration,,named-in-public-record | refined-from-organization,machine-extracted-unreviewed,2026-07-11T12:51:11.789Z,2026-07-11T12:51:11.789Z,5
entity-governmentagency-4158d96139c8b19c530d,GovernmentAgency,PublicBody,Economic Classification Policy Committee,,named-in-public-record | refined-from-organization,machine-extracted-unreviewed,2026-07-11T12:51:11.789Z,2026-07-11T12:51:11.789Z,1
entity-governmentagency-f81e6a16798be761a0ea,GovernmentAgency,PublicBody,Energy Department,,named-in-public-record | refined-from-organization,machine-extracted-unreviewed,2026-07-11T12:51:11.789Z,2026-07-11T12:51:11.789Z,1
entity-governmentagency-c947785346b89825635a,GovernmentAgency,PublicBody,Environmental Protection Agency,,named-in-public-record | refined-from-organization,machine-extracted-unreviewed,2026-07-11T12:51:11.789Z,2026-07-11T12:51:11.789Z,1
entity-governmentagency-1841aa81afefb0bf66ac,GovernmentAgency,PublicBody,Epstein Files Transparency Act Department,,named-in-public-record | refined-from-organization,machine-extracted-unreviewed,2026-07-11T12:51:11.789Z,2026-07-11T12:51:11.789Z,1
entity-governmentagency-2c428226dcb0c2238543,GovernmentAgency,PublicBody,Epstein Library Department,,named-in-public-record | refined-from-organization,machine-extracted-unreviewed,2026-07-11T12:51:11.789Z,2026-07-11T12:51:11.789Z,1
entity-governmentagency-52265817f5d47791b9e7,GovernmentAgency,PublicBody,European Public Prosecutor's Office,,public-source-operator | primary-official,registry-defined,2026-07-11T14:36:09.251Z,2026-07-11T14:36:09.251Z,1
entity-governmentagency-fee7b16a2ca2255d3316,GovernmentAgency,PublicBody,Executive Office,,named-in-public-record | refined-from-organization,machine-extracted-unreviewed,2026-07-11T12:51:11.789Z,2026-07-11T12:51:11.789Z,1
entity-governmentagency-4f8812c926fdf5396019,GovernmentAgency,PublicBody,Extension The Federal Trade Commission,,named-in-public-record | refined-from-organization,machine-extracted-unreviewed,2026-07-11T12:51:11.789Z,2026-07-11T12:51:11.789Z,1
entity-governmentagency-6727846bb16c07b7fcfe,GovernmentAgency,PublicBody,Facebook Department,,named-in-public-record | refined-from-organization,machine-extracted-unreviewed,2026-07-11T12:51:11.789Z,2026-07-11T12:51:11.789Z,1
entity-governmentagency-4ef5d6653c958046d157,GovernmentAgency,PublicBody,FBI Vault,,public-source-operator | primary-official,registry-defined,2026-07-11T14:36:09.251Z,2026-07-11T14:36:09.251Z,1
entity-governmentagency-d84b1657584861823934,GovernmentAgency,PublicBody,Federal Aviation Administration,,named-in-public-record | refined-from-organization,machine-extracted-unreviewed,2026-07-11T12:51:11.789Z,2026-07-11T12:51:11.789Z,4
entity-governmentagency-2355a3dd5d9e6d4e7f98,GovernmentAgency,PublicBody,Federal Bureau,,named-in-public-record | refined-from-organization,machine-extracted-unreviewed,2026-07-11T12:51:11.789Z,2026-07-11T12:51:11.789Z,2
entity-governmentagency-20ae5856347ec248b392,GovernmentAgency,PublicBody,Federal Civil Penalties Inflation Adjustment Act Amendments The Department,,named-in-public-record | refined-from-organization,machine-extracted-unreviewed,2026-07-11T12:51:11.789Z,2026-07-11T12:51:11.789Z,1
entity-governmentagency-821ae2e1f2ef389c4586,GovernmentAgency,PublicBody,Federal Communications Commission,,named-in-public-record | refined-from-organization,machine-extracted-unreviewed,2026-07-11T12:51:11.789Z,2026-07-11T12:51:11.789Z,3
entity-governmentagency-5124abc8e7ea841d1aa8,GovernmentAgency,PublicBody,Federal Energy Regulatory Commission,,named-in-public-record | refined-from-organization,machine-extracted-unreviewed,2026-07-11T12:51:11.789Z,2026-07-11T12:51:11.789Z,16
entity-governmentagency-4313eec53a8b2d96fc33,GovernmentAgency,PublicBody,Federal Register,,public-source-operator | primary-official,registry-defined,2026-07-11T14:36:09.251Z,2026-07-11T14:36:09.251Z,1
entity-governmentagency-6c642def33446653618e,GovernmentAgency,PublicBody,Federal Trade Commission,,named-in-public-record | refined-from-organization,machine-extracted-unreviewed,2026-07-11T12:51:11.789Z,2026-07-11T12:51:11.789Z,1
entity-governmentagency-8fdd3416d6de4ef0948c,GovernmentAgency,PublicBody,First Phase of Declassified Epstein Files Department,,named-in-public-record | refined-from-organization,machine-extracted-unreviewed,2026-07-11T12:51:11.789Z,2026-07-11T12:51:11.789Z,1
entity-governmentagency-98cab87cb8a12789d0a1,GovernmentAgency,PublicBody,Florida Department,,named-in-public-record | refined-from-organization,machine-extracted-unreviewed,2026-07-11T12:51:11.789Z,2026-07-11T12:51:11.789Z,1
entity-governmentagency-ab0599a7439c479856f3,GovernmentAgency,PublicBody,Foreign Gifts and Contracts Disclosures Education Department,,named-in-public-record | refined-from-organization,machine-extracted-unreviewed,2026-07-11T12:51:11.789Z,2026-07-11T12:51:11.789Z,1
entity-governmentagency-dc76b20fc66a71474319,GovernmentAgency,PublicBody,Form N-RN Securities and Exchange Commission,,named-in-public-record | refined-from-organization,machine-extracted-unreviewed,2026-07-11T12:51:11.789Z,2026-07-11T12:51:11.789Z,1
entity-governmentagency-a23c60163c2d5b28eeb6,GovernmentAgency,PublicBody,France Cour des comptes,,public-source-operator | primary-official,registry-defined,2026-07-11T14:36:09.251Z,2026-07-11T14:36:09.251Z,1
entity-governmentagency-b0490ec09be421dd04a5,GovernmentAgency,PublicBody,France HATVP,,public-source-operator | primary-official,registry-defined,2026-07-11T14:36:09.251Z,2026-07-11T14:36:09.251Z,1
entity-governmentagency-f85781eb4fbd28e338bb,GovernmentAgency,PublicBody,General Services Administration,,named-in-public-record | refined-from-organization,machine-extracted-unreviewed,2026-07-11T12:51:11.789Z,2026-07-11T12:51:11.789Z,1
entity-governmentagency-edbfa928bd9f382b53a1,GovernmentAgency,PublicBody,House Committee,,named-in-public-record | refined-from-organization,machine-extracted-unreviewed,2026-07-11T12:51:11.789Z,2026-07-11T12:51:11.789Z,3
entity-governmentagency-a98a14fa48e9db76b65b,GovernmentAgency,PublicBody,House Disclosures Department,,named-in-public-record | refined-from-organization,machine-extracted-unreviewed,2026-07-11T12:51:11.789Z,2026-07-11T12:51:11.789Z,1
entity-governmentagency-db1ac5f1b68339b741a3,GovernmentAgency,PublicBody,ICC's Fee Schedule Securities and Exchange Commission,,named-in-public-record | refined-from-organization,machine-extracted-unreviewed,2026-07-11T12:51:11.789Z,2026-07-11T12:51:11.789Z,1
entity-governmentagency-a5ca68249597117c8784,GovernmentAgency,PublicBody,Immediate Office,,named-in-public-record | refined-from-organization,machine-extracted-unreviewed,2026-07-11T12:51:11.789Z,2026-07-11T12:51:11.789Z,1
entity-governmentagency-3d669227b794f6168a4c,GovernmentAgency,PublicBody,International Trade Administration,,named-in-public-record | refined-from-organization,machine-extracted-unreviewed,2026-07-11T12:51:11.789Z,2026-07-11T12:51:11.789Z,1
entity-governmentagency-48c1f8fc13050967eaa0,GovernmentAgency,PublicBody,Issues for the Proposed Permian Basin Expansion Project Energy Department,,named-in-public-record | refined-from-organization,machine-extracted-unreviewed,2026-07-11T12:51:11.789Z,2026-07-11T12:51:11.789Z,1
entity-governmentagency-3e6b57616677e825086d,GovernmentAgency,PublicBody,Less-Than-Fair-Value Investigation Commerce Department,,named-in-public-record | refined-from-organization,machine-extracted-unreviewed,2026-07-11T12:51:11.789Z,2026-07-11T12:51:11.789Z,1
entity-governmentagency-6213d4d89f0603545f75,GovernmentAgency,PublicBody,Library of Congress,,named-in-public-record | refined-from-organization,machine-extracted-unreviewed,2026-07-11T13:06:17.977Z,2026-07-11T13:06:17.977Z,1
entity-governmentagency-01f4059d381e9f112e9c,GovernmentAgency,PublicBody,LIBRARY OF CONGRESS Copyright Royalty Board,,named-in-public-record | refined-from-organization,machine-extracted-unreviewed,2026-07-11T13:06:17.977Z,2026-07-11T13:06:17.977Z,1
entity-governmentagency-0e7fb6230952be0a9664,GovernmentAgency,PublicBody,LinkedIn Department,,named-in-public-record | refined-from-organization,machine-extracted-unreviewed,2026-07-11T12:51:11.789Z,2026-07-11T12:51:11.789Z,1
entity-governmentagency-9799201f21fdd5651492,GovernmentAgency,PublicBody,Loan Bank New Business Activities The Federal Housing Finance Agency,,named-in-public-record | refined-from-organization,machine-extracted-unreviewed,2026-07-11T12:51:11.789Z,2026-07-11T12:51:11.789Z,1
entity-governmentagency-3f79b89ef9625d03df65,GovernmentAgency,PublicBody,Longer Period for Commission,,named-in-public-record | refined-from-organization,machine-extracted-unreviewed,2026-07-11T12:51:11.789Z,2026-07-11T12:51:11.789Z,1
entity-governmentagency-7b2d2e14e244ab1a52da,GovernmentAgency,PublicBody,M. Brockett Trial Attorney United States Securities and Exchange Commission,,named-in-public-record | refined-from-organization,machine-extracted-unreviewed,2026-07-11T13:06:17.977Z,2026-07-11T13:06:17.977Z,1
entity-governmentagency-f51b169fda2820099741,GovernmentAgency,PublicBody,Manufacturing and Certain Foreign Establishments The Food and Drug Administration,,named-in-public-record | refined-from-organization,machine-extracted-unreviewed,2026-07-11T12:51:11.789Z,2026-07-11T12:51:11.789Z,1
entity-governmentagency-88347db8ba59a4d524f3,GovernmentAgency,PublicBody,Maternal and Child Health Bureau,,named-in-public-record | refined-from-organization,machine-extracted-unreviewed,2026-07-11T12:51:11.789Z,2026-07-11T12:51:11.789Z,1
entity-governmentagency-424cc5d43694ee3eb2e0,GovernmentAgency,PublicBody,Maxwell Proffer Department,,named-in-public-record | refined-from-organization,machine-extracted-unreviewed,2026-07-11T12:51:11.789Z,2026-07-11T12:51:11.789Z,1
entity-governmentagency-e316bc81ed742da43df6,GovernmentAgency,PublicBody,Memoranda and Correspondence Department,,named-in-public-record | refined-from-organization,machine-extracted-unreviewed,2026-07-11T12:51:11.789Z,2026-07-11T12:51:11.789Z,1
entity-governmentagency-9a4a80e9ececd7876db3,GovernmentAgency,PublicBody,Nat’l. Res. Def. Council,,named-in-public-record | refined-from-organization,machine-extracted-unreviewed,2026-07-11T13:06:17.977Z,2026-07-11T13:06:17.977Z,1
entity-governmentagency-29e57777d4cb7db51c08,GovernmentAgency,PublicBody,National Aeronautics and Space Administration,,named-in-public-record | refined-from-organization,machine-extracted-unreviewed,2026-07-11T12:51:11.789Z,2026-07-11T12:51:11.789Z,2
entity-governmentagency-a3fbd04c211e50ec226c,GovernmentAgency,PublicBody,New Agency,,named-in-public-record | refined-from-organization,machine-extracted-unreviewed,2026-07-11T12:51:11.789Z,2026-07-11T12:51:11.789Z,1
entity-governmentagency-afcbdc6218d58f963315,GovernmentAgency,PublicBody,New Postal Products The Commission,,named-in-public-record | refined-from-organization,machine-extracted-unreviewed,2026-07-11T12:51:11.789Z,2026-07-11T12:51:11.789Z,1
entity-governmentagency-d2fb03f3b17e8e1c4497,GovernmentAgency,PublicBody,New York Regional Office,,named-in-public-record | refined-from-organization,machine-extracted-unreviewed,2026-07-11T13:06:17.977Z,2026-07-11T13:06:17.977Z,1
entity-governmentagency-a4c85345cd143d48cc38,GovernmentAgency,PublicBody,Notice of Application and Establishing Intervention Deadline Energy Department,,named-in-public-record | refined-from-organization,machine-extracted-unreviewed,2026-07-11T12:51:11.789Z,2026-07-11T12:51:11.789Z,1
entity-governmentagency-8199b6ef06af455fe9df,GovernmentAgency,PublicBody,Notice of Closed Meeting Health and Human Services Department,,named-in-public-record | refined-from-organization,machine-extracted-unreviewed,2026-07-11T12:51:11.789Z,2026-07-11T12:51:11.789Z,1
entity-governmentagency-101c838f7a336bfe8e2a,GovernmentAgency,PublicBody,Notice of Closed Meetings Health and Human Services Department,,named-in-public-record | refined-from-organization,machine-extracted-unreviewed,2026-07-11T12:51:11.789Z,2026-07-11T12:51:11.789Z,3
entity-governmentagency-6cc39397d08de64fc44f,GovernmentAgency,PublicBody,Notice of Commission,,named-in-public-record | refined-from-organization,machine-extracted-unreviewed,2026-07-11T12:51:11.789Z,2026-07-11T12:51:11.789Z,1
entity-governmentagency-40fba70457e7b30e75e3,GovernmentAgency,PublicBody,Notice of Designation of Longer Period for Commission,,named-in-public-record | refined-from-organization,machine-extracted-unreviewed,2026-07-11T12:51:11.789Z,2026-07-11T12:51:11.789Z,1
entity-governmentagency-4f6fd4cccae96ff7eb8c,GovernmentAgency,PublicBody,Notice of Filing Energy Department,,named-in-public-record | refined-from-organization,machine-extracted-unreviewed,2026-07-11T12:51:11.789Z,2026-07-11T12:51:11.789Z,1
entity-governmentagency-989e41bad9d9900be828,GovernmentAgency,PublicBody,Notice of Meeting Health and Human Services Department,,named-in-public-record | refined-from-organization,machine-extracted-unreviewed,2026-07-11T12:51:11.789Z,2026-07-11T12:51:11.789Z,1
entity-governmentagency-44e435de1a2801b42d11,GovernmentAgency,PublicBody,Notice of Onsite Environmental Review Energy Department,,named-in-public-record | refined-from-organization,machine-extracted-unreviewed,2026-07-11T12:51:11.789Z,2026-07-11T12:51:11.789Z,1
entity-governmentagency-f1aa95f1c54f31dc05e7,GovernmentAgency,PublicBody,Notice of Request of Extension of Time Energy Department,,named-in-public-record | refined-from-organization,machine-extracted-unreviewed,2026-07-11T12:51:11.789Z,2026-07-11T12:51:11.789Z,1
entity-governmentagency-8c8dd29d0fd60bc0c9e3,GovernmentAgency,PublicBody,Notice of Waiver of Water Quality Certification Energy Department,,named-in-public-record | refined-from-organization,machine-extracted-unreviewed,2026-07-11T12:51:11.789Z,2026-07-11T12:51:11.789Z,1
entity-governmentagency-9342ce3ca1bec2752a29,GovernmentAgency,PublicBody,OMB Control Number. Agency,,named-in-public-record | refined-from-organization,machine-extracted-unreviewed,2026-07-11T13:06:17.977Z,2026-07-11T13:06:17.977Z,1
entity-governmentagency-f135358256af94d0c565,GovernmentAgency,PublicBody,OpenFEC API,,public-source-operator | primary-official,registry-defined,2026-07-11T14:36:09.251Z,2026-07-11T14:36:09.251Z,1
entity-governmentagency-d6f69161b254b4ff5403,GovernmentAgency,PublicBody,Order of the Court,,named-in-public-record | refined-from-organization,machine-extracted-unreviewed,2026-07-11T13:06:17.977Z,2026-07-11T13:06:17.977Z,1
entity-governmentagency-b6557c289323954c2d09,GovernmentAgency,PublicBody,Plaintiff United States Securities and Exchange Commission,,named-in-public-record | refined-from-organization,machine-extracted-unreviewed,2026-07-11T13:06:17.977Z,2026-07-11T13:06:17.977Z,1
entity-governmentagency-19c1e663928fd3b968c6,GovernmentAgency,PublicBody,Protests Energy Department,,named-in-public-record | refined-from-organization,machine-extracted-unreviewed,2026-07-11T12:51:11.789Z,2026-07-11T12:51:11.789Z,1
entity-governmentagency-589fe65d1e718c7aae0e,GovernmentAgency,PublicBody,PST’s Agency,,named-in-public-record | refined-from-organization,machine-extracted-unreviewed,2026-07-11T13:06:17.977Z,2026-07-11T13:06:17.977Z,1
entity-governmentagency-0348ccf37ea0bc086fe7,GovernmentAgency,PublicBody,Quarterly Review of Professional Interest Orders Securities and Exchange Commission,,named-in-public-record | refined-from-organization,machine-extracted-unreviewed,2026-07-11T12:51:11.789Z,2026-07-11T12:51:11.789Z,3
entity-governmentagency-3d49982b6818ecea5cf3,GovernmentAgency,PublicBody,Regulation E Securities and Exchange Commission,,named-in-public-record | refined-from-organization,machine-extracted-unreviewed,2026-07-11T12:51:11.789Z,2026-07-11T12:51:11.789Z,1
entity-governmentagency-1926439dea5a947a1901,GovernmentAgency,PublicBody,Safety Administration,,named-in-public-record | refined-from-organization,machine-extracted-unreviewed,2026-07-11T13:06:17.977Z,2026-07-11T13:06:17.977Z,1
entity-governmentagency-cb8f5628c090afdc8238,GovernmentAgency,PublicBody,Saudi Foreign Ministry,,named-in-public-record | refined-from-organization,machine-extracted-unreviewed,2026-07-11T12:51:11.789Z,2026-07-11T12:51:11.789Z,1
entity-governmentagency-56b5cee5cc1a0f3af9be,GovernmentAgency,PublicBody,Search Full Library Department,,named-in-public-record | refined-from-organization,machine-extracted-unreviewed,2026-07-11T12:51:11.789Z,2026-07-11T12:51:11.789Z,1
entity-governmentagency-23b03f6532d999f0229b,GovernmentAgency,PublicBody,Securities and Exchange Commission,,named-in-public-record | refined-from-organization,machine-extracted-unreviewed,2026-07-11T12:51:11.789Z,2026-07-11T13:06:17.977Z,6
entity-governmentagency-64092376a37cf2596a30,GovernmentAgency,PublicBody,Senior Executive Service Performance Review Board Membership The Office,,named-in-public-record | refined-from-organization,machine-extracted-unreviewed,2026-07-11T12:51:11.789Z,2026-07-11T12:51:11.789Z,1
entity-governmentagency-33a960164bebeacd9025,GovernmentAgency,PublicBody,Serious Fraud Office,,named-in-public-record | refined-from-organization,machine-extracted-unreviewed,2026-07-11T12:51:11.789Z,2026-07-11T12:51:11.789Z,14
entity-governmentagency-0d4708b86faff249e21c,GovernmentAgency,PublicBody,Sunshine Act Meetings Nuclear Regulatory Commission,,named-in-public-record | refined-from-organization,machine-extracted-unreviewed,2026-07-11T12:51:11.789Z,2026-07-11T12:51:11.789Z,1
entity-governmentagency-cd8434948a34bc7e3fdc,GovernmentAgency,PublicBody,Sunshine Act Meetings Securities and Exchange Commission,,named-in-public-record | refined-from-organization,machine-extracted-unreviewed,2026-07-11T12:51:11.789Z,2026-07-11T12:51:11.789Z,1
entity-governmentagency-26d38b3077837eaea1c1,GovernmentAgency,PublicBody,Suspended Counterparty Program The Federal Housing Finance Agency,,named-in-public-record | refined-from-organization,machine-extracted-unreviewed,2026-07-11T12:51:11.789Z,2026-07-11T12:51:11.789Z,1
entity-governmentagency-63d8a0e4970d5c0b0e28,GovernmentAgency,PublicBody,The Commission,,named-in-public-record | refined-from-organization,machine-extracted-unreviewed,2026-07-11T12:51:11.789Z,2026-07-11T13:06:17.977Z,2
entity-governmentagency-2d18cadc5ea30092c6f7,GovernmentAgency,PublicBody,The Court,,named-in-public-record | refined-from-organization,machine-extracted-unreviewed,2026-07-11T13:06:17.977Z,2026-07-11T13:06:17.977Z,2
entity-governmentagency-6231e073d9080009b899,GovernmentAgency,PublicBody,The Department,,named-in-public-record | refined-from-organization,machine-extracted-unreviewed,2026-07-11T12:51:11.789Z,2026-07-11T12:51:11.789Z,1
entity-governmentagency-9ae69c3e075576d2c869,GovernmentAgency,PublicBody,The Federal Housing Finance Agency,,named-in-public-record | refined-from-organization,machine-extracted-unreviewed,2026-07-11T12:51:11.789Z,2026-07-11T12:51:11.789Z,1
entity-governmentagency-31324b2a162bd3892dac,GovernmentAgency,PublicBody,The Office,,named-in-public-record | refined-from-organization,machine-extracted-unreviewed,2026-07-11T12:51:11.789Z,2026-07-11T12:51:11.789Z,1
entity-governmentagency-7a08bc86d620fdaaea95,GovernmentAgency,PublicBody,The U.S. Department,U.S. Department,named-in-public-record | refined-from-organization,machine-extracted-unreviewed,2026-07-11T12:51:11.789Z,2026-07-11T12:51:11.789Z,15
entity-governmentagency-02c18f319d4fb133b66f,GovernmentAgency,PublicBody,TO DEFENDANT CHAD J. MILLER The Securities and Exchange Commission,,named-in-public-record | refined-from-organization,machine-extracted-unreviewed,2026-07-11T13:06:17.977Z,2026-07-11T13:06:17.977Z,1
entity-governmentagency-075e9a17ae7b96754d78,GovernmentAgency,PublicBody,TO DEFENDANT CHRISTOPHER JOSEPH BONGIORNO The Securities and Exchange Commission,,named-in-public-record | refined-from-organization,machine-extracted-unreviewed,2026-07-11T13:06:17.977Z,2026-07-11T13:06:17.977Z,1
entity-governmentagency-39dfca047304c24eb3b9,GovernmentAgency,PublicBody,Transportation Security Administration,,named-in-public-record | refined-from-organization,machine-extracted-unreviewed,2026-07-11T12:51:11.789Z,2026-07-11T12:51:11.789Z,1
entity-governmentagency-c11ea8f81c30fe865e8a,GovernmentAgency,PublicBody,U.S. Central Intelligence Agency,,named-in-public-record | refined-from-organization,machine-extracted-unreviewed,2026-07-11T12:51:11.789Z,2026-07-11T12:51:11.789Z,1
entity-governmentagency-de44f651d7482e2cdce5,GovernmentAgency,PublicBody,U.S. Department of Justice,,public-source-operator | primary-official,registry-defined,2026-07-11T14:36:09.251Z,2026-07-11T14:36:09.251Z,2
entity-governmentagency-4e2721b9edd1ed6b1a08,GovernmentAgency,PublicBody,U.S. Department of Justice Office of Inspector General,,public-source-operator | primary-official,registry-defined,2026-07-11T14:36:09.251Z,2026-07-11T14:36:09.251Z,1
entity-governmentagency-750590835b27129cb169,GovernmentAgency,PublicBody,U.S. Federal Election Commission,,public-source-operator | primary-official,registry-defined,2026-07-11T14:36:09.251Z,2026-07-11T14:36:09.251Z,1
entity-governmentagency-fdf8c47e8a4a1f0558f3,GovernmentAgency,PublicBody,U.S. Government Accountability Office,,public-source-operator | primary-official,registry-defined,2026-07-11T14:36:09.251Z,2026-07-11T14:36:09.251Z,1
entity-governmentagency-dee5de186366f9eba6f1,GovernmentAgency,PublicBody,U.S. House Committee on Oversight and Government Reform,,public-source-operator | primary-official,registry-defined,2026-07-11T14:36:09.251Z,2026-07-11T14:36:09.251Z,1
entity-governmentagency-ab21b0d2d02b0e4db632,GovernmentAgency,PublicBody,U.S. International Trade Commission,,named-in-public-record | refined-from-organization,machine-extracted-unreviewed,2026-07-11T12:51:11.789Z,2026-07-11T12:51:11.789Z,2
entity-governmentagency-5ea3493ef75278bdf8c2,GovernmentAgency,PublicBody,U.S. Securities and Exchange Commission,,named-in-public-record | refined-from-organization | public-source-operator | primary-official,machine-extracted-unreviewed,2026-07-11T12:51:11.789Z,2026-07-11T14:36:09.251Z,52
entity-governmentagency-cbdd30f1dfef10814d91,GovernmentAgency,PublicBody,U.S. Treasury OFAC,,public-source-operator | primary-official,registry-defined,2026-07-11T14:36:09.251Z,2026-07-11T14:36:09.251Z,1
entity-governmentagency-8f4c979eb771027344e6,GovernmentAgency,PublicBody,UK Serious Fraud Office,,public-source-operator | primary-official,registry-defined,2026-07-11T14:36:09.251Z,2026-07-11T14:36:09.251Z,1
entity-governmentagency-e362a54860fb99ab11bf,GovernmentAgency,PublicBody,Undergoing Paperwork Reduction Act Review Health and Human Services Department,,named-in-public-record | refined-from-organization,machine-extracted-unreviewed,2026-07-11T12:51:11.789Z,2026-07-11T12:51:11.789Z,1
entity-governmentagency-6acdd63fe72ee7397259,GovernmentAgency,PublicBody,United States Department,,named-in-public-record | refined-from-organization,machine-extracted-unreviewed,2026-07-11T12:51:11.789Z,2026-07-11T12:51:11.789Z,50
entity-governmentagency-c344c8a8bebaf925f3f3,GovernmentAgency,PublicBody,United States House Committee,,named-in-public-record | refined-from-organization,machine-extracted-unreviewed,2026-07-11T12:51:11.789Z,2026-07-11T12:51:11.789Z,9
entity-governmentagency-0fcd7c18a52dff9d8cef,GovernmentAgency,PublicBody,United States Treasury,,named-in-public-record | refined-from-organization,machine-extracted-unreviewed,2026-07-11T13:06:17.977Z,2026-07-11T13:06:17.977Z,2
entity-governmentagency-bedab65c15b8b940a995,GovernmentAgency,PublicBody,United States Treasury. The Commission,,named-in-public-record | refined-from-organization,machine-extracted-unreviewed,2026-07-11T13:06:17.977Z,2026-07-11T13:06:17.977Z,2
entity-governmentagency-51877d1a7a56d50b536e,GovernmentAgency,PublicBody,US Democratic National Committee,,named-in-public-record | refined-from-organization,machine-extracted-unreviewed,2026-07-11T12:51:11.789Z,2026-07-11T12:51:11.789Z,1
entity-governmentagency-d1b189399623fd473eb0,GovernmentAgency,PublicBody,USAspending.gov,,public-source-operator | primary-official,registry-defined,2026-07-11T14:36:09.251Z,2026-07-11T14:36:09.251Z,1
entity-governmentagency-ef33ff6044dade558978,GovernmentAgency,PublicBody,Western Area Power Administration,,named-in-public-record | refined-from-organization,machine-extracted-unreviewed,2026-07-11T12:51:11.789Z,2026-07-11T12:51:11.789Z,1
entity-governmentagency-3091a01a48eed98f5b82,GovernmentAgency,PublicBody,Working for SFO Serious Fraud Office,,named-in-public-record | refined-from-organization,machine-extracted-unreviewed,2026-07-11T12:51:11.789Z,2026-07-11T12:51:11.789Z,1
investigation-666be8ca8518d6a588d4,Investigation,Project,"[redacted] v. Epstein , 9:09-cv-81092 (S.D. Fla. 2009)",,investigation-or-audit-record,machine-classified-unreviewed,2026-07-11T12:51:11.789Z,2026-07-11T12:51:11.789Z,1
investigation-fb7d1e91ee08e921ba79,Investigation,Project,"[redacted] v. Epstein , No. 9:10-cv-80447 (S.D. Fla. 2010)",,investigation-or-audit-record,machine-classified-unreviewed,2026-07-11T12:51:11.789Z,2026-07-11T12:51:11.789Z,1
investigation-61e9937fef8600e6750f,Investigation,Project,"[redacted] v. Epstein , No. 9:10-cv-81111 (S.D. Fla. 2010)",,investigation-or-audit-record,machine-classified-unreviewed,2026-07-11T12:51:11.789Z,2026-07-11T12:51:11.789Z,1
investigation-65d5e3df7936e2f72990,Investigation,Project,"[redacted] v. Indyke , No. 1:19-cv-10474 (S.D.N.Y. 2019)",,investigation-or-audit-record,machine-classified-unreviewed,2026-07-11T12:51:11.789Z,2026-07-11T12:51:11.789Z,1
investigation-43252d02392345324957,Investigation,Project,"[redacted] v. Indyke , No. 1:19-cv-10475 (S.D.N.Y. 2019)",,investigation-or-audit-record,machine-classified-unreviewed,2026-07-11T12:51:11.789Z,2026-07-11T12:51:11.789Z,1
investigation-e25cd16de6892ec3ae4a,Investigation,Project,"[redacted] v. Indyke , No. 1:19-cv-10476 (S.D.N.Y. 2019)",,investigation-or-audit-record,machine-classified-unreviewed,2026-07-11T12:51:11.789Z,2026-07-11T12:51:11.789Z,1
investigation-2b39711f4b9d96ab6e85,Investigation,Project,"[redacted] v. Indyke , No. 1:19-cv-10479 (S.D.N.Y. 2019)",,investigation-or-audit-record,machine-classified-unreviewed,2026-07-11T12:51:11.789Z,2026-07-11T12:51:11.789Z,1
investigation-7ff1da65f95dce3ef154,Investigation,Project,"[redacted] v. Indyke , No. 1:19-cv-10788 (S.D.N.Y. 2019)",,investigation-or-audit-record,machine-classified-unreviewed,2026-07-11T12:51:11.789Z,2026-07-11T12:51:11.789Z,1
investigation-6a35469f0dd32c4e06c7,Investigation,Project,"[redacted] v. Maxwell , No. 1:15-cv-07433 (S.D.N.Y. 2015)",,investigation-or-audit-record,machine-classified-unreviewed,2026-07-11T12:51:11.789Z,2026-07-11T12:51:11.789Z,1
investigation-9adf9988a5d24c36a0e0,Investigation,Project,"[redacted] v. Maxwell , No. 1:17-mc-00025 (S.D.N.Y. 2016)",,investigation-or-audit-record,machine-classified-unreviewed,2026-07-11T12:51:11.789Z,2026-07-11T12:51:11.789Z,1
investigation-21c8fd2bea8fe3ab1aaa,Investigation,Project,"[redacted] v. Nine East 71st Street , No. 1:19-cv-07625 (S.D.N.Y. 2019)",,investigation-or-audit-record,machine-classified-unreviewed,2026-07-11T12:51:11.789Z,2026-07-11T12:51:11.789Z,1
investigation-9229ab0856bc31f43312,Investigation,Project,Attorney Review Protocol for Epstein Files,,investigation-or-audit-record,machine-classified-unreviewed,2026-07-11T12:51:11.789Z,2026-07-11T12:51:11.789Z,1
investigation-6498af220230224006aa,Investigation,Project,"Audit of the Broward Sheriff&#039;s Office Equitable Sharing Program Activities, Broward County, Florida",,investigation-or-audit-record,machine-classified-unreviewed,2026-07-11T12:51:11.789Z,2026-07-11T12:51:11.789Z,1
investigation-6e666e6f9d231d56ed33,Investigation,Project,Audit of the Department of Justice&#039;s Information System Inventory Management,,investigation-or-audit-record,machine-classified-unreviewed,2026-07-11T12:51:11.789Z,2026-07-11T12:51:11.789Z,1
investigation-85ad612f8e4cbf99672b,Investigation,Project,Audit of the Drug Enforcement Administration’s Registration Process for Medical Practitioners,,investigation-or-audit-record,machine-classified-unreviewed,2026-07-11T12:51:11.789Z,2026-07-11T12:51:11.789Z,1
investigation-eadae9891ff5b0e5be5d,Investigation,Project,"Audit of the Office of Community Oriented Policing Services Technology and Equipment Program Grant Awarded to Ramsey County, Ramsey County, Minnesota",,investigation-or-audit-record,machine-classified-unreviewed,2026-07-11T12:51:11.789Z,2026-07-11T12:51:11.789Z,1
investigation-faf4b986ae96cbd0f909,Investigation,Project,"Audit of the Office of Justice Programs Bureau of Justice Assistance Students, Teachers, and Officers Preventing School Violence Act Grant Awarded to the University of Alabama, Tuscaloosa, Alabama",,investigation-or-audit-record,machine-classified-unreviewed,2026-07-11T12:51:11.789Z,2026-07-11T12:51:11.789Z,1
investigation-602d3a79a7afb3bc31ee,Investigation,Project,"Audit of the Office of Justice Programs Victim Assistance Funds Subawarded by the Delaware Criminal Justice Council to the YWCA Delaware, Inc. Wilmington, Delaware",,investigation-or-audit-record,machine-classified-unreviewed,2026-07-11T12:51:11.789Z,2026-07-11T12:51:11.789Z,1
investigation-809407c9618925a6e792,Investigation,Project,"Audit of the Office of Justice Programs Victim Assistance Grants Awarded to the Executive Office of the State of Kansas Governor&#039;s Grants Program, Topeka, Kansas",,investigation-or-audit-record,machine-classified-unreviewed,2026-07-11T12:51:11.789Z,2026-07-11T12:51:11.789Z,1
investigation-42d31f1d128c43079760,Investigation,Project,Audit of the U.S. Department of Justice&#039;s Fiscal Year 2025 Compliance with the Payment Integrity Information Act of 2019 Reporting Requirements,,investigation-or-audit-record,machine-classified-unreviewed,2026-07-11T12:51:11.789Z,2026-07-11T12:51:11.789Z,1
investigation-8117f68403dceb4e5852,Investigation,Project,"Audit of the Utilization of the Office on Violence Against Women&#039;s STOP (Services, Training, Officers, and Prosecutors) Violence Against Women and Sexual Assault Services Formula Grant Programs",,investigation-or-audit-record,machine-classified-unreviewed,2026-07-11T12:51:11.789Z,2026-07-11T12:51:11.789Z,1
investigation-13811dae0d8df0917cd4,Investigation,Project,Biden Family Investigation,,investigation-or-audit-record,machine-classified-unreviewed,2026-07-11T12:51:11.789Z,2026-07-11T12:51:11.789Z,1
investigation-daa0f6e7028b0ad865ad,Investigation,Project,BOP Video Footage,,investigation-or-audit-record,machine-classified-unreviewed,2026-07-11T12:51:11.789Z,2026-07-11T12:51:11.789Z,1
investigation-fa10347c5444ca04047c,Investigation,Project,"CA Florida Holdings, LLC, Publisher of the Palm Beach Post v. Aronberg , No. 50-2019-CA-014681-XXXX-MB (Fla. 15th Cir. Ct. 2019)",,investigation-or-audit-record,machine-classified-unreviewed,2026-07-11T12:51:11.789Z,2026-07-11T12:51:11.789Z,1
investigation-febcad9af82f59ad0b40,Investigation,Project,"Certain Electronic Eyewear Products, Components Thereof, and Related Charging Apparatuses (II); Notice of a Commission Determination To Issue Remedial Orders Against the Defaulting Respondent; Termination of Investigation",,investigation-or-audit-record,machine-classified-unreviewed,2026-07-11T12:51:11.789Z,2026-07-11T12:51:11.789Z,1
investigation-daa433eaa20d9e677eeb,Investigation,Project,"Custom Search German BND-NSA Inquiry Exhibits Today, 1 December 2016, WikiLeaks releases 90 gigabytes of information relating to the German parliamentary inquiry into the surveillance activities of Germany's foreign intelligence agency Bundesnachrichtendienst…",,investigation-or-audit-record,machine-classified-unreviewed,2026-07-11T12:51:11.789Z,2026-07-11T12:51:11.789Z,1
investigation-325222bb3c7490150bd0,Investigation,Project,Customs and Border Protection (CBP),,investigation-or-audit-record,machine-classified-unreviewed,2026-07-11T12:51:11.789Z,2026-07-11T12:51:11.789Z,1
investigation-172f154227774241e53d,Investigation,Project,Department of Justice Publishes 3.5 Million Responsive Pages in Compliance with the Epstein Files Transparency Act,,investigation-or-audit-record,machine-classified-unreviewed,2026-07-11T12:51:11.789Z,2026-07-11T12:51:11.789Z,1
investigation-4fbbadb0adba0485d302,Investigation,Project,"Doe 1000 v. Indyke , No. 1:19-cv-10577 (S.D.N.Y. 2019)",,investigation-or-audit-record,machine-classified-unreviewed,2026-07-11T12:51:11.789Z,2026-07-11T12:51:11.789Z,1
investigation-7d1f9e688ec2ae595d93,Investigation,Project,"Doe 17 v. Indyke , No. 1:19-cv-09610 (S.D.N.Y. 2019)",,investigation-or-audit-record,machine-classified-unreviewed,2026-07-11T12:51:11.789Z,2026-07-11T12:51:11.789Z,1
investigation-198fe3600d02d5fca599,Investigation,Project,"Doe No. 101 v. Epstein , No. 9:09-cv-80591 (S.D. Fla. 2009)",,investigation-or-audit-record,machine-classified-unreviewed,2026-07-11T12:51:11.789Z,2026-07-11T12:51:11.789Z,1
investigation-6de5b7227da07f608c75,Investigation,Project,"Doe No. 102 v. Epstein , No. 9:09-cv-80656 (S.D. Fla. 2009)",,investigation-or-audit-record,machine-classified-unreviewed,2026-07-11T12:51:11.789Z,2026-07-11T12:51:11.789Z,1
investigation-2eb3569e832cd0f98106,Investigation,Project,"Doe No. 103 v. Epstein , No. 9:10-cv-80309 (S.D. Fla 2010)",,investigation-or-audit-record,machine-classified-unreviewed,2026-07-11T12:51:11.789Z,2026-07-11T12:51:11.789Z,1
investigation-bca1d5f7d9c48ddb5974,Investigation,Project,"Doe No. 3 v. Epstein , No. 9:08-cv-80232 (S.D. Fla. 2008)",,investigation-or-audit-record,machine-classified-unreviewed,2026-07-11T12:51:11.789Z,2026-07-11T12:51:11.789Z,1
investigation-41000ff2792a14d6a619,Investigation,Project,"Doe No. 4 v. Epstein , No. 9:08-cv-80380 (S.D. Fla. 2008)",,investigation-or-audit-record,machine-classified-unreviewed,2026-07-11T12:51:11.789Z,2026-07-11T12:51:11.789Z,1
investigation-63b49ee9fcf4db630cf2,Investigation,Project,"Doe No. 5 v. Epstein , No. 9:08-cv-80381 (S.D. Fla. 2008)",,investigation-or-audit-record,machine-classified-unreviewed,2026-07-11T12:51:11.789Z,2026-07-11T12:51:11.789Z,1
investigation-e6af05eea59a4f5806a3,Investigation,Project,"Doe No. 6 v. Epstein , No. 9:08-cv-80994 (S.D. Fla. 2008)",,investigation-or-audit-record,machine-classified-unreviewed,2026-07-11T12:51:11.789Z,2026-07-11T12:51:11.789Z,1
investigation-be8409e2bc9b21d899a4,Investigation,Project,"Doe No. 8 v. Epstein , No. 9:09-cv-80802 (S.D. Fla.)",,investigation-or-audit-record,machine-classified-unreviewed,2026-07-11T12:51:11.789Z,2026-07-11T12:51:11.789Z,1
investigation-5e37321418f13125201d,Investigation,Project,"Doe v. Epstein , No. 9:08-cv-80069 (S.D. Fla. 2008)",,investigation-or-audit-record,machine-classified-unreviewed,2026-07-11T12:51:11.789Z,2026-07-11T12:51:11.789Z,1
investigation-c7f454d9893b6a178f32,Investigation,Project,"Doe v. Epstein , No. 9:08-cv-80119 (S.D. Fla. 2008)",,investigation-or-audit-record,machine-classified-unreviewed,2026-07-11T12:51:11.789Z,2026-07-11T12:51:11.789Z,1
investigation-7fb7706d07e2d3b3c2e6,Investigation,Project,"Doe v. Epstein , No. 9:08-cv-80804 (S.D. Fla. 2008)",,investigation-or-audit-record,machine-classified-unreviewed,2026-07-11T12:51:11.789Z,2026-07-11T12:51:11.789Z,1
investigation-31d812d605de95921832,Investigation,Project,"Doe v. Epstein , No. 9:09-v-80469 (S.D. Fla. 2009)",,investigation-or-audit-record,machine-classified-unreviewed,2026-07-11T12:51:11.789Z,2026-07-11T12:51:11.789Z,1
investigation-bc7c956e793617b61227,Investigation,Project,"Doe v. Indyke , No. 1:19-cv-08673 (S.D.N.Y. 2019)",,investigation-or-audit-record,machine-classified-unreviewed,2026-07-11T12:51:11.789Z,2026-07-11T12:51:11.789Z,1
investigation-17ec99c7afaec9495c8e,Investigation,Project,"Doe v. Indyke , No. 1:19-cv-11869 (S.D.N.Y. 2019)",,investigation-or-audit-record,machine-classified-unreviewed,2026-07-11T12:51:11.789Z,2026-07-11T12:51:11.789Z,1
investigation-9638f8cfb84cf6d86d3e,Investigation,Project,"Doe v. Indyke , No. 1:20-cv-00484 (S.D.N.Y. 2020)",,investigation-or-audit-record,machine-classified-unreviewed,2026-07-11T12:51:11.789Z,2026-07-11T12:51:11.789Z,1
investigation-263dbeeb863db4159af6,Investigation,Project,"Doe v. Indyke , No. 1:20-cv-02365 (S.D.N.Y. 2020)",,investigation-or-audit-record,machine-classified-unreviewed,2026-07-11T12:51:11.789Z,2026-07-11T12:51:11.789Z,1
investigation-de2a0d3ba303a50d1d42,Investigation,Project,"Doe v. United States , No. 9:08-cv-80736 (S.D. Fla. 2008)",,investigation-or-audit-record,machine-classified-unreviewed,2026-07-11T12:51:11.789Z,2026-07-11T12:51:11.789Z,1
investigation-ff25c5e9090ffc33fd39,Investigation,Project,DOJ Disclosures,,investigation-or-audit-record,machine-classified-unreviewed,2026-07-11T12:51:11.789Z,2026-07-11T12:51:11.789Z,1
investigation-c06ac00a036ee78df8f3,Investigation,Project,Epstein Library,,investigation-or-audit-record,machine-classified-unreviewed,2026-07-11T12:51:11.789Z,2026-07-11T12:51:11.789Z,1
investigation-eec824db8afff87d6b4f,Investigation,Project,"Epstein v. [redacted] , No. SC15-2286 (Fla. Sup. Ct. 2015)",,investigation-or-audit-record,machine-classified-unreviewed,2026-07-11T12:51:11.789Z,2026-07-11T12:51:11.789Z,1
investigation-fc0b0c429b4d40cfecc2,Investigation,Project,"Epstein v. Rothstein , No. 50-2009-CA-040800-XXXX-MB (Fla. 15th Cir. Ct. 2009)",,investigation-or-audit-record,machine-classified-unreviewed,2026-07-11T12:51:11.789Z,2026-07-11T12:51:11.789Z,1
investigation-fd72ea499459bfcedf22,Investigation,Project,Facebook,,investigation-or-audit-record,machine-classified-unreviewed,2026-07-11T12:51:11.789Z,2026-07-11T12:51:11.789Z,1
investigation-d541b3cc85a88755b731,Investigation,Project,Federal Bureau of Investigation (FBI),,investigation-or-audit-record,machine-classified-unreviewed,2026-07-11T12:51:11.789Z,2026-07-11T12:51:11.789Z,1
investigation-073d2d60754f3b23cc34,Investigation,Project,Federal Bureau of Prisons (BOP),,investigation-or-audit-record,machine-classified-unreviewed,2026-07-11T12:51:11.789Z,2026-07-11T12:51:11.789Z,1
investigation-cb01fa3e366b5b50ca42,Investigation,Project,First Phase of Declassified Epstein Files,,investigation-or-audit-record,machine-classified-unreviewed,2026-07-11T12:51:11.789Z,2026-07-11T12:51:11.789Z,1
investigation-6495424edad90ea6be10,Investigation,Project,Florida,,investigation-or-audit-record,machine-classified-unreviewed,2026-07-11T12:51:11.789Z,2026-07-11T12:51:11.789Z,1
investigation-f318f9c016f608acc721,Investigation,Project,"Government of the United States Virgin Islands v. JPMorgan Chase Bank , N.A., No. 1:22-cv-10904 (S.D.N.Y. 2022)",,investigation-or-audit-record,machine-classified-unreviewed,2026-07-11T12:51:11.789Z,2026-07-11T12:51:11.789Z,1
investigation-05cc788c04ce0ebfc6f0,Investigation,Project,GUIDEHOUSE INC. — Defense Nuclear Facilities Safety Board,,investigation-or-audit-record,machine-classified-unreviewed,2026-07-11T12:51:11.789Z,2026-07-11T12:51:11.789Z,1
investigation-528b84e3ce7b97069e16,Investigation,Project,House Disclosures,,investigation-or-audit-record,machine-classified-unreviewed,2026-07-11T12:51:11.789Z,2026-07-11T12:51:11.789Z,1
investigation-95a18128b4ae7ffb7230,Investigation,Project,"In re: Grand Jury 05-02 (WPB) & 07-103 (WPB) , No. 9:25-mc-80920 (S.D. Fla. 2025)",,investigation-or-audit-record,machine-classified-unreviewed,2026-07-11T12:51:11.789Z,2026-07-11T12:51:11.789Z,1
investigation-91bfa864fe1885f2aa25,Investigation,Project,"Investigation Huracán: Searches, seizures and arrests in Germany, Poland and the Netherlands in large-scale VAT fraud",,investigation-or-audit-record,machine-classified-unreviewed,2026-07-11T12:51:11.789Z,2026-07-11T12:51:11.789Z,1
investigation-6f11fe3c80c474a11344,Investigation,Project,Investigation Water into Wine: 11 arrests as probe into international criminal organisation suspected of multi-million-euro VAT fraud involving sales of diesel expands,,investigation-or-audit-record,machine-classified-unreviewed,2026-07-11T12:51:11.789Z,2026-07-11T12:51:11.789Z,1
investigation-a07e4d1da127eb1ad631,Investigation,Project,Italy: EPPO seizes over €23.5 million in investigation into VAT fraud in the fuel sector,,investigation-or-audit-record,machine-classified-unreviewed,2026-07-11T12:51:11.789Z,2026-07-11T12:51:11.789Z,1
investigation-609c62fcaf0425acc46e,Investigation,Project,"Jane Doe 43 v. Epstein , No. 1:17-cv-00616 (S.D.N.Y. 2017)",,investigation-or-audit-record,machine-classified-unreviewed,2026-07-11T12:51:11.789Z,2026-07-11T12:51:11.789Z,1
investigation-527c17bb35489eb6fd37,Investigation,Project,Large Diameter Graphite Electrodes From India: Postponement of Preliminary Determination in the Less-Than-Fair-Value Investigation,,investigation-or-audit-record,machine-classified-unreviewed,2026-07-11T12:51:11.789Z,2026-07-11T12:51:11.789Z,1
investigation-0eb51d5103fb6dc91629,Investigation,Project,LinkedIn,,investigation-or-audit-record,machine-classified-unreviewed,2026-07-11T12:51:11.789Z,2026-07-11T12:51:11.789Z,1
investigation-01919b4d23e966ec7571,Investigation,Project,"Matter of the Estate of Jeffrey E. Epstein, Deceased , No. ST-21-RV-00005 (V.I. Super. Ct. 2021)",,investigation-or-audit-record,machine-classified-unreviewed,2026-07-11T12:51:11.789Z,2026-07-11T12:51:11.789Z,1
investigation-2f70dcec8cbe4ebeb225,Investigation,Project,Maxwell Proffer,,investigation-or-audit-record,machine-classified-unreviewed,2026-07-11T12:51:11.789Z,2026-07-11T12:51:11.789Z,1
investigation-331020a4f8dab133c318,Investigation,Project,"Maxwell v. Estate of Jeffrey Epstein , No. ST-20-CV-155 (V.I. Super. Ct. 2020)",,investigation-or-audit-record,machine-classified-unreviewed,2026-07-11T12:51:11.789Z,2026-07-11T12:51:11.789Z,1
investigation-6789491ff7350c655f61,Investigation,Project,"Maxwell v. United States , No. 24-1073 (U.S. 2025) (petition for cert.)",,investigation-or-audit-record,machine-classified-unreviewed,2026-07-11T12:51:11.789Z,2026-07-11T12:51:11.789Z,1
investigation-a2139175cc79de378734,Investigation,Project,Memoranda and Correspondence,,investigation-or-audit-record,machine-classified-unreviewed,2026-07-11T12:51:11.789Z,2026-07-11T12:51:11.789Z,1
investigation-a6a49160f771ce740fb7,Investigation,Project,"Operating Engineers Construction Industry and Miscellaneous Pension Fund v. Dimon , No. 1:23-cv-03903",,investigation-or-audit-record,machine-classified-unreviewed,2026-07-11T12:51:11.789Z,2026-07-11T12:51:11.789Z,1
investigation-e53b9723d332994a62d8,Investigation,Project,"PANAMERICA COMPUTERS, INC. — Department of Education",,investigation-or-audit-record,machine-classified-unreviewed,2026-07-11T12:51:11.789Z,2026-07-11T12:51:11.789Z,1
investigation-bcf60e63562170bf7fae,Investigation,Project,"Press Release Comer Launches Investigation into Billions in Unpaid Taxes Owed by Federal Employees June 25, 2026 WASHINGTON—House Committee on Oversight and Government Reform Chairman James Comer (R-Ky.) today launched an investigation into the growing rate o…",,investigation-or-audit-record,machine-classified-unreviewed,2026-07-11T12:51:11.789Z,2026-07-11T12:51:11.789Z,1
investigation-85eb32e8ff0f0c3fb132,Investigation,Project,Search Full Library,,investigation-or-audit-record,machine-classified-unreviewed,2026-07-11T12:51:11.789Z,2026-07-11T12:51:11.789Z,1
investigation-8573d9ff79d2637bf174,Investigation,Project,SFO announces investigation into suspected telecoms company fraud,,investigation-or-audit-record,machine-classified-unreviewed,2026-07-11T12:51:11.789Z,2026-07-11T12:51:11.789Z,1
investigation-9276760752d736cad0ab,Investigation,Project,Skip to main content,,investigation-or-audit-record,machine-classified-unreviewed,2026-07-11T12:51:11.789Z,2026-07-11T12:51:11.789Z,1
investigation-def51a189d272a11cabc,Investigation,Project,"State of Florida v. Epstein , No. 50-2006-CF-009454-AXXX-MB (Fla. 15th Cir. Ct. 2006)",,investigation-or-audit-record,machine-classified-unreviewed,2026-07-11T12:51:11.789Z,2026-07-11T12:51:11.789Z,1
investigation-2c29a092b27cee987762,Investigation,Project,"State of Florida v. Epstein , No. 50-2008-CF-009381-AXXX-MB (Fla. 15th Cir. Ct. 2008)",,investigation-or-audit-record,machine-classified-unreviewed,2026-07-11T12:51:11.789Z,2026-07-11T12:51:11.789Z,1
investigation-be00497526ac6646c5c1,Investigation,Project,"United States v. Epstein , No. 1:19-cr-00490 (S.D.N.Y. 2019)",,investigation-or-audit-record,machine-classified-unreviewed,2026-07-11T12:51:11.789Z,2026-07-11T12:51:11.789Z,1
investigation-f6d3873d56fae5cdb25a,Investigation,Project,"United States v. Epstein , No. 19-2221 (2d Cir. 2019)",,investigation-or-audit-record,machine-classified-unreviewed,2026-07-11T12:51:11.789Z,2026-07-11T12:51:11.789Z,1
investigation-6ea529cffd7461f4af58,Investigation,Project,"United States v. Maxwell , No. 1:20-cr-00330 (S.D.N.Y. 2020)",,investigation-or-audit-record,machine-classified-unreviewed,2026-07-11T12:51:11.789Z,2026-07-11T12:51:11.789Z,1
investigation-6cfc938a9826822d6145,Investigation,Project,"United States v. Maxwell , No. 1:20-mj-00132 (D.N.H. 2020)",,investigation-or-audit-record,machine-classified-unreviewed,2026-07-11T12:51:11.789Z,2026-07-11T12:51:11.789Z,1
investigation-d701a8007581832048ca,Investigation,Project,"United States v. Maxwell , No. 20-3061 (2d Cir. 2020)",,investigation-or-audit-record,machine-classified-unreviewed,2026-07-11T12:51:11.789Z,2026-07-11T12:51:11.789Z,1
investigation-7f1fb6d06070f77ac137,Investigation,Project,"United States v. Maxwell , No. 21-0058 (2d Cir. 2021)",,investigation-or-audit-record,machine-classified-unreviewed,2026-07-11T12:51:11.789Z,2026-07-11T12:51:11.789Z,1
investigation-3d031936d3a4b9f7dcc1,Investigation,Project,"United States v. Maxwell , No. 22-1426 (2d Cir. 2022)",,investigation-or-audit-record,machine-classified-unreviewed,2026-07-11T12:51:11.789Z,2026-07-11T12:51:11.789Z,1
investigation-715af56c41d9a52910a2,Investigation,Project,"United States v. Maxwell, No. 21-0770 (2d Cir. 2021)",,investigation-or-audit-record,machine-classified-unreviewed,2026-07-11T12:51:11.789Z,2026-07-11T12:51:11.789Z,1
investigation-0836503349204aacce57,Investigation,Project,"United States v. Noel , No. 1:19-cr-00830 (S.D.N.Y. 2019)",,investigation-or-audit-record,machine-classified-unreviewed,2026-07-11T12:51:11.789Z,2026-07-11T12:51:11.789Z,1
investigation-0857c42263a95a963053,Investigation,Project,View files,,investigation-or-audit-record,machine-classified-unreviewed,2026-07-11T12:51:11.789Z,2026-07-11T12:51:11.789Z,1
investigation-7cfa766946d9626c5989,Investigation,Project,View files,,investigation-or-audit-record,machine-classified-unreviewed,2026-07-11T12:51:11.789Z,2026-07-11T12:51:11.789Z,1
investigation-29b9f5f9f7980e12f604,Investigation,Project,View files,,investigation-or-audit-record,machine-classified-unreviewed,2026-07-11T12:51:11.789Z,2026-07-11T12:51:11.789Z,1
investigation-141044aeb7e1f3577e4d,Investigation,Project,View files,,investigation-or-audit-record,machine-classified-unreviewed,2026-07-11T12:51:11.789Z,2026-07-11T12:51:11.789Z,1
investigation-93aab1768001f7dc961c,Investigation,Project,View files,,investigation-or-audit-record,machine-classified-unreviewed,2026-07-11T12:51:11.789Z,2026-07-11T12:51:11.789Z,1
investigation-7045f01245bef28c6789,Investigation,Project,View files,,investigation-or-audit-record,machine-classified-unreviewed,2026-07-11T12:51:11.789Z,2026-07-11T12:51:11.789Z,1
investigation-fdda3df2b64ddae55a30,Investigation,Project,View files,,investigation-or-audit-record,machine-classified-unreviewed,2026-07-11T12:51:11.789Z,2026-07-11T12:51:11.789Z,1
investigation-2984ecc9e31ff63b7443,Investigation,Project,View files,,investigation-or-audit-record,machine-classified-unreviewed,2026-07-11T12:51:11.789Z,2026-07-11T12:51:11.789Z,1
investigation-3b492c1cfd32d5bdee66,Investigation,Project,View files,,investigation-or-audit-record,machine-classified-unreviewed,2026-07-11T12:51:11.789Z,2026-07-11T12:51:11.789Z,1
investigation-8fd14432dc3a1159708b,Investigation,Project,View files,,investigation-or-audit-record,machine-classified-unreviewed,2026-07-11T12:51:11.789Z,2026-07-11T12:51:11.789Z,1
investigation-0c97beaee42ca4a72941,Investigation,Project,View files,,investigation-or-audit-record,machine-classified-unreviewed,2026-07-11T12:51:11.789Z,2026-07-11T12:51:11.789Z,1
investigation-f7bf1a1c4ce8a575778a,Investigation,Project,View files,,investigation-or-audit-record,machine-classified-unreviewed,2026-07-11T12:51:11.789Z,2026-07-11T12:51:11.789Z,1
investigation-d487f5668d64b814c7f9,Investigation,Project,Webinar for Grantees: The Audit Process,,investigation-or-audit-record,machine-classified-unreviewed,2026-07-11T12:51:11.789Z,2026-07-11T12:51:11.789Z,1
entity-legalauthority-8ea0c5523fa8d65a29f7,LegalAuthority,LegalEntity,Administrative False Claims Act,,named-in-public-record,machine-extracted-unreviewed,2026-07-11T12:51:11.789Z,2026-07-11T12:51:11.789Z,1
entity-legalauthority-f1a76c4914d787b4ab88,LegalAuthority,LegalEntity,Advisers Act,,named-in-public-record,machine-extracted-unreviewed,2026-07-11T13:06:17.977Z,2026-07-11T13:06:17.977Z,1
entity-legalauthority-3eb923a2400bbeb9dfba,LegalAuthority,LegalEntity,Agency Forms Undergoing Paperwork Reduction Act,,named-in-public-record,machine-extracted-unreviewed,2026-07-11T12:51:11.789Z,2026-07-11T12:51:11.789Z,1
entity-legalauthority-357d25e851643705417a,LegalAuthority,LegalEntity,Bankruptcy Code,,named-in-public-record,machine-extracted-unreviewed,2026-07-11T13:06:17.977Z,2026-07-11T13:06:17.977Z,4
entity-legalauthority-fc7b5f5db30888550cd7,LegalAuthority,LegalEntity,Based Pricing Rule,,named-in-public-record,machine-extracted-unreviewed,2026-07-11T12:51:11.789Z,2026-07-11T12:51:11.789Z,1
entity-legalauthority-00b0bc111d0c54864a67,LegalAuthority,LegalEntity,Change To Amend Rule,,named-in-public-record,machine-extracted-unreviewed,2026-07-11T12:51:11.789Z,2026-07-11T12:51:11.789Z,2
entity-legalauthority-4d516914aeccab39b6d7,LegalAuthority,LegalEntity,Copyright Act,,named-in-public-record,machine-extracted-unreviewed,2026-07-11T13:06:17.977Z,2026-07-11T13:06:17.977Z,1
entity-legalauthority-c4b0ccee55e0bbf0007d,LegalAuthority,LegalEntity,Epstein Files Transparency Act,,named-in-public-record,machine-extracted-unreviewed,2026-07-11T12:51:11.789Z,2026-07-11T12:51:11.789Z,1
entity-legalauthority-e7f1a2bb67b9d759eecc,LegalAuthority,LegalEntity,Exchange Act,,named-in-public-record,machine-extracted-unreviewed,2026-07-11T13:06:17.977Z,2026-07-11T13:06:17.977Z,7
entity-legalauthority-6dfce90a9e8d7938f9a2,LegalAuthority,LegalEntity,Exchange Act and Rule,,named-in-public-record,machine-extracted-unreviewed,2026-07-11T13:06:17.977Z,2026-07-11T13:06:17.977Z,1
entity-legalauthority-ed17bddaa4480de649fa,LegalAuthority,LegalEntity,Exchange Act Rule,,named-in-public-record,machine-extracted-unreviewed,2026-07-11T13:06:17.977Z,2026-07-11T13:06:17.977Z,1
entity-legalauthority-72fe0a9bff7b33d24927,LegalAuthority,LegalEntity,Federal Civil Penalties Inflation Adjustment Act,,named-in-public-record,machine-extracted-unreviewed,2026-07-11T12:51:11.789Z,2026-07-11T12:51:11.789Z,1
entity-legalauthority-8f3e001bdc52b85225d6,LegalAuthority,LegalEntity,Federal Civil Penalties Inflation Adjustment Act Improvements Act,,named-in-public-record,machine-extracted-unreviewed,2026-07-11T12:51:11.789Z,2026-07-11T12:51:11.789Z,2
entity-legalauthority-ffac3d447e80ac6e23b1,LegalAuthority,LegalEntity,Federal Debt Collection Procedures Act,,named-in-public-record,machine-extracted-unreviewed,2026-07-11T13:06:17.977Z,2026-07-11T13:06:17.977Z,1
entity-legalauthority-30d4d73903606b97ec1a,LegalAuthority,LegalEntity,Federal Rule,,named-in-public-record,machine-extracted-unreviewed,2026-07-11T13:06:17.977Z,2026-07-11T13:06:17.977Z,6
entity-legalauthority-72771a7dbe930384ff67,LegalAuthority,LegalEntity,Filing and Immediate Effectiveness of Proposed Rule,,named-in-public-record,machine-extracted-unreviewed,2026-07-11T12:51:11.789Z,2026-07-11T12:51:11.789Z,3
entity-legalauthority-d8a0b6f94b4792dc3c5c,LegalAuthority,LegalEntity,Freedom of Information Act,,named-in-public-record,machine-extracted-unreviewed,2026-07-11T12:51:11.789Z,2026-07-11T12:51:11.789Z,1
entity-legalauthority-966efde95bdd3a586163,LegalAuthority,LegalEntity,Informal Dispute Settlement Procedures Rule,,named-in-public-record,machine-extracted-unreviewed,2026-07-11T12:51:11.789Z,2026-07-11T12:51:11.789Z,1
entity-legalauthority-feef3c197e6f99f07a12,LegalAuthority,LegalEntity,Marine Mammal Protection Act,,named-in-public-record,machine-extracted-unreviewed,2026-07-11T12:51:11.789Z,2026-07-11T12:51:11.789Z,1
entity-legalauthority-b9ac2ca5798e917042d4,LegalAuthority,LegalEntity,Notice of Filing of Proposed Rule,,named-in-public-record,machine-extracted-unreviewed,2026-07-11T12:51:11.789Z,2026-07-11T12:51:11.789Z,1
entity-legalauthority-1c4fcacdd2a6a30060ed,LegalAuthority,LegalEntity,Officers Preventing School Violence Act,,named-in-public-record,machine-extracted-unreviewed,2026-07-11T12:51:11.789Z,2026-07-11T12:51:11.789Z,1
entity-legalauthority-662251159aec5af8b571,LegalAuthority,LegalEntity,Oxley Act,,named-in-public-record,machine-extracted-unreviewed,2026-07-11T13:06:17.977Z,2026-07-11T13:06:17.977Z,1
entity-legalauthority-1c5d71bcc349dace0df2,LegalAuthority,LegalEntity,Paperwork Reduction Act,,named-in-public-record,machine-extracted-unreviewed,2026-07-11T12:51:11.789Z,2026-07-11T13:06:17.977Z,17
entity-legalauthority-8c3f2917ca1f018775f9,LegalAuthority,LegalEntity,Payment Integrity Information Act,,named-in-public-record,machine-extracted-unreviewed,2026-07-11T12:51:11.789Z,2026-07-11T12:51:11.789Z,2
entity-legalauthority-c4c35880ac074adf08e1,LegalAuthority,LegalEntity,Privacy Act,,named-in-public-record,machine-extracted-unreviewed,2026-07-11T12:51:11.789Z,2026-07-11T12:51:11.789Z,1
entity-legalauthority-06775ba40ef2b9ecaed3,LegalAuthority,LegalEntity,Procedures Act,,named-in-public-record,machine-extracted-unreviewed,2026-07-11T13:06:17.977Z,2026-07-11T13:06:17.977Z,1
entity-legalauthority-7f02f28f496d5b9e4425,LegalAuthority,LegalEntity,Program Fraud Civil Remedies Act,,named-in-public-record,machine-extracted-unreviewed,2026-07-11T12:51:11.789Z,2026-07-11T12:51:11.789Z,1
entity-legalauthority-ed13e501648b89f945aa,LegalAuthority,LegalEntity,Proposed Rule,,named-in-public-record,machine-extracted-unreviewed,2026-07-11T12:51:11.789Z,2026-07-11T12:51:11.789Z,4
entity-legalauthority-d1a247fb9916a2be8650,LegalAuthority,LegalEntity,Proposed Rule Change To Amend Exchange Rule,,named-in-public-record,machine-extracted-unreviewed,2026-07-11T12:51:11.789Z,2026-07-11T12:51:11.789Z,1
entity-legalauthority-4ff169e0d32a0f994f83,LegalAuthority,LegalEntity,Proposed Rule Change To Amend Rule,,named-in-public-record,machine-extracted-unreviewed,2026-07-11T12:51:11.789Z,2026-07-11T12:51:11.789Z,1
entity-legalauthority-bf3a6de533403bc51f0d,LegalAuthority,LegalEntity,Reduction Act,,named-in-public-record,machine-extracted-unreviewed,2026-07-11T13:06:17.977Z,2026-07-11T13:06:17.977Z,1
entity-legalauthority-4dd9429b82592fb2f8e0,LegalAuthority,LegalEntity,Securities Act,,named-in-public-record,machine-extracted-unreviewed,2026-07-11T13:06:17.977Z,2026-07-11T13:06:17.977Z,5
entity-legalauthority-eda4c7ce7a782f0cdeca,LegalAuthority,LegalEntity,Securities Exchange Act,,named-in-public-record,machine-extracted-unreviewed,2026-07-11T13:06:17.977Z,2026-07-11T13:06:17.977Z,6
entity-legalauthority-a74785c826442625f55a,LegalAuthority,LegalEntity,Small Business Paperwork Relief Act,,named-in-public-record,machine-extracted-unreviewed,2026-07-11T12:51:11.789Z,2026-07-11T12:51:11.789Z,1
entity-legalauthority-4d457e5e32ee47bff70c,LegalAuthority,LegalEntity,Sunshine Act,,named-in-public-record,machine-extracted-unreviewed,2026-07-11T12:51:11.789Z,2026-07-11T12:51:11.789Z,3
entity-legalauthority-7a66964d81af00d6eacd,LegalAuthority,LegalEntity,Trade Sanctions Reform and Export Enhancement Act,,named-in-public-record,machine-extracted-unreviewed,2026-07-11T12:51:11.789Z,2026-07-11T12:51:11.789Z,1
entity-legalauthority-8188dee2668caf84fcde,LegalAuthority,LegalEntity,United States Code,,named-in-public-record,machine-extracted-unreviewed,2026-07-11T13:06:17.977Z,2026-07-11T13:06:17.977Z,1
missing-record-ec24f811962be678d371bfc7,MissingRecord,Document,content changed: U.S. Securities and Exchange Commission — Current EDGAR Filings,,content-changed,automated-source-monitor,2026-07-11T12:51:22.471Z,2026-07-11T12:51:22.471Z,1
entity-organization-1bd004f85b86c6f94589,Organization,Organization,Copyright Royalty Board,,named-in-public-record,machine-extracted-unreviewed,2026-07-11T13:06:17.977Z,2026-07-11T13:06:17.977Z,1
entity-organization-e9aa44c3d195709a8d87,Organization,Organization,Defense Nuclear Facilities Safety Board,,named-in-public-record,machine-extracted-unreviewed,2026-07-11T12:51:11.789Z,2026-07-11T12:51:11.789Z,1
entity-organization-d63103cfed0e7c0f806b,Organization,Organization,ICIJ Offshore Leaks Database,,public-source-operator | credible-investigative-archive,registry-defined,2026-07-11T14:36:09.251Z,2026-07-11T14:36:09.251Z,1
entity-organization-7ab2ff51b471e85f4c62,Organization,Organization,Indian Health Service,,named-in-public-record,machine-extracted-unreviewed,2026-07-11T12:51:11.789Z,2026-07-11T12:51:11.789Z,1
entity-organization-eeed646d06b1d72030db,Organization,Organization,Inflation Adjustments for Civil Money Penalties The Board,,named-in-public-record,machine-extracted-unreviewed,2026-07-11T12:51:11.789Z,2026-07-11T12:51:11.789Z,1
entity-organization-ae734086c85b18874988,Organization,Organization,Internal Revenue Service,,named-in-public-record,machine-extracted-unreviewed,2026-07-11T13:06:17.977Z,2026-07-11T13:06:17.977Z,3
entity-organization-f1e0459fe3096eb80713,Organization,Organization,National Human Genome Research Institute,,named-in-public-record,machine-extracted-unreviewed,2026-07-11T12:51:11.789Z,2026-07-11T12:51:11.789Z,1
entity-organization-878cc2c4d1c9d326968c,Organization,Organization,National Transportation Safety Board,,named-in-public-record,machine-extracted-unreviewed,2026-07-11T12:51:11.789Z,2026-07-11T12:51:11.789Z,1
entity-organization-8c0e6dda3826abe7bea9,Organization,Organization,Pending Nominations and Related Actions The National Park Service,,named-in-public-record,machine-extracted-unreviewed,2026-07-11T12:51:11.789Z,2026-07-11T12:51:11.789Z,1
entity-organization-a15562cd025b98b08d44,Organization,Organization,PHMSA Service,,named-in-public-record,machine-extracted-unreviewed,2026-07-11T13:06:17.977Z,2026-07-11T13:06:17.977Z,1
entity-organization-02bac5cf73436671d99b,Organization,Organization,Postal Service,,named-in-public-record,machine-extracted-unreviewed,2026-07-11T12:51:11.789Z,2026-07-11T12:51:11.789Z,1
entity-organization-9c4bf552dfca829f76ac,Organization,Organization,Public Buildings Service,,named-in-public-record,machine-extracted-unreviewed,2026-07-11T12:51:11.789Z,2026-07-11T12:51:11.789Z,1
entity-organization-4ceb25fbbfc839bb8820,Organization,Organization,Public Service,,named-in-public-record,machine-extracted-unreviewed,2026-07-11T12:51:11.789Z,2026-07-11T12:51:11.789Z,1
entity-organization-3c390d2c6e0a25a44be6,Organization,Organization,Sanctions List Service,,named-in-public-record,machine-extracted-unreviewed,2026-07-11T12:51:11.789Z,2026-07-11T12:51:11.789Z,1
entity-organization-758db6cde034ce431c2f,Organization,Organization,Senior Executive Service Performance Review Board,,named-in-public-record,machine-extracted-unreviewed,2026-07-11T12:51:11.789Z,2026-07-11T12:51:11.789Z,1
entity-organization-6e2bcb1596622dbd13b0,Organization,Organization,United States Chemical Safety Board,,named-in-public-record,machine-extracted-unreviewed,2026-07-11T12:51:11.789Z,2026-07-11T12:51:11.789Z,1
entity-organization-95d24cdfe2337f461182,Organization,Organization,WikiLeaks,,public-source-operator | document-archive,registry-defined,2026-07-11T14:36:09.251Z,2026-07-11T14:36:09.251Z,1
payment-bf438b2a991c246eef34,Payment,Payment,$0.18 money event,,amount-mentioned-in-record,machine-extracted-unreviewed,2026-07-11T12:51:11.789Z,2026-07-11T12:51:11.789Z,1
payment-7babd6241b31a48ae49e,Payment,Payment,"$10,990.20 money event",,amount-mentioned-in-record,machine-extracted-unreviewed,2026-07-11T12:51:11.789Z,2026-07-11T12:51:11.789Z,1
payment-fb3bc819201edd60b28b,Payment,Payment,"$40,000.00 money event",,amount-mentioned-in-record,machine-extracted-unreviewed,2026-07-11T12:51:11.789Z,2026-07-11T12:51:11.789Z,1
payment-8cd1ca04ca596699c04f,Payment,Payment,"$480,000.00 money event",,amount-mentioned-in-record,machine-extracted-unreviewed,2026-07-11T12:51:11.789Z,2026-07-11T12:51:11.789Z,1
payment-cbc9114ce1520de57581,Payment,Payment,"$53,867.07 money event",,amount-mentioned-in-record,machine-extracted-unreviewed,2026-07-11T12:51:11.789Z,2026-07-11T12:51:11.789Z,1
payment-e39f10548f818698bc6d,Payment,Payment,"£96,000 money event",,amount-mentioned-in-record,machine-extracted-unreviewed,2026-07-11T12:51:11.789Z,2026-07-11T12:51:11.789Z,1
payment-ce96988814b7ad84c1db,Payment,Payment,€1.7 million money event,,amount-mentioned-in-record,machine-extracted-unreviewed,2026-07-11T12:51:11.789Z,2026-07-11T12:51:11.789Z,1
payment-89679670457dbe8e463d,Payment,Payment,€23.5 million money event,,amount-mentioned-in-record,machine-extracted-unreviewed,2026-07-11T12:51:11.789Z,2026-07-11T12:51:11.789Z,1
payment-9ef3f6cc16ad112f949b,Payment,Payment,€900 money event,,amount-mentioned-in-record,machine-extracted-unreviewed,2026-07-11T12:51:11.789Z,2026-07-11T12:51:11.789Z,1
entity-person-60c8466cafd8889b1f7d,Person,Person,Dae Do Inc,,named-in-public-record,machine-extracted-unreviewed,2026-07-11T12:51:11.789Z,2026-07-11T12:51:11.789Z,1
entity-person-58401c65b19cc32f3ea8,Person,Person,Defaulting Respondent. The,,named-in-public-record,machine-extracted-unreviewed,2026-07-11T12:51:11.789Z,2026-07-11T12:51:11.789Z,1
entity-person-f45c8f2d754df081128f,Person,Person,MyW Technology Co,,named-in-public-record,machine-extracted-unreviewed,2026-07-11T12:51:11.789Z,2026-07-11T12:51:11.789Z,1
sanction-449c064c4db1a6836ab5,Sanction,Sanction,Additional Sanctions Lists,,sanction-or-penalty-record,machine-classified-unreviewed,2026-07-11T12:51:11.789Z,2026-07-11T12:51:11.789Z,1
sanction-5bd2ba3f14aad9dfb1d2,Sanction,Sanction,Agency Information Collection Activities; Proposed Collection; Comment Request; Extension,,sanction-or-penalty-record,machine-classified-unreviewed,2026-07-11T12:51:11.789Z,2026-07-11T12:51:11.789Z,1
sanction-451a52b49fa0ee09f98a,Sanction,Sanction,Complete List of Sanctions Programs and Country Information,,sanction-or-penalty-record,machine-classified-unreviewed,2026-07-11T12:51:11.789Z,2026-07-11T12:51:11.789Z,1
sanction-95a2be9b6c513549974e,Sanction,Sanction,Consolidated Sanctions List (Non-SDN Lists),,sanction-or-penalty-record,machine-classified-unreviewed,2026-07-11T12:51:11.789Z,2026-07-11T12:51:11.789Z,1
sanction-fb20de0a67411697eb1c,Sanction,Sanction,Consolidated Sanctions List (Non-SDN Lists),,sanction-or-penalty-record,machine-classified-unreviewed,2026-07-11T12:51:11.789Z,2026-07-11T12:51:11.789Z,1
sanction-6332434ef2d5435cf3e2,Sanction,Sanction,Counter Narcotics Designations; Russia-related Designations Removals; Publication of Report for Licensing Activities Undertaken Pursuant to the Trade Sanctions Reform and Export Enhancement Act (TSRA),,sanction-or-penalty-record,machine-classified-unreviewed,2026-07-11T12:51:11.789Z,2026-07-11T12:51:11.789Z,1
sanction-65847648922f19c3232e,Sanction,Sanction,Counter Narcotics Sanctions,,sanction-or-penalty-record,machine-classified-unreviewed,2026-07-11T12:51:11.789Z,2026-07-11T12:51:11.789Z,1
sanction-0c36b90b54ad9b0b60cc,Sanction,Sanction,Cuba Sanctions,,sanction-or-penalty-record,machine-classified-unreviewed,2026-07-11T12:51:11.789Z,2026-07-11T12:51:11.789Z,1
sanction-2519cfe6ee997d102f73,Sanction,Sanction,Cyber-related Sanctions,,sanction-or-penalty-record,machine-classified-unreviewed,2026-07-11T12:51:11.789Z,2026-07-11T12:51:11.789Z,1
sanction-316366fe7dd9acdbe003,Sanction,Sanction,Inflation Adjustments for Civil Money Penalties,,sanction-or-penalty-record,machine-classified-unreviewed,2026-07-11T12:51:11.789Z,2026-07-11T12:51:11.789Z,1
sanction-82052db8a494d365898a,Sanction,Sanction,Iran Sanctions,,sanction-or-penalty-record,machine-classified-unreviewed,2026-07-11T12:51:11.789Z,2026-07-11T12:51:11.789Z,1
sanction-225b508918483260ecb1,Sanction,Sanction,List of Country-related Sanctions,,sanction-or-penalty-record,machine-classified-unreviewed,2026-07-11T12:51:11.789Z,2026-07-11T12:51:11.789Z,1
sanction-0297d639fc946f9b9e54,Sanction,Sanction,North Korea Sanctions,,sanction-or-penalty-record,machine-classified-unreviewed,2026-07-11T12:51:11.789Z,2026-07-11T12:51:11.789Z,1
sanction-a701a1c650e897a10171,Sanction,Sanction,Other OFAC Sanctions Lists,,sanction-or-penalty-record,machine-classified-unreviewed,2026-07-11T12:51:11.789Z,2026-07-11T12:51:11.789Z,1
sanction-8b851926e3c751721f14,Sanction,Sanction,Russia-related Sanctions,,sanction-or-penalty-record,machine-classified-unreviewed,2026-07-11T12:51:11.789Z,2026-07-11T12:51:11.789Z,1
sanction-dfb9cdc96a43b10fb7fa,Sanction,Sanction,Sanctions List Search,,sanction-or-penalty-record,machine-classified-unreviewed,2026-07-11T12:51:11.789Z,2026-07-11T12:51:11.789Z,1
sanction-466c25d0df2892c5b28f,Sanction,Sanction,Sanctions List Service,,sanction-or-penalty-record,machine-classified-unreviewed,2026-07-11T12:51:11.789Z,2026-07-11T12:51:11.789Z,1
sanction-cad81f0f6871d79718c1,Sanction,Sanction,Sanctions List Updates,,sanction-or-penalty-record,machine-classified-unreviewed,2026-07-11T12:51:11.789Z,2026-07-11T12:51:11.789Z,1
sanction-39916039137d2f3b4a50,Sanction,Sanction,Sanctions Programs and Country Information,,sanction-or-penalty-record,machine-classified-unreviewed,2026-07-11T12:51:11.789Z,2026-07-11T12:51:11.789Z,1
sanction-cb7ed3b802cb0e4bb669,Sanction,Sanction,Search OFAC&#039;s Sanctions Lists,,sanction-or-penalty-record,machine-classified-unreviewed,2026-07-11T12:51:11.789Z,2026-07-11T12:51:11.789Z,1
sanction-410fa37a7b038688faad,Sanction,Sanction,Venezuela-related Sanctions,,sanction-or-penalty-record,machine-classified-unreviewed,2026-07-11T12:51:11.789Z,2026-07-11T12:51:11.789Z,1
source-cia-reading-room,Source,Document,CIA Freedom of Information Act Electronic Reading Room,,registered-investigation-source | primary-official,registry-defined,2026-07-11T14:36:09.251Z,2026-07-11T14:36:09.251Z,1
source-eppo-news,Source,Document,European Public Prosecutor's Office — News,,registered-investigation-source | primary-official,registry-defined,2026-07-11T14:36:09.251Z,2026-07-11T14:36:09.251Z,1
source-fbi-vault-recent,Source,Document,FBI Vault — Recently Added,,registered-investigation-source | primary-official,registry-defined,2026-07-11T14:36:09.251Z,2026-07-11T14:36:09.251Z,1
source-federal-register-latest,Source,Document,Federal Register — Latest Documents,,registered-investigation-source | primary-official,registry-defined,2026-07-11T14:36:09.251Z,2026-07-11T14:36:09.251Z,1
source-cour-des-comptes-publications,Source,Document,France Cour des comptes — Publications,,registered-investigation-source | primary-official,registry-defined,2026-07-11T14:36:09.251Z,2026-07-11T14:36:09.251Z,1
source-hatvp-open-data,Source,Document,France HATVP — Open Data,,registered-investigation-source | primary-official,registry-defined,2026-07-11T14:36:09.251Z,2026-07-11T14:36:09.251Z,1
source-icij-offshore-leaks,Source,Document,ICIJ Offshore Leaks Database,,registered-investigation-source | credible-investigative-archive,registry-defined,2026-07-11T14:36:09.251Z,2026-07-11T14:36:09.251Z,1
source-openfec-api,Source,Document,OpenFEC API — Political Money,,registered-investigation-source | primary-official,registry-defined,2026-07-11T14:36:09.251Z,2026-07-11T14:36:09.251Z,1
source-doj-epstein-disclosures,Source,Document,U.S. Department of Justice — Epstein Disclosures,,registered-investigation-source | primary-official,registry-defined,2026-07-11T14:36:09.251Z,2026-07-11T14:36:09.251Z,1
source-doj-justice-news,Source,Document,U.S. Department of Justice — Justice News,,registered-investigation-source | primary-official,registry-defined,2026-07-11T14:36:09.251Z,2026-07-11T14:36:09.251Z,1
source-doj-oig-reports,Source,Document,U.S. Department of Justice Office of Inspector General — Reports,,registered-investigation-source | primary-official,registry-defined,2026-07-11T14:36:09.251Z,2026-07-11T14:36:09.251Z,1
source-fec-updates,Source,Document,U.S. Federal Election Commission — Updates,,registered-investigation-source | primary-official,registry-defined,2026-07-11T14:36:09.251Z,2026-07-11T14:36:09.251Z,1
source-gao-reports,Source,Document,U.S. Government Accountability Office — Reports And Testimonies,,registered-investigation-source | primary-official,registry-defined,2026-07-11T14:36:09.251Z,2026-07-11T14:36:09.251Z,1
source-house-oversight-releases,Source,Document,U.S. House Committee on Oversight and Government Reform — Releases,,registered-investigation-source | primary-official,registry-defined,2026-07-11T14:36:09.251Z,2026-07-11T14:36:09.251Z,1
source-sec-current-filings,Source,Document,U.S. Securities and Exchange Commission — Current EDGAR Filings,,registered-investigation-source | primary-official,registry-defined,2026-07-11T14:36:09.251Z,2026-07-11T14:36:09.251Z,1
source-sec-litigation-releases,Source,Document,U.S. Securities and Exchange Commission — Litigation Releases,,registered-investigation-source | primary-official,registry-defined,2026-07-11T14:36:09.251Z,2026-07-11T14:36:09.251Z,1
source-treasury-ofac-recent-actions,Source,Document,U.S. Treasury OFAC — Recent Actions,,registered-investigation-source | primary-official,registry-defined,2026-07-11T14:36:09.251Z,2026-07-11T14:36:09.251Z,1
source-uk-sfo-news,Source,Document,UK Serious Fraud Office — News And Communications,,registered-investigation-source | primary-official,registry-defined,2026-07-11T14:36:09.251Z,2026-07-11T14:36:09.251Z,1
source-usaspending-recent-contracts,Source,Document,USAspending.gov — Recent Contract Awards,,registered-investigation-source | primary-official,registry-defined,2026-07-11T14:36:09.251Z,2026-07-11T14:36:09.251Z,1
source-wikileaks-publications,Source,Document,WikiLeaks — Publications,,registered-investigation-source | document-archive,registry-defined,2026-07-11T14:36:09.251Z,2026-07-11T14:36:09.251Z,1
entity-trust-9bcc15b3b315fb0c2f9a,Trust,LegalEntity,Important for Preserving Public Trust,,named-in-public-record | refined-from-organization,machine-extracted-unreviewed,2026-07-11T12:51:11.789Z,2026-07-11T12:51:11.789Z,1
entity-trust-615f05cd7662cea5aba9,Trust,LegalEntity,Pipeline Safety Trust,,named-in-public-record | refined-from-organization,machine-extracted-unreviewed,2026-07-11T13:06:17.977Z,2026-07-11T13:06:17.977Z,1