id,type,from,to,source_id,source_title,source_url,publication_date,retrieval_date,evidence_grade,factual_status,establishes,does_not_establish,review_status,extraction_method,confidence
relationship-7b55179222457acb1d02,changedAt,missing-record-ec24f811962be678d371bfc7,source-sec-current-filings,sec-current-filings,U.S. Securities and Exchange Commission — Current EDGAR Filings,https://www.sec.gov/cgi-bin/browse-edgar?action=getcurrent&output=atom,,2026-07-11T12:51:22.471Z,B,source-change,The normalized content returned by the registered source differs from the previously preserved version.,"The change alone does not establish wrongdoing, deliberate concealment, authenticity of every statement, or the reason for the change.",automated-source-monitor,source-change-monitor,1
relationship-87ddef0b1744e33fae5d,mentions,document-1dd13bb46aace5b5f76aa596,entity-governmentagency-57fdc1a57d7fac5e5193,sec-litigation-releases,U.S. Securities and Exchange Commission — Litigation Releases,https://www.sec.gov/files/litigation/litreleases/2026/judg26545-lloyd.pdf,,2026-07-11T13:06:17.977Z,B,unreviewed-source-document,The cited record names AS TO DEFENDANT DAQUAN LLOYD The Securities and Exchange Commission.,"A textual mention does not establish guilt, control, ownership, payment, coordination or any other substantive relationship.",machine-extracted-unreviewed,organisation-suffix-regex,0.67
relationship-27327bc903155452b78c,mentions,document-1dd13bb46aace5b5f76aa596,entity-legalauthority-30d4d73903606b97ec1a,sec-litigation-releases,U.S. Securities and Exchange Commission — Litigation Releases,https://www.sec.gov/files/litigation/litreleases/2026/judg26545-lloyd.pdf,,2026-07-11T13:06:17.977Z,B,unreviewed-source-document,The cited record names Federal Rule.,"A textual mention does not establish guilt, control, ownership, payment, coordination or any other substantive relationship.",machine-extracted-unreviewed,legal-authority-regex,0.64
relationship-84e45abd90812ff8065f,mentions,document-1dd13bb46aace5b5f76aa596,entity-legalauthority-357d25e851643705417a,sec-litigation-releases,U.S. Securities and Exchange Commission — Litigation Releases,https://www.sec.gov/files/litigation/litreleases/2026/judg26545-lloyd.pdf,,2026-07-11T13:06:17.977Z,B,unreviewed-source-document,The cited record names Bankruptcy Code.,"A textual mention does not establish guilt, control, ownership, payment, coordination or any other substantive relationship.",machine-extracted-unreviewed,legal-authority-regex,0.64
relationship-e1d2dcf2816477090e03,mentions,document-1dd13bb46aace5b5f76aa596,entity-legalauthority-e7f1a2bb67b9d759eecc,sec-litigation-releases,U.S. Securities and Exchange Commission — Litigation Releases,https://www.sec.gov/files/litigation/litreleases/2026/judg26545-lloyd.pdf,,2026-07-11T13:06:17.977Z,B,unreviewed-source-document,The cited record names Exchange Act.,"A textual mention does not establish guilt, control, ownership, payment, coordination or any other substantive relationship.",machine-extracted-unreviewed,legal-authority-regex,0.64
relationship-47e9bde73d602d283c48,mentions,document-1dd13bb46aace5b5f76aa596,entity-legalauthority-eda4c7ce7a782f0cdeca,sec-litigation-releases,U.S. Securities and Exchange Commission — Litigation Releases,https://www.sec.gov/files/litigation/litreleases/2026/judg26545-lloyd.pdf,,2026-07-11T13:06:17.977Z,B,unreviewed-source-document,The cited record names Securities Exchange Act.,"A textual mention does not establish guilt, control, ownership, payment, coordination or any other substantive relationship.",machine-extracted-unreviewed,legal-authority-regex,0.64
relationship-b0f5c3758cc69fe02d9f,mentions,document-21062c3794165a26e8de0095,entity-governmentagency-075e9a17ae7b96754d78,sec-litigation-releases,U.S. Securities and Exchange Commission — Litigation Releases,https://www.sec.gov/files/litigation/litreleases/2026/26526-final-judgment-bongiorno.pdf,,2026-07-11T13:06:17.977Z,B,unreviewed-source-document,The cited record names TO DEFENDANT CHRISTOPHER JOSEPH BONGIORNO The Securities and Exchange Commission.,"A textual mention does not establish guilt, control, ownership, payment, coordination or any other substantive relationship.",machine-extracted-unreviewed,organisation-suffix-regex,0.67
relationship-5ecdbd2f36b0e6601d99,mentions,document-21062c3794165a26e8de0095,entity-governmentagency-0fcd7c18a52dff9d8cef,sec-litigation-releases,U.S. Securities and Exchange Commission — Litigation Releases,https://www.sec.gov/files/litigation/litreleases/2026/26526-final-judgment-bongiorno.pdf,,2026-07-11T13:06:17.977Z,B,unreviewed-source-document,The cited record names United States Treasury.,"A textual mention does not establish guilt, control, ownership, payment, coordination or any other substantive relationship.",machine-extracted-unreviewed,organisation-suffix-regex,0.67
relationship-f85c7098705183acb50f,mentions,document-21062c3794165a26e8de0095,entity-governmentagency-23b03f6532d999f0229b,sec-litigation-releases,U.S. Securities and Exchange Commission — Litigation Releases,https://www.sec.gov/files/litigation/litreleases/2026/26526-final-judgment-bongiorno.pdf,,2026-07-11T13:06:17.977Z,B,unreviewed-source-document,The cited record names Securities and Exchange Commission.,"A textual mention does not establish guilt, control, ownership, payment, coordination or any other substantive relationship.",machine-extracted-unreviewed,organisation-suffix-regex,0.67
relationship-d780f69033834cb0f026,mentions,document-21062c3794165a26e8de0095,entity-governmentagency-2d18cadc5ea30092c6f7,sec-litigation-releases,U.S. Securities and Exchange Commission — Litigation Releases,https://www.sec.gov/files/litigation/litreleases/2026/26526-final-judgment-bongiorno.pdf,,2026-07-11T13:06:17.977Z,B,unreviewed-source-document,The cited record names The Court.,"A textual mention does not establish guilt, control, ownership, payment, coordination or any other substantive relationship.",machine-extracted-unreviewed,organisation-suffix-regex,0.67
relationship-9aa0f7ca482c84149046,mentions,document-21062c3794165a26e8de0095,entity-governmentagency-bedab65c15b8b940a995,sec-litigation-releases,U.S. Securities and Exchange Commission — Litigation Releases,https://www.sec.gov/files/litigation/litreleases/2026/26526-final-judgment-bongiorno.pdf,,2026-07-11T13:06:17.977Z,B,unreviewed-source-document,The cited record names United States Treasury. The Commission.,"A textual mention does not establish guilt, control, ownership, payment, coordination or any other substantive relationship.",machine-extracted-unreviewed,organisation-suffix-regex,0.67
relationship-b20716ecf53ff9a8878f,mentions,document-21062c3794165a26e8de0095,entity-governmentagency-cd1d71cf660fd8350570,sec-litigation-releases,U.S. Securities and Exchange Commission — Litigation Releases,https://www.sec.gov/files/litigation/litreleases/2026/26526-final-judgment-bongiorno.pdf,,2026-07-11T13:06:17.977Z,B,unreviewed-source-document,The cited record names Defendant. The Commission.,"A textual mention does not establish guilt, control, ownership, payment, coordination or any other substantive relationship.",machine-extracted-unreviewed,organisation-suffix-regex,0.67
relationship-e726081efbc9dfd58981,mentions,document-21062c3794165a26e8de0095,entity-legalauthority-30d4d73903606b97ec1a,sec-litigation-releases,U.S. Securities and Exchange Commission — Litigation Releases,https://www.sec.gov/files/litigation/litreleases/2026/26526-final-judgment-bongiorno.pdf,,2026-07-11T13:06:17.977Z,B,unreviewed-source-document,The cited record names Federal Rule.,"A textual mention does not establish guilt, control, ownership, payment, coordination or any other substantive relationship.",machine-extracted-unreviewed,legal-authority-regex,0.64
relationship-f8b43ddc231e9f53fd78,mentions,document-21062c3794165a26e8de0095,entity-legalauthority-357d25e851643705417a,sec-litigation-releases,U.S. Securities and Exchange Commission — Litigation Releases,https://www.sec.gov/files/litigation/litreleases/2026/26526-final-judgment-bongiorno.pdf,,2026-07-11T13:06:17.977Z,B,unreviewed-source-document,The cited record names Bankruptcy Code.,"A textual mention does not establish guilt, control, ownership, payment, coordination or any other substantive relationship.",machine-extracted-unreviewed,legal-authority-regex,0.64
relationship-ef0593e5f95dc34025ed,mentions,document-21062c3794165a26e8de0095,entity-legalauthority-4dd9429b82592fb2f8e0,sec-litigation-releases,U.S. Securities and Exchange Commission — Litigation Releases,https://www.sec.gov/files/litigation/litreleases/2026/26526-final-judgment-bongiorno.pdf,,2026-07-11T13:06:17.977Z,B,unreviewed-source-document,The cited record names Securities Act.,"A textual mention does not establish guilt, control, ownership, payment, coordination or any other substantive relationship.",machine-extracted-unreviewed,legal-authority-regex,0.64
relationship-4f78a6ee9a1f27927899,mentions,document-21062c3794165a26e8de0095,entity-legalauthority-e7f1a2bb67b9d759eecc,sec-litigation-releases,U.S. Securities and Exchange Commission — Litigation Releases,https://www.sec.gov/files/litigation/litreleases/2026/26526-final-judgment-bongiorno.pdf,,2026-07-11T13:06:17.977Z,B,unreviewed-source-document,The cited record names Exchange Act.,"A textual mention does not establish guilt, control, ownership, payment, coordination or any other substantive relationship.",machine-extracted-unreviewed,legal-authority-regex,0.64
relationship-f4672390b6c46396ca69,mentions,document-21062c3794165a26e8de0095,entity-legalauthority-eda4c7ce7a782f0cdeca,sec-litigation-releases,U.S. Securities and Exchange Commission — Litigation Releases,https://www.sec.gov/files/litigation/litreleases/2026/26526-final-judgment-bongiorno.pdf,,2026-07-11T13:06:17.977Z,B,unreviewed-source-document,The cited record names Securities Exchange Act.,"A textual mention does not establish guilt, control, ownership, payment, coordination or any other substantive relationship.",machine-extracted-unreviewed,legal-authority-regex,0.64
relationship-691f5101a15b80b3c889,mentions,document-4ed5cb53b53914104fe6240e,entity-company-f9595a35583da95c8521,sec-litigation-releases,U.S. Securities and Exchange Commission — Litigation Releases,https://www.sec.gov/files/litigation/litreleases/2026/order26497.pdf,,2026-07-11T13:06:17.977Z,B,unreviewed-source-document,The cited record names Platforms Wireless Int’l Corp.,"A textual mention does not establish guilt, control, ownership, payment, coordination or any other substantive relationship.",machine-extracted-unreviewed,company-suffix-regex,0.72
relationship-38318baa6fdf68fe7641,mentions,document-4ed5cb53b53914104fe6240e,entity-governmentagency-19975482c962fcb0589d,sec-litigation-releases,U.S. Securities and Exchange Commission — Litigation Releases,https://www.sec.gov/files/litigation/litreleases/2026/order26497.pdf,,2026-07-11T13:06:17.977Z,B,unreviewed-source-document,The cited record names California Department.,"A textual mention does not establish guilt, control, ownership, payment, coordination or any other substantive relationship.",machine-extracted-unreviewed,organisation-suffix-regex,0.67
relationship-5c0e6c042845e115ab05,mentions,document-4ed5cb53b53914104fe6240e,entity-governmentagency-2d18cadc5ea30092c6f7,sec-litigation-releases,U.S. Securities and Exchange Commission — Litigation Releases,https://www.sec.gov/files/litigation/litreleases/2026/order26497.pdf,,2026-07-11T13:06:17.977Z,B,unreviewed-source-document,The cited record names The Court.,"A textual mention does not establish guilt, control, ownership, payment, coordination or any other substantive relationship.",machine-extracted-unreviewed,organisation-suffix-regex,0.67
relationship-f4fccf9983bc517a7b63,mentions,document-4ed5cb53b53914104fe6240e,entity-governmentagency-3ccf8c1785ef3e305d21,sec-litigation-releases,U.S. Securities and Exchange Commission — Litigation Releases,https://www.sec.gov/files/litigation/litreleases/2026/order26497.pdf,,2026-07-11T13:06:17.977Z,B,unreviewed-source-document,The cited record names Authority of Commission.,"A textual mention does not establish guilt, control, ownership, payment, coordination or any other substantive relationship.",machine-extracted-unreviewed,organisation-suffix-regex,0.67
relationship-b1bd13a5adc25b2ad263,mentions,document-4ed5cb53b53914104fe6240e,entity-governmentagency-9a4a80e9ececd7876db3,sec-litigation-releases,U.S. Securities and Exchange Commission — Litigation Releases,https://www.sec.gov/files/litigation/litreleases/2026/order26497.pdf,,2026-07-11T13:06:17.977Z,B,unreviewed-source-document,The cited record names Nat’l. Res. Def. Council.,"A textual mention does not establish guilt, control, ownership, payment, coordination or any other substantive relationship.",machine-extracted-unreviewed,organisation-suffix-regex,0.67
relationship-4508945ca954a00ab02b,mentions,document-4ed5cb53b53914104fe6240e,entity-governmentagency-b6557c289323954c2d09,sec-litigation-releases,U.S. Securities and Exchange Commission — Litigation Releases,https://www.sec.gov/files/litigation/litreleases/2026/order26497.pdf,,2026-07-11T13:06:17.977Z,B,unreviewed-source-document,The cited record names Plaintiff United States Securities and Exchange Commission.,"A textual mention does not establish guilt, control, ownership, payment, coordination or any other substantive relationship.",machine-extracted-unreviewed,organisation-suffix-regex,0.67
relationship-c1f6ddb4465c5d03c595,mentions,document-4ed5cb53b53914104fe6240e,entity-legalauthority-4dd9429b82592fb2f8e0,sec-litigation-releases,U.S. Securities and Exchange Commission — Litigation Releases,https://www.sec.gov/files/litigation/litreleases/2026/order26497.pdf,,2026-07-11T13:06:17.977Z,B,unreviewed-source-document,The cited record names Securities Act.,"A textual mention does not establish guilt, control, ownership, payment, coordination or any other substantive relationship.",machine-extracted-unreviewed,legal-authority-regex,0.64
relationship-b184ac9038420bbf0ded,mentions,document-4ed5cb53b53914104fe6240e,entity-legalauthority-6dfce90a9e8d7938f9a2,sec-litigation-releases,U.S. Securities and Exchange Commission — Litigation Releases,https://www.sec.gov/files/litigation/litreleases/2026/order26497.pdf,,2026-07-11T13:06:17.977Z,B,unreviewed-source-document,The cited record names Exchange Act and Rule.,"A textual mention does not establish guilt, control, ownership, payment, coordination or any other substantive relationship.",machine-extracted-unreviewed,legal-authority-regex,0.64
relationship-467576ae883750533776,mentions,document-4ed5cb53b53914104fe6240e,entity-legalauthority-e7f1a2bb67b9d759eecc,sec-litigation-releases,U.S. Securities and Exchange Commission — Litigation Releases,https://www.sec.gov/files/litigation/litreleases/2026/order26497.pdf,,2026-07-11T13:06:17.977Z,B,unreviewed-source-document,The cited record names Exchange Act.,"A textual mention does not establish guilt, control, ownership, payment, coordination or any other substantive relationship.",machine-extracted-unreviewed,legal-authority-regex,0.64
relationship-8660453a8f614e052bbd,mentions,document-4ed5cb53b53914104fe6240e,entity-legalauthority-f1a76c4914d787b4ab88,sec-litigation-releases,U.S. Securities and Exchange Commission — Litigation Releases,https://www.sec.gov/files/litigation/litreleases/2026/order26497.pdf,,2026-07-11T13:06:17.977Z,B,unreviewed-source-document,The cited record names Advisers Act.,"A textual mention does not establish guilt, control, ownership, payment, coordination or any other substantive relationship.",machine-extracted-unreviewed,legal-authority-regex,0.64
relationship-545504f8007eb0042214,mentions,document-4ed5cb53b53914104fe6240e,entity-organization-ae734086c85b18874988,sec-litigation-releases,U.S. Securities and Exchange Commission — Litigation Releases,https://www.sec.gov/files/litigation/litreleases/2026/order26497.pdf,,2026-07-11T13:06:17.977Z,B,unreviewed-source-document,The cited record names Internal Revenue Service.,"A textual mention does not establish guilt, control, ownership, payment, coordination or any other substantive relationship.",machine-extracted-unreviewed,organisation-suffix-regex,0.67
relationship-cd6225ccb5ee75fd099e,mentions,document-5cfcef7e6d9081a2f8b4cfc1,entity-governmentagency-0fcd7c18a52dff9d8cef,sec-litigation-releases,U.S. Securities and Exchange Commission — Litigation Releases,https://www.sec.gov/files/litigation/litreleases/2026/judg26502.pdf,,2026-07-11T13:06:17.977Z,B,unreviewed-source-document,The cited record names United States Treasury.,"A textual mention does not establish guilt, control, ownership, payment, coordination or any other substantive relationship.",machine-extracted-unreviewed,organisation-suffix-regex,0.67
relationship-3ca565e751da9f29d359,mentions,document-5cfcef7e6d9081a2f8b4cfc1,entity-governmentagency-23b03f6532d999f0229b,sec-litigation-releases,U.S. Securities and Exchange Commission — Litigation Releases,https://www.sec.gov/files/litigation/litreleases/2026/judg26502.pdf,,2026-07-11T13:06:17.977Z,B,unreviewed-source-document,The cited record names Securities and Exchange Commission.,"A textual mention does not establish guilt, control, ownership, payment, coordination or any other substantive relationship.",machine-extracted-unreviewed,organisation-suffix-regex,0.67
relationship-1f84e19a34a7e77eb65f,mentions,document-5cfcef7e6d9081a2f8b4cfc1,entity-governmentagency-63d8a0e4970d5c0b0e28,sec-litigation-releases,U.S. Securities and Exchange Commission — Litigation Releases,https://www.sec.gov/files/litigation/litreleases/2026/judg26502.pdf,,2026-07-11T13:06:17.977Z,B,unreviewed-source-document,The cited record names The Commission.,"A textual mention does not establish guilt, control, ownership, payment, coordination or any other substantive relationship.",machine-extracted-unreviewed,organisation-suffix-regex,0.67
relationship-7e9838241b95a2c8c8a3,mentions,document-5cfcef7e6d9081a2f8b4cfc1,entity-governmentagency-d6f69161b254b4ff5403,sec-litigation-releases,U.S. Securities and Exchange Commission — Litigation Releases,https://www.sec.gov/files/litigation/litreleases/2026/judg26502.pdf,,2026-07-11T13:06:17.977Z,B,unreviewed-source-document,The cited record names Order of the Court.,"A textual mention does not establish guilt, control, ownership, payment, coordination or any other substantive relationship.",machine-extracted-unreviewed,organisation-suffix-regex,0.67
relationship-367034d3d3ddc7c8e811,mentions,document-5cfcef7e6d9081a2f8b4cfc1,entity-legalauthority-06775ba40ef2b9ecaed3,sec-litigation-releases,U.S. Securities and Exchange Commission — Litigation Releases,https://www.sec.gov/files/litigation/litreleases/2026/judg26502.pdf,,2026-07-11T13:06:17.977Z,B,unreviewed-source-document,The cited record names Procedures Act.,"A textual mention does not establish guilt, control, ownership, payment, coordination or any other substantive relationship.",machine-extracted-unreviewed,legal-authority-regex,0.64
relationship-1d5751f5489596650d5f,mentions,document-5cfcef7e6d9081a2f8b4cfc1,entity-legalauthority-30d4d73903606b97ec1a,sec-litigation-releases,U.S. Securities and Exchange Commission — Litigation Releases,https://www.sec.gov/files/litigation/litreleases/2026/judg26502.pdf,,2026-07-11T13:06:17.977Z,B,unreviewed-source-document,The cited record names Federal Rule.,"A textual mention does not establish guilt, control, ownership, payment, coordination or any other substantive relationship.",machine-extracted-unreviewed,legal-authority-regex,0.64
relationship-3e57a6529c461f9a24a7,mentions,document-5cfcef7e6d9081a2f8b4cfc1,entity-legalauthority-357d25e851643705417a,sec-litigation-releases,U.S. Securities and Exchange Commission — Litigation Releases,https://www.sec.gov/files/litigation/litreleases/2026/judg26502.pdf,,2026-07-11T13:06:17.977Z,B,unreviewed-source-document,The cited record names Bankruptcy Code.,"A textual mention does not establish guilt, control, ownership, payment, coordination or any other substantive relationship.",machine-extracted-unreviewed,legal-authority-regex,0.64
relationship-c9a9ddd8f2e8e953e1d8,mentions,document-5cfcef7e6d9081a2f8b4cfc1,entity-legalauthority-4dd9429b82592fb2f8e0,sec-litigation-releases,U.S. Securities and Exchange Commission — Litigation Releases,https://www.sec.gov/files/litigation/litreleases/2026/judg26502.pdf,,2026-07-11T13:06:17.977Z,B,unreviewed-source-document,The cited record names Securities Act.,"A textual mention does not establish guilt, control, ownership, payment, coordination or any other substantive relationship.",machine-extracted-unreviewed,legal-authority-regex,0.64
relationship-c3bcb02c4ca12c8311df,mentions,document-5cfcef7e6d9081a2f8b4cfc1,entity-legalauthority-662251159aec5af8b571,sec-litigation-releases,U.S. Securities and Exchange Commission — Litigation Releases,https://www.sec.gov/files/litigation/litreleases/2026/judg26502.pdf,,2026-07-11T13:06:17.977Z,B,unreviewed-source-document,The cited record names Oxley Act.,"A textual mention does not establish guilt, control, ownership, payment, coordination or any other substantive relationship.",machine-extracted-unreviewed,legal-authority-regex,0.64
relationship-fc7c666241d763205165,mentions,document-5cfcef7e6d9081a2f8b4cfc1,entity-legalauthority-e7f1a2bb67b9d759eecc,sec-litigation-releases,U.S. Securities and Exchange Commission — Litigation Releases,https://www.sec.gov/files/litigation/litreleases/2026/judg26502.pdf,,2026-07-11T13:06:17.977Z,B,unreviewed-source-document,The cited record names Exchange Act.,"A textual mention does not establish guilt, control, ownership, payment, coordination or any other substantive relationship.",machine-extracted-unreviewed,legal-authority-regex,0.64
relationship-7340a65caac862522f50,mentions,document-5cfcef7e6d9081a2f8b4cfc1,entity-legalauthority-eda4c7ce7a782f0cdeca,sec-litigation-releases,U.S. Securities and Exchange Commission — Litigation Releases,https://www.sec.gov/files/litigation/litreleases/2026/judg26502.pdf,,2026-07-11T13:06:17.977Z,B,unreviewed-source-document,The cited record names Securities Exchange Act.,"A textual mention does not establish guilt, control, ownership, payment, coordination or any other substantive relationship.",machine-extracted-unreviewed,legal-authority-regex,0.64
relationship-3c59750daa62d70f00ae,mentions,document-68517786b3f869614d6441d5,entity-company-679162bc191c2d02f381,sec-litigation-releases,U.S. Securities and Exchange Commission — Litigation Releases,https://www.sec.gov/files/litigation/litreleases/2026/judg26549-daveglo.pdf,,2026-07-11T13:06:17.977Z,B,unreviewed-source-document,The cited record names DaveGlo Investment Group.,"A textual mention does not establish guilt, control, ownership, payment, coordination or any other substantive relationship.",machine-extracted-unreviewed,company-suffix-regex,0.72
relationship-214bfb60a789d1ddf1f3,mentions,document-6960ea14c65d98405708eb15,entity-governmentagency-23b03f6532d999f0229b,sec-litigation-releases,U.S. Securities and Exchange Commission — Litigation Releases,https://www.sec.gov/files/litigation/litreleases/2026/judg26506-suzee-han.pdf,,2026-07-11T13:06:17.977Z,B,unreviewed-source-document,The cited record names Securities and Exchange Commission.,"A textual mention does not establish guilt, control, ownership, payment, coordination or any other substantive relationship.",machine-extracted-unreviewed,organisation-suffix-regex,0.67
relationship-d8748e5579f0093545bc,mentions,document-6960ea14c65d98405708eb15,entity-governmentagency-760ba48af11027c4b325,sec-litigation-releases,U.S. Securities and Exchange Commission — Litigation Releases,https://www.sec.gov/files/litigation/litreleases/2026/judg26506-suzee-han.pdf,,2026-07-11T13:06:17.977Z,B,unreviewed-source-document,The cited record names AS TO DEFENDANT SUZEE HAN The Securities and Exchange Commission.,"A textual mention does not establish guilt, control, ownership, payment, coordination or any other substantive relationship.",machine-extracted-unreviewed,organisation-suffix-regex,0.67
relationship-ff0ab38f650335709928,mentions,document-6960ea14c65d98405708eb15,entity-governmentagency-7b2d2e14e244ab1a52da,sec-litigation-releases,U.S. Securities and Exchange Commission — Litigation Releases,https://www.sec.gov/files/litigation/litreleases/2026/judg26506-suzee-han.pdf,,2026-07-11T13:06:17.977Z,B,unreviewed-source-document,The cited record names M. Brockett Trial Attorney United States Securities and Exchange Commission.,"A textual mention does not establish guilt, control, ownership, payment, coordination or any other substantive relationship.",machine-extracted-unreviewed,organisation-suffix-regex,0.67
relationship-aa488d74ac846cea5f65,mentions,document-6960ea14c65d98405708eb15,entity-governmentagency-d2fb03f3b17e8e1c4497,sec-litigation-releases,U.S. Securities and Exchange Commission — Litigation Releases,https://www.sec.gov/files/litigation/litreleases/2026/judg26506-suzee-han.pdf,,2026-07-11T13:06:17.977Z,B,unreviewed-source-document,The cited record names New York Regional Office.,"A textual mention does not establish guilt, control, ownership, payment, coordination or any other substantive relationship.",machine-extracted-unreviewed,organisation-suffix-regex,0.67
relationship-875e86d64d9cf3fdcf26,mentions,document-6960ea14c65d98405708eb15,entity-legalauthority-30d4d73903606b97ec1a,sec-litigation-releases,U.S. Securities and Exchange Commission — Litigation Releases,https://www.sec.gov/files/litigation/litreleases/2026/judg26506-suzee-han.pdf,,2026-07-11T13:06:17.977Z,B,unreviewed-source-document,The cited record names Federal Rule.,"A textual mention does not establish guilt, control, ownership, payment, coordination or any other substantive relationship.",machine-extracted-unreviewed,legal-authority-regex,0.64
relationship-6ca9dc511e05ba460409,mentions,document-6960ea14c65d98405708eb15,entity-legalauthority-4dd9429b82592fb2f8e0,sec-litigation-releases,U.S. Securities and Exchange Commission — Litigation Releases,https://www.sec.gov/files/litigation/litreleases/2026/judg26506-suzee-han.pdf,,2026-07-11T13:06:17.977Z,B,unreviewed-source-document,The cited record names Securities Act.,"A textual mention does not establish guilt, control, ownership, payment, coordination or any other substantive relationship.",machine-extracted-unreviewed,legal-authority-regex,0.64
relationship-2728100452c13e88504f,mentions,document-6960ea14c65d98405708eb15,entity-legalauthority-e7f1a2bb67b9d759eecc,sec-litigation-releases,U.S. Securities and Exchange Commission — Litigation Releases,https://www.sec.gov/files/litigation/litreleases/2026/judg26506-suzee-han.pdf,,2026-07-11T13:06:17.977Z,B,unreviewed-source-document,The cited record names Exchange Act.,"A textual mention does not establish guilt, control, ownership, payment, coordination or any other substantive relationship.",machine-extracted-unreviewed,legal-authority-regex,0.64
relationship-e3851f6ecb5a9c27d201,mentions,document-6960ea14c65d98405708eb15,entity-legalauthority-eda4c7ce7a782f0cdeca,sec-litigation-releases,U.S. Securities and Exchange Commission — Litigation Releases,https://www.sec.gov/files/litigation/litreleases/2026/judg26506-suzee-han.pdf,,2026-07-11T13:06:17.977Z,B,unreviewed-source-document,The cited record names Securities Exchange Act.,"A textual mention does not establish guilt, control, ownership, payment, coordination or any other substantive relationship.",machine-extracted-unreviewed,legal-authority-regex,0.64
relationship-4dcc7c3cec3887510094,mentions,document-6f9f8bf79aaccb91ea301d46,entity-governmentagency-1926439dea5a947a1901,federal-register-latest,Federal Register — Latest Documents,https://www.govinfo.gov/content/pkg/FR-2026-07-13/pdf/2026-14070.pdf,,2026-07-11T13:06:17.977Z,B,unreviewed-source-document,The cited record names Safety Administration.,"A textual mention does not establish guilt, control, ownership, payment, coordination or any other substantive relationship.",machine-extracted-unreviewed,organisation-suffix-regex,0.67
relationship-8aee8f60b95ddfe207ac,mentions,document-6f9f8bf79aaccb91ea301d46,entity-governmentagency-589fe65d1e718c7aae0e,federal-register-latest,Federal Register — Latest Documents,https://www.govinfo.gov/content/pkg/FR-2026-07-13/pdf/2026-14070.pdf,,2026-07-11T13:06:17.977Z,B,unreviewed-source-document,The cited record names PST’s Agency.,"A textual mention does not establish guilt, control, ownership, payment, coordination or any other substantive relationship.",machine-extracted-unreviewed,organisation-suffix-regex,0.67
relationship-cc40387fc8c6552bb3ba,mentions,document-6f9f8bf79aaccb91ea301d46,entity-governmentagency-6a799278f2c401c867b3,federal-register-latest,Federal Register — Latest Documents,https://www.govinfo.gov/content/pkg/FR-2026-07-13/pdf/2026-14070.pdf,,2026-07-11T13:06:17.977Z,B,unreviewed-source-document,The cited record names DIMP. Materials Safety Administration.,"A textual mention does not establish guilt, control, ownership, payment, coordination or any other substantive relationship.",machine-extracted-unreviewed,organisation-suffix-regex,0.67
relationship-4b54e2fd5a56048520a6,mentions,document-6f9f8bf79aaccb91ea301d46,entity-governmentagency-81db8ebb19e418b3c4fa,federal-register-latest,Federal Register — Latest Documents,https://www.govinfo.gov/content/pkg/FR-2026-07-13/pdf/2026-14070.pdf,,2026-07-11T13:06:17.977Z,B,unreviewed-source-document,The cited record names Class Location Change Agency.,"A textual mention does not establish guilt, control, ownership, payment, coordination or any other substantive relationship.",machine-extracted-unreviewed,organisation-suffix-regex,0.67
relationship-9333ae326c05641a216d,mentions,document-6f9f8bf79aaccb91ea301d46,entity-governmentagency-9342ce3ca1bec2752a29,federal-register-latest,Federal Register — Latest Documents,https://www.govinfo.gov/content/pkg/FR-2026-07-13/pdf/2026-14070.pdf,,2026-07-11T13:06:17.977Z,B,unreviewed-source-document,The cited record names OMB Control Number. Agency.,"A textual mention does not establish guilt, control, ownership, payment, coordination or any other substantive relationship.",machine-extracted-unreviewed,organisation-suffix-regex,0.67
relationship-d432fbd7c0fc11e5cbe6,mentions,document-6f9f8bf79aaccb91ea301d46,entity-legalauthority-1c5d71bcc349dace0df2,federal-register-latest,Federal Register — Latest Documents,https://www.govinfo.gov/content/pkg/FR-2026-07-13/pdf/2026-14070.pdf,,2026-07-11T13:06:17.977Z,B,unreviewed-source-document,The cited record names Paperwork Reduction Act.,"A textual mention does not establish guilt, control, ownership, payment, coordination or any other substantive relationship.",machine-extracted-unreviewed,legal-authority-regex,0.64
relationship-4364faccd2c9db216e0d,mentions,document-6f9f8bf79aaccb91ea301d46,entity-legalauthority-bf3a6de533403bc51f0d,federal-register-latest,Federal Register — Latest Documents,https://www.govinfo.gov/content/pkg/FR-2026-07-13/pdf/2026-14070.pdf,,2026-07-11T13:06:17.977Z,B,unreviewed-source-document,The cited record names Reduction Act.,"A textual mention does not establish guilt, control, ownership, payment, coordination or any other substantive relationship.",machine-extracted-unreviewed,legal-authority-regex,0.64
relationship-084bfa7edbc956f54fe5,mentions,document-6f9f8bf79aaccb91ea301d46,entity-organization-a15562cd025b98b08d44,federal-register-latest,Federal Register — Latest Documents,https://www.govinfo.gov/content/pkg/FR-2026-07-13/pdf/2026-14070.pdf,,2026-07-11T13:06:17.977Z,B,unreviewed-source-document,The cited record names PHMSA Service.,"A textual mention does not establish guilt, control, ownership, payment, coordination or any other substantive relationship.",machine-extracted-unreviewed,organisation-suffix-regex,0.67
relationship-f3cb2ce365aa932e440e,mentions,document-6f9f8bf79aaccb91ea301d46,entity-organization-ae734086c85b18874988,federal-register-latest,Federal Register — Latest Documents,https://www.govinfo.gov/content/pkg/FR-2026-07-13/pdf/2026-14070.pdf,,2026-07-11T13:06:17.977Z,B,unreviewed-source-document,The cited record names Internal Revenue Service.,"A textual mention does not establish guilt, control, ownership, payment, coordination or any other substantive relationship.",machine-extracted-unreviewed,organisation-suffix-regex,0.67
relationship-71de30a521a7f9d49225,mentions,document-6f9f8bf79aaccb91ea301d46,entity-trust-615f05cd7662cea5aba9,federal-register-latest,Federal Register — Latest Documents,https://www.govinfo.gov/content/pkg/FR-2026-07-13/pdf/2026-14070.pdf,,2026-07-11T13:06:17.977Z,B,unreviewed-source-document,The cited record names Pipeline Safety Trust.,"A textual mention does not establish guilt, control, ownership, payment, coordination or any other substantive relationship.",machine-extracted-unreviewed,organisation-suffix-regex,0.67
relationship-874f998930fc17e3a039,mentions,document-71a3a8053e182934a63d80e7,entity-governmentagency-02c18f319d4fb133b66f,sec-litigation-releases,U.S. Securities and Exchange Commission — Litigation Releases,https://www.sec.gov/files/litigation/litreleases/2026/judg26498-chad-miller.pdf,,2026-07-11T13:06:17.977Z,B,unreviewed-source-document,The cited record names TO DEFENDANT CHAD J. MILLER The Securities and Exchange Commission.,"A textual mention does not establish guilt, control, ownership, payment, coordination or any other substantive relationship.",machine-extracted-unreviewed,organisation-suffix-regex,0.67
relationship-3b45baabc2aba4d8c622,mentions,document-71a3a8053e182934a63d80e7,entity-legalauthority-30d4d73903606b97ec1a,sec-litigation-releases,U.S. Securities and Exchange Commission — Litigation Releases,https://www.sec.gov/files/litigation/litreleases/2026/judg26498-chad-miller.pdf,,2026-07-11T13:06:17.977Z,B,unreviewed-source-document,The cited record names Federal Rule.,"A textual mention does not establish guilt, control, ownership, payment, coordination or any other substantive relationship.",machine-extracted-unreviewed,legal-authority-regex,0.64
relationship-93f60ca9cd002f323f21,mentions,document-71a3a8053e182934a63d80e7,entity-legalauthority-4dd9429b82592fb2f8e0,sec-litigation-releases,U.S. Securities and Exchange Commission — Litigation Releases,https://www.sec.gov/files/litigation/litreleases/2026/judg26498-chad-miller.pdf,,2026-07-11T13:06:17.977Z,B,unreviewed-source-document,The cited record names Securities Act.,"A textual mention does not establish guilt, control, ownership, payment, coordination or any other substantive relationship.",machine-extracted-unreviewed,legal-authority-regex,0.64
relationship-ae1193e70022ce75ecab,mentions,document-71a3a8053e182934a63d80e7,entity-legalauthority-e7f1a2bb67b9d759eecc,sec-litigation-releases,U.S. Securities and Exchange Commission — Litigation Releases,https://www.sec.gov/files/litigation/litreleases/2026/judg26498-chad-miller.pdf,,2026-07-11T13:06:17.977Z,B,unreviewed-source-document,The cited record names Exchange Act.,"A textual mention does not establish guilt, control, ownership, payment, coordination or any other substantive relationship.",machine-extracted-unreviewed,legal-authority-regex,0.64
relationship-b915fac2ff1d2d19288a,mentions,document-71a3a8053e182934a63d80e7,entity-legalauthority-eda4c7ce7a782f0cdeca,sec-litigation-releases,U.S. Securities and Exchange Commission — Litigation Releases,https://www.sec.gov/files/litigation/litreleases/2026/judg26498-chad-miller.pdf,,2026-07-11T13:06:17.977Z,B,unreviewed-source-document,The cited record names Securities Exchange Act.,"A textual mention does not establish guilt, control, ownership, payment, coordination or any other substantive relationship.",machine-extracted-unreviewed,legal-authority-regex,0.64
relationship-ad629e360cac64ee0b31,mentions,document-71a3a8053e182934a63d80e7,entity-organization-ae734086c85b18874988,sec-litigation-releases,U.S. Securities and Exchange Commission — Litigation Releases,https://www.sec.gov/files/litigation/litreleases/2026/judg26498-chad-miller.pdf,,2026-07-11T13:06:17.977Z,B,unreviewed-source-document,The cited record names Internal Revenue Service.,"A textual mention does not establish guilt, control, ownership, payment, coordination or any other substantive relationship.",machine-extracted-unreviewed,organisation-suffix-regex,0.67
relationship-e7c3a5681cf259d48bf0,mentions,document-aeb34da6588c7ea5d75c67e0,entity-company-16a8ef7b1bd3b0bbf05b,federal-register-latest,Federal Register — Latest Documents,https://public-inspection.federalregister.gov/2026-13996.pdf?1783601118,,2026-07-11T13:06:17.977Z,B,unreviewed-source-document,The cited record names Spotify USA Inc.,"A textual mention does not establish guilt, control, ownership, payment, coordination or any other substantive relationship.",machine-extracted-unreviewed,company-suffix-regex,0.72
relationship-a576f2a8293d99ab0b0f,mentions,document-aeb34da6588c7ea5d75c67e0,entity-company-1c5c2467e3624b0372a8,federal-register-latest,Federal Register — Latest Documents,https://public-inspection.federalregister.gov/2026-13996.pdf?1783601118,,2026-07-11T13:06:17.977Z,B,unreviewed-source-document,The cited record names Joint Record Company.,"A textual mention does not establish guilt, control, ownership, payment, coordination or any other substantive relationship.",machine-extracted-unreviewed,company-suffix-regex,0.72
relationship-c373064b98480f22f399,mentions,document-aeb34da6588c7ea5d75c67e0,entity-company-89733039d7335cebaa79,federal-register-latest,Federal Register — Latest Documents,https://public-inspection.federalregister.gov/2026-13996.pdf?1783601118,,2026-07-11T13:06:17.977Z,B,unreviewed-source-document,The cited record names Google LLC.,"A textual mention does not establish guilt, control, ownership, payment, coordination or any other substantive relationship.",machine-extracted-unreviewed,company-suffix-regex,0.72
relationship-cc8c707d14d0160b63f8,mentions,document-aeb34da6588c7ea5d75c67e0,entity-company-9d725b8b1bdc92a83665,federal-register-latest,Federal Register — Latest Documents,https://public-inspection.federalregister.gov/2026-13996.pdf?1783601118,,2026-07-11T13:06:17.977Z,B,unreviewed-source-document,The cited record names Pandora Media LLC.,"A textual mention does not establish guilt, control, ownership, payment, coordination or any other substantive relationship.",machine-extracted-unreviewed,company-suffix-regex,0.72
relationship-cc65e65ba8243001da26,mentions,document-aeb34da6588c7ea5d75c67e0,entity-company-b4a106ade46518b30b7d,federal-register-latest,Federal Register — Latest Documents,https://public-inspection.federalregister.gov/2026-13996.pdf?1783601118,,2026-07-11T13:06:17.977Z,B,unreviewed-source-document,The cited record names Record Company.,"A textual mention does not establish guilt, control, ownership, payment, coordination or any other substantive relationship.",machine-extracted-unreviewed,company-suffix-regex,0.72
relationship-ed541a0f5aee6c070f44,mentions,document-aeb34da6588c7ea5d75c67e0,entity-company-b88750351bd49204bdd2,federal-register-latest,Federal Register — Latest Documents,https://public-inspection.federalregister.gov/2026-13996.pdf?1783601118,,2026-07-11T13:06:17.977Z,B,unreviewed-source-document,The cited record names Warner Music Group Corp.,"A textual mention does not establish guilt, control, ownership, payment, coordination or any other substantive relationship.",machine-extracted-unreviewed,company-suffix-regex,0.72
relationship-b0b0b824ed137bb4a35a,mentions,document-aeb34da6588c7ea5d75c67e0,entity-company-be29d6f3bfd2de4283c1,federal-register-latest,Federal Register — Latest Documents,https://public-inspection.federalregister.gov/2026-13996.pdf?1783601118,,2026-07-11T13:06:17.977Z,B,unreviewed-source-document,The cited record names Apple Inc.,"A textual mention does not establish guilt, control, ownership, payment, coordination or any other substantive relationship.",machine-extracted-unreviewed,company-suffix-regex,0.72
relationship-b5557766fa59798d6c4c,mentions,document-aeb34da6588c7ea5d75c67e0,entity-company-dee500d20da8c2734797,federal-register-latest,Federal Register — Latest Documents,https://public-inspection.federalregister.gov/2026-13996.pdf?1783601118,,2026-07-11T13:06:17.977Z,B,unreviewed-source-document,The cited record names Amazon.com Services LLC.,"A textual mention does not establish guilt, control, ownership, payment, coordination or any other substantive relationship.",machine-extracted-unreviewed,company-suffix-regex,0.72
relationship-edcafc4385ce7fa01761,mentions,document-aeb34da6588c7ea5d75c67e0,entity-governmentagency-01f4059d381e9f112e9c,federal-register-latest,Federal Register — Latest Documents,https://public-inspection.federalregister.gov/2026-13996.pdf?1783601118,,2026-07-11T13:06:17.977Z,B,unreviewed-source-document,The cited record names LIBRARY OF CONGRESS Copyright Royalty Board.,"A textual mention does not establish guilt, control, ownership, payment, coordination or any other substantive relationship.",machine-extracted-unreviewed,organisation-suffix-regex,0.67
relationship-d30d28841d8bf8d2cddf,mentions,document-aeb34da6588c7ea5d75c67e0,entity-governmentagency-6213d4d89f0603545f75,federal-register-latest,Federal Register — Latest Documents,https://public-inspection.federalregister.gov/2026-13996.pdf?1783601118,,2026-07-11T13:06:17.977Z,B,unreviewed-source-document,The cited record names Library of Congress.,"A textual mention does not establish guilt, control, ownership, payment, coordination or any other substantive relationship.",machine-extracted-unreviewed,organisation-suffix-regex,0.67
relationship-26c9436d1ea031490f99,mentions,document-aeb34da6588c7ea5d75c67e0,entity-legalauthority-4d516914aeccab39b6d7,federal-register-latest,Federal Register — Latest Documents,https://public-inspection.federalregister.gov/2026-13996.pdf?1783601118,,2026-07-11T13:06:17.977Z,B,unreviewed-source-document,The cited record names Copyright Act.,"A textual mention does not establish guilt, control, ownership, payment, coordination or any other substantive relationship.",machine-extracted-unreviewed,legal-authority-regex,0.64
relationship-cc52f1ccd5b49aa918f3,mentions,document-aeb34da6588c7ea5d75c67e0,entity-legalauthority-8188dee2668caf84fcde,federal-register-latest,Federal Register — Latest Documents,https://public-inspection.federalregister.gov/2026-13996.pdf?1783601118,,2026-07-11T13:06:17.977Z,B,unreviewed-source-document,The cited record names United States Code.,"A textual mention does not establish guilt, control, ownership, payment, coordination or any other substantive relationship.",machine-extracted-unreviewed,legal-authority-regex,0.64
relationship-3cb68af64ae7f5e8db3f,mentions,document-aeb34da6588c7ea5d75c67e0,entity-organization-1bd004f85b86c6f94589,federal-register-latest,Federal Register — Latest Documents,https://public-inspection.federalregister.gov/2026-13996.pdf?1783601118,,2026-07-11T13:06:17.977Z,B,unreviewed-source-document,The cited record names Copyright Royalty Board.,"A textual mention does not establish guilt, control, ownership, payment, coordination or any other substantive relationship.",machine-extracted-unreviewed,organisation-suffix-regex,0.67
relationship-dcbef7184893de8f4ec5,mentions,document-f57d360e4a64cc086c4022d2,entity-governmentagency-23b03f6532d999f0229b,sec-litigation-releases,U.S. Securities and Exchange Commission — Litigation Releases,https://www.sec.gov/files/litigation/litreleases/2026/judg26493.pdf,,2026-07-11T13:06:17.977Z,B,unreviewed-source-document,The cited record names Securities and Exchange Commission.,"A textual mention does not establish guilt, control, ownership, payment, coordination or any other substantive relationship.",machine-extracted-unreviewed,organisation-suffix-regex,0.67
relationship-bba5ca679e98b04a7904,mentions,document-f57d360e4a64cc086c4022d2,entity-governmentagency-286a0bbd8e2edbbf3e19,sec-litigation-releases,U.S. Securities and Exchange Commission — Litigation Releases,https://www.sec.gov/files/litigation/litreleases/2026/judg26493.pdf,,2026-07-11T13:06:17.977Z,B,unreviewed-source-document,The cited record names AS TO DEFENDANT FERNANDO PASSOS The Securities and Exchange Commission.,"A textual mention does not establish guilt, control, ownership, payment, coordination or any other substantive relationship.",machine-extracted-unreviewed,organisation-suffix-regex,0.67
relationship-00702082fc876bcc2c0f,mentions,document-f57d360e4a64cc086c4022d2,entity-governmentagency-bedab65c15b8b940a995,sec-litigation-releases,U.S. Securities and Exchange Commission — Litigation Releases,https://www.sec.gov/files/litigation/litreleases/2026/judg26493.pdf,,2026-07-11T13:06:17.977Z,B,unreviewed-source-document,The cited record names United States Treasury. The Commission.,"A textual mention does not establish guilt, control, ownership, payment, coordination or any other substantive relationship.",machine-extracted-unreviewed,organisation-suffix-regex,0.67
relationship-5551fdd4ce862a080a34,mentions,document-f57d360e4a64cc086c4022d2,entity-governmentagency-cd1d71cf660fd8350570,sec-litigation-releases,U.S. Securities and Exchange Commission — Litigation Releases,https://www.sec.gov/files/litigation/litreleases/2026/judg26493.pdf,,2026-07-11T13:06:17.977Z,B,unreviewed-source-document,The cited record names Defendant. The Commission.,"A textual mention does not establish guilt, control, ownership, payment, coordination or any other substantive relationship.",machine-extracted-unreviewed,organisation-suffix-regex,0.67
relationship-7fa0b0f507fc90ad638d,mentions,document-f57d360e4a64cc086c4022d2,entity-legalauthority-30d4d73903606b97ec1a,sec-litigation-releases,U.S. Securities and Exchange Commission — Litigation Releases,https://www.sec.gov/files/litigation/litreleases/2026/judg26493.pdf,,2026-07-11T13:06:17.977Z,B,unreviewed-source-document,The cited record names Federal Rule.,"A textual mention does not establish guilt, control, ownership, payment, coordination or any other substantive relationship.",machine-extracted-unreviewed,legal-authority-regex,0.64
relationship-4b7c79b53bf504cb1cc9,mentions,document-f57d360e4a64cc086c4022d2,entity-legalauthority-357d25e851643705417a,sec-litigation-releases,U.S. Securities and Exchange Commission — Litigation Releases,https://www.sec.gov/files/litigation/litreleases/2026/judg26493.pdf,,2026-07-11T13:06:17.977Z,B,unreviewed-source-document,The cited record names Bankruptcy Code.,"A textual mention does not establish guilt, control, ownership, payment, coordination or any other substantive relationship.",machine-extracted-unreviewed,legal-authority-regex,0.64
relationship-3367f0da747215787ed2,mentions,document-f57d360e4a64cc086c4022d2,entity-legalauthority-e7f1a2bb67b9d759eecc,sec-litigation-releases,U.S. Securities and Exchange Commission — Litigation Releases,https://www.sec.gov/files/litigation/litreleases/2026/judg26493.pdf,,2026-07-11T13:06:17.977Z,B,unreviewed-source-document,The cited record names Exchange Act.,"A textual mention does not establish guilt, control, ownership, payment, coordination or any other substantive relationship.",machine-extracted-unreviewed,legal-authority-regex,0.64
relationship-944eece5617f6f796c2e,mentions,document-f57d360e4a64cc086c4022d2,entity-legalauthority-ed17bddaa4480de649fa,sec-litigation-releases,U.S. Securities and Exchange Commission — Litigation Releases,https://www.sec.gov/files/litigation/litreleases/2026/judg26493.pdf,,2026-07-11T13:06:17.977Z,B,unreviewed-source-document,The cited record names Exchange Act Rule.,"A textual mention does not establish guilt, control, ownership, payment, coordination or any other substantive relationship.",machine-extracted-unreviewed,legal-authority-regex,0.64
relationship-19b0d559a23264e2f488,mentions,document-f57d360e4a64cc086c4022d2,entity-legalauthority-eda4c7ce7a782f0cdeca,sec-litigation-releases,U.S. Securities and Exchange Commission — Litigation Releases,https://www.sec.gov/files/litigation/litreleases/2026/judg26493.pdf,,2026-07-11T13:06:17.977Z,B,unreviewed-source-document,The cited record names Securities Exchange Act.,"A textual mention does not establish guilt, control, ownership, payment, coordination or any other substantive relationship.",machine-extracted-unreviewed,legal-authority-regex,0.64
relationship-ff1c7f2dfc95ed07dd74,mentions,document-f57d360e4a64cc086c4022d2,entity-legalauthority-ffac3d447e80ac6e23b1,sec-litigation-releases,U.S. Securities and Exchange Commission — Litigation Releases,https://www.sec.gov/files/litigation/litreleases/2026/judg26493.pdf,,2026-07-11T13:06:17.977Z,B,unreviewed-source-document,The cited record names Federal Debt Collection Procedures Act.,"A textual mention does not establish guilt, control, ownership, payment, coordination or any other substantive relationship.",machine-extracted-unreviewed,legal-authority-regex,0.64
relationship-5c8be96b3d14f9b8d6cc,mentions,finding-004b54a319a896c84a534e30,entity-governmentagency-6acdd63fe72ee7397259,doj-epstein-disclosures,U.S. Department of Justice — Epstein Disclosures,https://www.justice.gov/epstein/doj-disclosures/court-records-v-indyke-no-119-cv-10788-sdny-2019,2026-07-11T12:51:11.789Z,2026-07-11T12:51:11.789Z,B,record-update,The cited record names United States Department.,"A textual mention does not establish guilt, control, ownership, payment, coordination or any other substantive relationship.",machine-extracted-unreviewed,organisation-suffix-regex,0.67
relationship-38cb244207193329801a,mentions,finding-00ab7c945252e9fbab490867,entity-governmentagency-821ae2e1f2ef389c4586,federal-register-latest,Federal Register — Latest Documents,https://www.federalregister.gov/documents/2026/07/10/2026-13998/facilitating-implementation-of-next-generation-911-services-ng911-improving-911-reliability,2026-07-10T00:00:00.000Z,2026-07-11T12:51:11.789Z,B,record-update,The cited record names Federal Communications Commission.,"A textual mention does not establish guilt, control, ownership, payment, coordination or any other substantive relationship.",machine-extracted-unreviewed,organisation-suffix-regex,0.67
relationship-2df4134eaed0ce9b6326,mentions,finding-0135f68d0846e600b495a4f0,entity-governmentagency-6acdd63fe72ee7397259,doj-epstein-disclosures,U.S. Department of Justice — Epstein Disclosures,https://www.justice.gov/epstein/doj-disclosures/court-records-united-states-v-maxwell-no-21-0770-2d-cir-2021,2026-07-11T12:51:11.789Z,2026-07-11T12:51:11.789Z,B,record-update,The cited record names United States Department.,"A textual mention does not establish guilt, control, ownership, payment, coordination or any other substantive relationship.",machine-extracted-unreviewed,organisation-suffix-regex,0.67
relationship-a6b9317e9a634fab08c6,mentions,finding-01a6c576de317aa2b9d204ca,entity-governmentagency-5ea3493ef75278bdf8c2,sec-litigation-releases,U.S. Securities and Exchange Commission — Litigation Releases,https://www.sec.gov/files/litigation/litreleases/2026/26526-final-judgment-arthur.pdf,2026-07-11T12:51:11.789Z,2026-07-11T12:51:11.789Z,A,established-wrongdoing,The cited record names U.S. Securities and Exchange Commission.,"A textual mention does not establish guilt, control, ownership, payment, coordination or any other substantive relationship.",machine-extracted-unreviewed,organisation-suffix-regex,0.67
relationship-166ad85ddc2f0ca4ba8c,mentions,finding-04714fd77f38dcdf6f423a86,entity-governmentagency-5ea3493ef75278bdf8c2,sec-litigation-releases,U.S. Securities and Exchange Commission — Litigation Releases,https://www.sec.gov/files/litigation/litreleases/2026/judg26514-cranmer.pdf,2026-07-11T12:51:11.789Z,2026-07-11T12:51:11.789Z,A,established-wrongdoing,The cited record names U.S. Securities and Exchange Commission.,"A textual mention does not establish guilt, control, ownership, payment, coordination or any other substantive relationship.",machine-extracted-unreviewed,organisation-suffix-regex,0.67
relationship-5ffc373d8a488b62303b,mentions,finding-04765f6b3b11bbb15e157efc,entity-governmentagency-29e57777d4cb7db51c08,usaspending-recent-contracts,USAspending.gov — Recent Contract Awards,https://www.usaspending.gov/award/NNG15WA53C,2015-02-01T00:00:00.000Z,2026-07-11T12:51:11.789Z,B,record-update,The cited record names National Aeronautics and Space Administration.,"A textual mention does not establish guilt, control, ownership, payment, coordination or any other substantive relationship.",machine-extracted-unreviewed,organisation-suffix-regex,0.67
relationship-9b609f00f993e78010e4,mentions,finding-04c6b72a1420bdc18a7613a1,entity-governmentagency-6acdd63fe72ee7397259,doj-epstein-disclosures,U.S. Department of Justice — Epstein Disclosures,https://www.justice.gov/epstein/doj-disclosures/court-records-doe-17-v-indyke-no-119-cv-09610-sdny-2019,2026-07-11T12:51:11.789Z,2026-07-11T12:51:11.789Z,B,record-update,The cited record names United States Department.,"A textual mention does not establish guilt, control, ownership, payment, coordination or any other substantive relationship.",machine-extracted-unreviewed,organisation-suffix-regex,0.67
relationship-8c2ebd2c241397170a20,mentions,finding-0509388288a2d4d3d0437661,entity-governmentagency-3d49982b6818ecea5cf3,federal-register-latest,Federal Register — Latest Documents,https://www.federalregister.gov/documents/2026/07/13/2026-14009/agency-information-collection-activities-proposed-collection-comment-request-extension-form-2-e,2026-07-13T00:00:00.000Z,2026-07-11T12:51:11.789Z,B,record-update,The cited record names Regulation E Securities and Exchange Commission.,"A textual mention does not establish guilt, control, ownership, payment, coordination or any other substantive relationship.",machine-extracted-unreviewed,organisation-suffix-regex,0.67
relationship-bfff664e0f0a0d9840e8,mentions,finding-055cb11595ad841e8cdf691b,entity-governmentagency-3d669227b794f6168a4c,federal-register-latest,Federal Register — Latest Documents,https://www.federalregister.gov/documents/2026/07/13/2026-14067/large-diameter-graphite-electrodes-from-india-postponement-of-preliminary-determination-in-the,2026-07-13T00:00:00.000Z,2026-07-11T12:51:11.789Z,B,record-update,The cited record names International Trade Administration.,"A textual mention does not establish guilt, control, ownership, payment, coordination or any other substantive relationship.",machine-extracted-unreviewed,organisation-suffix-regex,0.67
relationship-f7e61aabb534e0770a38,mentions,finding-055cb11595ad841e8cdf691b,entity-governmentagency-3e6b57616677e825086d,federal-register-latest,Federal Register — Latest Documents,https://www.federalregister.gov/documents/2026/07/13/2026-14067/large-diameter-graphite-electrodes-from-india-postponement-of-preliminary-determination-in-the,2026-07-13T00:00:00.000Z,2026-07-11T12:51:11.789Z,B,record-update,The cited record names Less-Than-Fair-Value Investigation Commerce Department.,"A textual mention does not establish guilt, control, ownership, payment, coordination or any other substantive relationship.",machine-extracted-unreviewed,organisation-suffix-regex,0.67
relationship-7c53c4838678c47ec18f,mentions,finding-068fcfccd501366853d54306,entity-governmentagency-5ea3493ef75278bdf8c2,sec-litigation-releases,U.S. Securities and Exchange Commission — Litigation Releases,https://www.sec.gov/files/litigation/litreleases/2026/judg26493.pdf,2026-07-11T12:51:11.789Z,2026-07-11T12:51:11.789Z,A,established-wrongdoing,The cited record names U.S. Securities and Exchange Commission.,"A textual mention does not establish guilt, control, ownership, payment, coordination or any other substantive relationship.",machine-extracted-unreviewed,organisation-suffix-regex,0.67
relationship-8620e1360f878802699a,mentions,finding-082965d46ebe0197c48b4983,entity-governmentagency-6acdd63fe72ee7397259,doj-epstein-disclosures,U.S. Department of Justice — Epstein Disclosures,https://www.justice.gov/epstein/doj-disclosures/data-set-8-files,2026-07-11T12:51:11.789Z,2026-07-11T12:51:11.789Z,B,document-release,The cited record names United States Department.,"A textual mention does not establish guilt, control, ownership, payment, coordination or any other substantive relationship.",machine-extracted-unreviewed,organisation-suffix-regex,0.67
relationship-f8474fbef66cd4d102a3,mentions,finding-0937e7b7df8b3ff2cd4cdaa0,entity-governmentagency-989e41bad9d9900be828,federal-register-latest,Federal Register — Latest Documents,https://www.federalregister.gov/documents/2026/07/13/2026-14001/national-human-genome-research-institute-notice-of-meeting,2026-07-13T00:00:00.000Z,2026-07-11T12:51:11.789Z,B,record-update,The cited record names Notice of Meeting Health and Human Services Department.,"A textual mention does not establish guilt, control, ownership, payment, coordination or any other substantive relationship.",machine-extracted-unreviewed,organisation-suffix-regex,0.67
relationship-c88858c974c9603ff756,mentions,finding-0937e7b7df8b3ff2cd4cdaa0,entity-organization-f1e0459fe3096eb80713,federal-register-latest,Federal Register — Latest Documents,https://www.federalregister.gov/documents/2026/07/13/2026-14001/national-human-genome-research-institute-notice-of-meeting,2026-07-13T00:00:00.000Z,2026-07-11T12:51:11.789Z,B,record-update,The cited record names National Human Genome Research Institute.,"A textual mention does not establish guilt, control, ownership, payment, coordination or any other substantive relationship.",machine-extracted-unreviewed,organisation-suffix-regex,0.67
relationship-b3123b9962b06e5cace7,mentions,finding-0963fd6bbdd8156917a0ccf3,entity-contractor-1351075df59cb0cc6a5d,usaspending-recent-contracts,USAspending.gov — Recent Contract Awards,https://www.usaspending.gov/award/HC108426FB005,2026-06-26T00:00:00.000Z,2026-07-11T12:51:11.789Z,B,record-update,The cited record names ATT MOBILITY LLC.,"A textual mention does not establish guilt, control, ownership, payment, coordination or any other substantive relationship.",machine-extracted-unreviewed,company-suffix-regex,0.72
relationship-b4d16fc39fe2d2610e3b,mentions,finding-0963fd6bbdd8156917a0ccf3,entity-governmentagency-076bd64ce444d608be5f,usaspending-recent-contracts,USAspending.gov — Recent Contract Awards,https://www.usaspending.gov/award/HC108426FB005,2026-06-26T00:00:00.000Z,2026-07-11T12:51:11.789Z,B,record-update,The cited record names Defense Information Systems Agency.,"A textual mention does not establish guilt, control, ownership, payment, coordination or any other substantive relationship.",machine-extracted-unreviewed,organisation-suffix-regex,0.67
relationship-8912545940ce159d2d02,mentions,finding-0b1fa9c42cf6c8ea61c396fe,entity-governmentagency-0348ccf37ea0bc086fe7,federal-register-latest,Federal Register — Latest Documents,https://www.federalregister.gov/documents/2026/07/13/2026-14033/self-regulatory-organizations-miax-sapphire-llc-notice-of-filing-and-immediate-effectiveness-of-a,2026-07-13T00:00:00.000Z,2026-07-11T12:51:11.789Z,B,record-update,The cited record names Quarterly Review of Professional Interest Orders Securities and Exchange Commission.,"A textual mention does not establish guilt, control, ownership, payment, coordination or any other substantive relationship.",machine-extracted-unreviewed,organisation-suffix-regex,0.67
relationship-82e545a6b85e67a3ff03,mentions,finding-0b1fa9c42cf6c8ea61c396fe,entity-legalauthority-d1a247fb9916a2be8650,federal-register-latest,Federal Register — Latest Documents,https://www.federalregister.gov/documents/2026/07/13/2026-14033/self-regulatory-organizations-miax-sapphire-llc-notice-of-filing-and-immediate-effectiveness-of-a,2026-07-13T00:00:00.000Z,2026-07-11T12:51:11.789Z,B,record-update,The cited record names Proposed Rule Change To Amend Exchange Rule.,"A textual mention does not establish guilt, control, ownership, payment, coordination or any other substantive relationship.",machine-extracted-unreviewed,legal-authority-regex,0.64
relationship-3159813a1def069414de,mentions,finding-0d1a208466ca961f87bdbe14,entity-governmentagency-5ea3493ef75278bdf8c2,sec-litigation-releases,U.S. Securities and Exchange Commission — Litigation Releases,https://www.sec.gov/files/litigation/litreleases/2026/consents26554-sadani.pdf,2026-07-11T12:51:11.789Z,2026-07-11T12:51:11.789Z,A,established-wrongdoing,The cited record names U.S. Securities and Exchange Commission.,"A textual mention does not establish guilt, control, ownership, payment, coordination or any other substantive relationship.",machine-extracted-unreviewed,organisation-suffix-regex,0.67
relationship-1d18d4c6fa9c7f7f7d69,mentions,finding-0dd56539eddec2288a6ba0b9,entity-governmentagency-2c428226dcb0c2238543,doj-epstein-disclosures,U.S. Department of Justice — Epstein Disclosures,https://www.justice.gov/epstein,2026-07-11T12:51:11.789Z,2026-07-11T12:51:11.789Z,B,record-update,The cited record names Epstein Library Department.,"A textual mention does not establish guilt, control, ownership, payment, coordination or any other substantive relationship.",machine-extracted-unreviewed,organisation-suffix-regex,0.67
relationship-fe98bbce93fb92db52dc,mentions,finding-0dd56539eddec2288a6ba0b9,entity-governmentagency-6acdd63fe72ee7397259,doj-epstein-disclosures,U.S. Department of Justice — Epstein Disclosures,https://www.justice.gov/epstein,2026-07-11T12:51:11.789Z,2026-07-11T12:51:11.789Z,B,record-update,The cited record names United States Department.,"A textual mention does not establish guilt, control, ownership, payment, coordination or any other substantive relationship.",machine-extracted-unreviewed,organisation-suffix-regex,0.67
relationship-e0f48b43e9542dce8da9,mentions,finding-0e08f9e9a801438956378956,entity-contractor-18ffc027a316de48a2d3,usaspending-recent-contracts,USAspending.gov — Recent Contract Awards,https://www.usaspending.gov/award/89503025FWA401087,2025-09-22T00:00:00.000Z,2026-07-11T12:51:11.789Z,B,record-update,The cited record names COLOSSAL CONTRACTING LLC.,"A textual mention does not establish guilt, control, ownership, payment, coordination or any other substantive relationship.",machine-extracted-unreviewed,company-suffix-regex,0.72
relationship-282401fe0bfd54e3308d,mentions,finding-0e6e82af1576ce299b2ab727,entity-legalauthority-d8a0b6f94b4792dc3c5c,federal-register-latest,Federal Register — Latest Documents,https://www.federalregister.gov/documents/2026/07/13/2026-14068/office-of-government-information-services-annual-meeting,2026-07-13T00:00:00.000Z,2026-07-11T12:51:11.789Z,B,record-update,The cited record names Freedom of Information Act.,"A textual mention does not establish guilt, control, ownership, payment, coordination or any other substantive relationship.",machine-extracted-unreviewed,legal-authority-regex,0.64
relationship-91b7f22061f4307af2be,mentions,finding-0fa0719ffda3f0e8adccffe5,entity-governmentagency-076bd64ce444d608be5f,usaspending-recent-contracts,USAspending.gov — Recent Contract Awards,https://www.usaspending.gov/award/HC101323FF709,2023-07-31T00:00:00.000Z,2026-07-11T12:51:11.789Z,B,record-update,The cited record names Defense Information Systems Agency.,"A textual mention does not establish guilt, control, ownership, payment, coordination or any other substantive relationship.",machine-extracted-unreviewed,organisation-suffix-regex,0.67
relationship-760735b0a477a5716f08,mentions,finding-0fe0059e42378e13214188d1,entity-governmentagency-c344c8a8bebaf925f3f3,house-oversight-releases,U.S. House Committee on Oversight and Government Reform — Releases,https://oversight.house.gov/release/luna-opens-hearing-on-mkultra-project-transparency/,2026-06-30T00:00:00.000Z,2026-07-11T12:51:11.789Z,B,document-release,The cited record names United States House Committee.,"A textual mention does not establish guilt, control, ownership, payment, coordination or any other substantive relationship.",machine-extracted-unreviewed,organisation-suffix-regex,0.67
relationship-915812bc587eb8a70ca2,mentions,finding-0ff69e40e7eece162fe5c35c,entity-governmentagency-5124abc8e7ea841d1aa8,usaspending-recent-contracts,USAspending.gov — Recent Contract Awards,https://www.usaspending.gov/award/89603026F0041,2026-07-01T00:00:00.000Z,2026-07-11T12:51:11.789Z,B,record-update,The cited record names Federal Energy Regulatory Commission.,"A textual mention does not establish guilt, control, ownership, payment, coordination or any other substantive relationship.",machine-extracted-unreviewed,organisation-suffix-regex,0.67
relationship-db2d6667419ab8c35a1c,mentions,finding-0ffe0526c4eccdf59fd20450,entity-governmentagency-5ea3493ef75278bdf8c2,sec-litigation-releases,U.S. Securities and Exchange Commission — Litigation Releases,https://www.sec.gov/files/litigation/litreleases/2026/judg26535.pdf,2026-07-11T12:51:11.789Z,2026-07-11T12:51:11.789Z,B,record-update,The cited record names U.S. Securities and Exchange Commission.,"A textual mention does not establish guilt, control, ownership, payment, coordination or any other substantive relationship.",machine-extracted-unreviewed,organisation-suffix-regex,0.67
relationship-6a95117681fc0fddf149,mentions,finding-10eb3bbd06a46214d127564b,entity-governmentagency-36db8da24da79f9319ef,federal-register-latest,Federal Register — Latest Documents,https://www.federalregister.gov/documents/2026/07/13/2026-14080/molitor-llc-notice-of-intent-to-file-license-application-filing-of-pre-application-document-and,2026-07-13T00:00:00.000Z,2026-07-11T12:51:11.789Z,B,record-update,The cited record names Approving Use of the Traditional Licensing Process Energy Department.,"A textual mention does not establish guilt, control, ownership, payment, coordination or any other substantive relationship.",machine-extracted-unreviewed,organisation-suffix-regex,0.67
relationship-20c23389bfc47fcc8313,mentions,finding-10eb3bbd06a46214d127564b,entity-governmentagency-5124abc8e7ea841d1aa8,federal-register-latest,Federal Register — Latest Documents,https://www.federalregister.gov/documents/2026/07/13/2026-14080/molitor-llc-notice-of-intent-to-file-license-application-filing-of-pre-application-document-and,2026-07-13T00:00:00.000Z,2026-07-11T12:51:11.789Z,B,record-update,The cited record names Federal Energy Regulatory Commission.,"A textual mention does not establish guilt, control, ownership, payment, coordination or any other substantive relationship.",machine-extracted-unreviewed,organisation-suffix-regex,0.67
relationship-0be7d4e9444ce4019bfa,mentions,finding-11b1b525fb2c04e923f71bcb,entity-company-8a5158a89863d8b313d2,federal-register-latest,Federal Register — Latest Documents,https://www.federalregister.gov/documents/2026/07/13/2026-14081/steel-reef-pipelines-us-llc-notice-of-application-and-establishing-intervention-deadline,2026-07-13T00:00:00.000Z,2026-07-11T12:51:11.789Z,B,record-update,The cited record names Steel Reef Pipelines US LLC.,"A textual mention does not establish guilt, control, ownership, payment, coordination or any other substantive relationship.",machine-extracted-unreviewed,company-suffix-regex,0.72
relationship-dc32fb651271f34d411d,mentions,finding-11b1b525fb2c04e923f71bcb,entity-governmentagency-5124abc8e7ea841d1aa8,federal-register-latest,Federal Register — Latest Documents,https://www.federalregister.gov/documents/2026/07/13/2026-14081/steel-reef-pipelines-us-llc-notice-of-application-and-establishing-intervention-deadline,2026-07-13T00:00:00.000Z,2026-07-11T12:51:11.789Z,B,record-update,The cited record names Federal Energy Regulatory Commission.,"A textual mention does not establish guilt, control, ownership, payment, coordination or any other substantive relationship.",machine-extracted-unreviewed,organisation-suffix-regex,0.67
relationship-7c72bae3069677c25a48,mentions,finding-11b1b525fb2c04e923f71bcb,entity-governmentagency-a4c85345cd143d48cc38,federal-register-latest,Federal Register — Latest Documents,https://www.federalregister.gov/documents/2026/07/13/2026-14081/steel-reef-pipelines-us-llc-notice-of-application-and-establishing-intervention-deadline,2026-07-13T00:00:00.000Z,2026-07-11T12:51:11.789Z,B,record-update,The cited record names Notice of Application and Establishing Intervention Deadline Energy Department.,"A textual mention does not establish guilt, control, ownership, payment, coordination or any other substantive relationship.",machine-extracted-unreviewed,organisation-suffix-regex,0.67
relationship-b6e3d467c19350d3f1d7,mentions,finding-129da558940c628518181d32,entity-governmentagency-5ea3493ef75278bdf8c2,sec-litigation-releases,U.S. Securities and Exchange Commission — Litigation Releases,https://www.sec.gov/files/litigation/litreleases/2026/judg26502.pdf,2026-07-11T12:51:11.789Z,2026-07-11T12:51:11.789Z,A,established-wrongdoing,The cited record names U.S. Securities and Exchange Commission.,"A textual mention does not establish guilt, control, ownership, payment, coordination or any other substantive relationship.",machine-extracted-unreviewed,organisation-suffix-regex,0.67
relationship-ecbcbba49349d72275a2,mentions,finding-1362ff063308acf7a1d207a3,entity-governmentagency-6acdd63fe72ee7397259,doj-epstein-disclosures,U.S. Department of Justice — Epstein Disclosures,https://www.justice.gov/epstein/doj-disclosures/court-records-doe-v-epstein-no-908-cv-80804-sd-fla-2008,2026-07-11T12:51:11.789Z,2026-07-11T12:51:11.789Z,B,record-update,The cited record names United States Department.,"A textual mention does not establish guilt, control, ownership, payment, coordination or any other substantive relationship.",machine-extracted-unreviewed,organisation-suffix-regex,0.67
relationship-ea7cf4bf8fe5da0087fa,mentions,finding-13b087ab8a71105736b6edcb,entity-contractor-1351075df59cb0cc6a5d,usaspending-recent-contracts,USAspending.gov — Recent Contract Awards,https://www.usaspending.gov/award/HC108426FA996,2026-06-18T00:00:00.000Z,2026-07-11T12:51:11.789Z,B,record-update,The cited record names ATT MOBILITY LLC.,"A textual mention does not establish guilt, control, ownership, payment, coordination or any other substantive relationship.",machine-extracted-unreviewed,company-suffix-regex,0.72
relationship-fad3f67b1e7f279af8a5,mentions,finding-13b087ab8a71105736b6edcb,entity-governmentagency-076bd64ce444d608be5f,usaspending-recent-contracts,USAspending.gov — Recent Contract Awards,https://www.usaspending.gov/award/HC108426FA996,2026-06-18T00:00:00.000Z,2026-07-11T12:51:11.789Z,B,record-update,The cited record names Defense Information Systems Agency.,"A textual mention does not establish guilt, control, ownership, payment, coordination or any other substantive relationship.",machine-extracted-unreviewed,organisation-suffix-regex,0.67
relationship-ed54dfbdd310ba1d58f7,mentions,finding-151385790745459ca9a5cc73,entity-governmentagency-6acdd63fe72ee7397259,doj-epstein-disclosures,U.S. Department of Justice — Epstein Disclosures,https://www.justice.gov/epstein/doj-disclosures/court-records-united-states-v-maxwell-no-21-0058-2d-cir-2021,2026-07-11T12:51:11.789Z,2026-07-11T12:51:11.789Z,B,record-update,The cited record names United States Department.,"A textual mention does not establish guilt, control, ownership, payment, coordination or any other substantive relationship.",machine-extracted-unreviewed,organisation-suffix-regex,0.67
relationship-e71020d98fa44edead68,mentions,finding-15924f37444afce606e7c4d2,entity-governmentagency-5ea3493ef75278bdf8c2,sec-litigation-releases,U.S. Securities and Exchange Commission — Litigation Releases,https://www.sec.gov/files/litigation/litreleases/2026/judg26484.pdf,2026-07-11T12:51:11.789Z,2026-07-11T12:51:11.789Z,B,record-update,The cited record names U.S. Securities and Exchange Commission.,"A textual mention does not establish guilt, control, ownership, payment, coordination or any other substantive relationship.",machine-extracted-unreviewed,organisation-suffix-regex,0.67
relationship-b1195835a1e22381f0f5,mentions,finding-15dffef48a581fade619e3f3,entity-governmentagency-59f7062a018039d4dcb6,doj-oig-reports,U.S. Department of Justice Office of Inspector General — Reports,https://oig.justice.gov/reports/audit-office-community-oriented-policing-services-technology-and-equipment-program-grant,2026-07-11T12:51:11.789Z,2026-07-11T12:51:11.789Z,A,official-audit-finding,The cited record names Audit of the Office.,"A textual mention does not establish guilt, control, ownership, payment, coordination or any other substantive relationship.",machine-extracted-unreviewed,organisation-suffix-regex,0.67
relationship-6152812828151a32995a,mentions,finding-18a98843bb6c1abe9ddef38c,entity-legalauthority-1c5d71bcc349dace0df2,federal-register-latest,Federal Register — Latest Documents,https://www.federalregister.gov/documents/2026/07/13/2026-14010/agency-information-collection-activities-requests-for-comments-clearance-of-renewed-approval-of,2026-07-13T00:00:00.000Z,2026-07-11T12:51:11.789Z,B,record-update,The cited record names Paperwork Reduction Act.,"A textual mention does not establish guilt, control, ownership, payment, coordination or any other substantive relationship.",machine-extracted-unreviewed,legal-authority-regex,0.64
relationship-e21fdfc24c60fc957461,mentions,finding-18cc99b8cc7fdd992e408813,entity-governmentagency-33a960164bebeacd9025,uk-sfo-news,UK Serious Fraud Office — News And Communications,https://sforeporting.egressforms.com/,2026-07-11T12:51:11.789Z,2026-07-11T12:51:11.789Z,B,wrongdoing-lead,The cited record names Serious Fraud Office.,"A textual mention does not establish guilt, control, ownership, payment, coordination or any other substantive relationship.",machine-extracted-unreviewed,organisation-suffix-regex,0.67
relationship-12fce8cc1b50e7b7f0c1,mentions,finding-1b8b20d4acad24202b8cb04e,entity-governmentagency-7a08bc86d620fdaaea95,federal-register-latest,Federal Register — Latest Documents,https://www.federalregister.gov/documents/2026/07/13/2026-14029/polyethylene-terephthalate-film-sheet-and-strip-from-india-final-results-of-countervailing-duty,2026-07-13T00:00:00.000Z,2026-07-11T12:51:11.789Z,B,record-update,The cited record names The U.S. Department.,"A textual mention does not establish guilt, control, ownership, payment, coordination or any other substantive relationship.",machine-extracted-unreviewed,organisation-suffix-regex,0.67
relationship-fa5bacf169174b1f6763,mentions,finding-1ca08ac1f645338e39f9723d,entity-governmentagency-2355a3dd5d9e6d4e7f98,doj-epstein-disclosures,U.S. Department of Justice — Epstein Disclosures,https://www.justice.gov/epstein/doj-disclosures/foia-federal-bureau-investigation-fbi,2026-07-11T12:51:11.789Z,2026-07-11T12:51:11.789Z,B,record-update,The cited record names Federal Bureau.,"A textual mention does not establish guilt, control, ownership, payment, coordination or any other substantive relationship.",machine-extracted-unreviewed,organisation-suffix-regex,0.67
relationship-b126a84777d930468fd2,mentions,finding-1ca08ac1f645338e39f9723d,entity-governmentagency-6acdd63fe72ee7397259,doj-epstein-disclosures,U.S. Department of Justice — Epstein Disclosures,https://www.justice.gov/epstein/doj-disclosures/foia-federal-bureau-investigation-fbi,2026-07-11T12:51:11.789Z,2026-07-11T12:51:11.789Z,B,record-update,The cited record names United States Department.,"A textual mention does not establish guilt, control, ownership, payment, coordination or any other substantive relationship.",machine-extracted-unreviewed,organisation-suffix-regex,0.67
relationship-ea61381aa239e828c61a,mentions,finding-1ce8ea5e575bf4f86c37fb16,entity-contractor-53830cae8320200356bb,usaspending-recent-contracts,USAspending.gov — Recent Contract Awards,https://www.usaspending.gov/award/89603025F0060,2025-09-01T00:00:00.000Z,2026-07-11T12:51:11.789Z,B,record-update,The cited record names UNISON VIRTUAL ACQUISITION OFFICE LLC.,"A textual mention does not establish guilt, control, ownership, payment, coordination or any other substantive relationship.",machine-extracted-unreviewed,company-suffix-regex,0.72
relationship-b68e83a7ec193968f13e,mentions,finding-1ce8ea5e575bf4f86c37fb16,entity-governmentagency-5124abc8e7ea841d1aa8,usaspending-recent-contracts,USAspending.gov — Recent Contract Awards,https://www.usaspending.gov/award/89603025F0060,2025-09-01T00:00:00.000Z,2026-07-11T12:51:11.789Z,B,record-update,The cited record names Federal Energy Regulatory Commission.,"A textual mention does not establish guilt, control, ownership, payment, coordination or any other substantive relationship.",machine-extracted-unreviewed,organisation-suffix-regex,0.67
relationship-bfbb834e5974adc4b1a9,mentions,finding-1db72545198150ca0100e704,entity-governmentagency-6acdd63fe72ee7397259,doj-epstein-disclosures,U.S. Department of Justice — Epstein Disclosures,https://www.justice.gov/epstein/doj-disclosures/data-set-10-files,2026-07-11T12:51:11.789Z,2026-07-11T12:51:11.789Z,B,document-release,The cited record names United States Department.,"A textual mention does not establish guilt, control, ownership, payment, coordination or any other substantive relationship.",machine-extracted-unreviewed,organisation-suffix-regex,0.67
relationship-d5322eae87d83806eded,mentions,finding-1de434047ff4e142882cb5bf,entity-legalauthority-7a66964d81af00d6eacd,treasury-ofac-recent-actions,U.S. Treasury OFAC — Recent Actions,https://ofac.treasury.gov/recent-actions/20260630,2026-07-11T12:51:11.789Z,2026-07-11T12:51:11.789Z,A,official-enforcement,The cited record names Trade Sanctions Reform and Export Enhancement Act.,"A textual mention does not establish guilt, control, ownership, payment, coordination or any other substantive relationship.",machine-extracted-unreviewed,legal-authority-regex,0.64
relationship-a7a5ff7186c6cc06e0da,mentions,finding-1e43ec8e272bc23c7824442b,entity-governmentagency-5ea3493ef75278bdf8c2,sec-litigation-releases,U.S. Securities and Exchange Commission — Litigation Releases,https://www.sec.gov/files/litigation/litreleases/2026/judg26568.pdf,2026-07-11T12:51:11.789Z,2026-07-11T12:51:11.789Z,A,established-wrongdoing,The cited record names U.S. Securities and Exchange Commission.,"A textual mention does not establish guilt, control, ownership, payment, coordination or any other substantive relationship.",machine-extracted-unreviewed,organisation-suffix-regex,0.67
relationship-c3ebd9048377597acb4c,mentions,finding-1e5e5d1abb0585c4e00f6ade,entity-governmentagency-19c1e663928fd3b968c6,federal-register-latest,Federal Register — Latest Documents,https://www.federalregister.gov/documents/2026/07/13/2026-14083/duke-energy-carolinas-llc-notice-of-application-for-temporary-variance-accepted-for-filing,2026-07-13T00:00:00.000Z,2026-07-11T12:51:11.789Z,B,record-update,The cited record names Protests Energy Department.,"A textual mention does not establish guilt, control, ownership, payment, coordination or any other substantive relationship.",machine-extracted-unreviewed,organisation-suffix-regex,0.67
relationship-9e79f944974dc9ed3118,mentions,finding-1e5e5d1abb0585c4e00f6ade,entity-governmentagency-5124abc8e7ea841d1aa8,federal-register-latest,Federal Register — Latest Documents,https://www.federalregister.gov/documents/2026/07/13/2026-14083/duke-energy-carolinas-llc-notice-of-application-for-temporary-variance-accepted-for-filing,2026-07-13T00:00:00.000Z,2026-07-11T12:51:11.789Z,B,record-update,The cited record names Federal Energy Regulatory Commission.,"A textual mention does not establish guilt, control, ownership, payment, coordination or any other substantive relationship.",machine-extracted-unreviewed,organisation-suffix-regex,0.67
relationship-4eed67b9224acbb301c1,mentions,finding-1e60d3cb3f56638e58426d77,entity-governmentagency-6acdd63fe72ee7397259,doj-epstein-disclosures,U.S. Department of Justice — Epstein Disclosures,https://www.justice.gov/epstein/doj-disclosures/court-records-doe-v-epstein-no-908-cv-80119-sd-fla-2008,2026-07-11T12:51:11.789Z,2026-07-11T12:51:11.789Z,B,record-update,The cited record names United States Department.,"A textual mention does not establish guilt, control, ownership, payment, coordination or any other substantive relationship.",machine-extracted-unreviewed,organisation-suffix-regex,0.67
relationship-4b6fcebcdbbc24d7e733,mentions,finding-1e9580ff63e3f1f5d9551d97,entity-governmentagency-6acdd63fe72ee7397259,doj-epstein-disclosures,U.S. Department of Justice — Epstein Disclosures,https://www.justice.gov/epstein/doj-disclosures/court-records-v-epstein-no-910-cv-81111-sd-fla-2010,2026-07-11T12:51:11.789Z,2026-07-11T12:51:11.789Z,B,record-update,The cited record names United States Department.,"A textual mention does not establish guilt, control, ownership, payment, coordination or any other substantive relationship.",machine-extracted-unreviewed,organisation-suffix-regex,0.67
relationship-0aeb7d6e3e1eff16377e,mentions,finding-1ee8aa917958365896c482aa,entity-governmentagency-6acdd63fe72ee7397259,doj-epstein-disclosures,U.S. Department of Justice — Epstein Disclosures,https://www.justice.gov/epstein/doj-disclosures/court-records-re-grand-jury-05-02-wpb-07-103-wpb-no-925-mc-80920-sd-fla-2025,2026-07-11T12:51:11.789Z,2026-07-11T12:51:11.789Z,B,record-update,The cited record names United States Department.,"A textual mention does not establish guilt, control, ownership, payment, coordination or any other substantive relationship.",machine-extracted-unreviewed,organisation-suffix-regex,0.67
relationship-caf8d641287e37e0add1,mentions,finding-21cff0ca475c04fd164d34c6,entity-governmentagency-d84b1657584861823934,usaspending-recent-contracts,USAspending.gov — Recent Contract Awards,https://www.usaspending.gov/award/DTFACT15D00003CALL0002,2015-11-03T00:00:00.000Z,2026-07-11T12:51:11.789Z,B,record-update,The cited record names Federal Aviation Administration.,"A textual mention does not establish guilt, control, ownership, payment, coordination or any other substantive relationship.",machine-extracted-unreviewed,organisation-suffix-regex,0.67
relationship-b239f45a84ab9a19083c,mentions,finding-220a7be0486b20e7994834bf,entity-governmentagency-6acdd63fe72ee7397259,doj-epstein-disclosures,U.S. Department of Justice — Epstein Disclosures,https://www.justice.gov/epstein/doj-disclosures/memoranda-and-correspondence,2026-07-11T12:51:11.789Z,2026-07-11T12:51:11.789Z,B,record-update,The cited record names United States Department.,"A textual mention does not establish guilt, control, ownership, payment, coordination or any other substantive relationship.",machine-extracted-unreviewed,organisation-suffix-regex,0.67
relationship-fb6f2f89a567a8fdef33,mentions,finding-220a7be0486b20e7994834bf,entity-governmentagency-e316bc81ed742da43df6,doj-epstein-disclosures,U.S. Department of Justice — Epstein Disclosures,https://www.justice.gov/epstein/doj-disclosures/memoranda-and-correspondence,2026-07-11T12:51:11.789Z,2026-07-11T12:51:11.789Z,B,record-update,The cited record names Memoranda and Correspondence Department.,"A textual mention does not establish guilt, control, ownership, payment, coordination or any other substantive relationship.",machine-extracted-unreviewed,organisation-suffix-regex,0.67
relationship-bd02ed214f95cfd8e63b,mentions,finding-2272b4c994010ebbbcedefd9,entity-governmentagency-7a08bc86d620fdaaea95,federal-register-latest,Federal Register — Latest Documents,https://www.federalregister.gov/documents/2026/07/13/2026-14069/carbon-and-alloy-steel-threaded-rod-from-india-preliminary-results-and-rescission-in-part-of,2026-07-13T00:00:00.000Z,2026-07-11T12:51:11.789Z,B,record-update,The cited record names The U.S. Department.,"A textual mention does not establish guilt, control, ownership, payment, coordination or any other substantive relationship.",machine-extracted-unreviewed,organisation-suffix-regex,0.67
relationship-894b4e478660de565f6e,mentions,finding-24320a02f214ed14e90559e9,entity-governmentagency-18d14316fa33bfcfed04,doj-oig-reports,U.S. Department of Justice Office of Inspector General — Reports,https://oig.justice.gov/reports/audit-department-justices-information-system-inventory-management,2026-07-11T12:51:11.789Z,2026-07-11T12:51:11.789Z,A,official-audit-finding,The cited record names Audit of the Department.,"A textual mention does not establish guilt, control, ownership, payment, coordination or any other substantive relationship.",machine-extracted-unreviewed,organisation-suffix-regex,0.67
relationship-b7610f42d53ea87a5969,mentions,finding-2460309f68c1e9a813f4eb8b,entity-governmentagency-076bd64ce444d608be5f,usaspending-recent-contracts,USAspending.gov — Recent Contract Awards,https://www.usaspending.gov/award/HC101326FB624,2026-07-13T00:00:00.000Z,2026-07-11T12:51:11.789Z,B,record-update,The cited record names Defense Information Systems Agency.,"A textual mention does not establish guilt, control, ownership, payment, coordination or any other substantive relationship.",machine-extracted-unreviewed,organisation-suffix-regex,0.67
relationship-f7bb0db4397b342919f8,mentions,finding-2482c3e0241c7c7679a18cd1,entity-organization-e9aa44c3d195709a8d87,usaspending-recent-contracts,USAspending.gov — Recent Contract Awards,https://www.usaspending.gov/award/95314226F0006,2026-08-01T00:00:00.000Z,2026-07-11T12:51:11.789Z,A,official-audit-finding,The cited record names Defense Nuclear Facilities Safety Board.,"A textual mention does not establish guilt, control, ownership, payment, coordination or any other substantive relationship.",machine-extracted-unreviewed,organisation-suffix-regex,0.67
relationship-dda00c84699c99771d86,mentions,finding-24baaf93065b1400e2394c90,entity-governmentagency-31324b2a162bd3892dac,federal-register-latest,Federal Register — Latest Documents,https://www.federalregister.gov/documents/2026/07/13/2026-14086/statistical-policy-directive-no-8-north-american-industry-classification-system-naics-request-for,2026-07-13T00:00:00.000Z,2026-07-11T12:51:11.789Z,B,record-update,The cited record names The Office.,"A textual mention does not establish guilt, control, ownership, payment, coordination or any other substantive relationship.",machine-extracted-unreviewed,organisation-suffix-regex,0.67
relationship-8cd3144b19ec6ad559aa,mentions,finding-24baaf93065b1400e2394c90,entity-governmentagency-4158d96139c8b19c530d,federal-register-latest,Federal Register — Latest Documents,https://www.federalregister.gov/documents/2026/07/13/2026-14086/statistical-policy-directive-no-8-north-american-industry-classification-system-naics-request-for,2026-07-13T00:00:00.000Z,2026-07-11T12:51:11.789Z,B,record-update,The cited record names Economic Classification Policy Committee.,"A textual mention does not establish guilt, control, ownership, payment, coordination or any other substantive relationship.",machine-extracted-unreviewed,organisation-suffix-regex,0.67
relationship-1c765ebeca22d67c4084,mentions,finding-258185678381402b467347e6,entity-governmentagency-5ea3493ef75278bdf8c2,sec-litigation-releases,U.S. Securities and Exchange Commission — Litigation Releases,https://www.sec.gov/files/litigation/litreleases/2026/judg26498-randy-miller.pdf,2026-07-11T12:51:11.789Z,2026-07-11T12:51:11.789Z,A,established-wrongdoing,The cited record names U.S. Securities and Exchange Commission.,"A textual mention does not establish guilt, control, ownership, payment, coordination or any other substantive relationship.",machine-extracted-unreviewed,organisation-suffix-regex,0.67
relationship-67e3ceb761cc2559de44,mentions,finding-270a6aa3d6d6d104a89b7f92,entity-governmentagency-5124abc8e7ea841d1aa8,usaspending-recent-contracts,USAspending.gov — Recent Contract Awards,https://www.usaspending.gov/award/89603023P0043,2023-09-30T00:00:00.000Z,2026-07-11T12:51:11.789Z,B,record-update,The cited record names Federal Energy Regulatory Commission.,"A textual mention does not establish guilt, control, ownership, payment, coordination or any other substantive relationship.",machine-extracted-unreviewed,organisation-suffix-regex,0.67
relationship-3cf2231f894e2e036de4,mentions,finding-28d4c404aecdcea4089e9ed2,entity-governmentagency-6acdd63fe72ee7397259,doj-epstein-disclosures,U.S. Department of Justice — Epstein Disclosures,https://www.justice.gov/epstein/doj-disclosures/court-records-doe-v-indyke-no-120-cv-02365-sdny-2020,2026-07-11T12:51:11.789Z,2026-07-11T12:51:11.789Z,B,record-update,The cited record names United States Department.,"A textual mention does not establish guilt, control, ownership, payment, coordination or any other substantive relationship.",machine-extracted-unreviewed,organisation-suffix-regex,0.67
relationship-d2a6de79599ac0d55213,mentions,finding-2aa1d5305138916e8aa97cd2,entity-contractor-2cac1d6ff683b876d477,usaspending-recent-contracts,USAspending.gov — Recent Contract Awards,https://www.usaspending.gov/award/89303924FEM000325,2024-08-12T00:00:00.000Z,2026-07-11T12:51:11.789Z,B,record-update,The cited record names STREET LEGAL INDUSTRIES LLC.,"A textual mention does not establish guilt, control, ownership, payment, coordination or any other substantive relationship.",machine-extracted-unreviewed,company-suffix-regex,0.72
relationship-079daf0f6a2c55908e71,mentions,finding-2c492dd68efab2a85ffc0414,entity-governmentagency-cd8434948a34bc7e3fdc,federal-register-latest,Federal Register — Latest Documents,https://www.federalregister.gov/documents/2026/07/13/2026-14055/sunshine-act-meetings,2026-07-13T00:00:00.000Z,2026-07-11T12:51:11.789Z,B,record-update,The cited record names Sunshine Act Meetings Securities and Exchange Commission.,"A textual mention does not establish guilt, control, ownership, payment, coordination or any other substantive relationship.",machine-extracted-unreviewed,organisation-suffix-regex,0.67
relationship-4b6dbc9f5776e7862ca8,mentions,finding-2c492dd68efab2a85ffc0414,entity-legalauthority-4d457e5e32ee47bff70c,federal-register-latest,Federal Register — Latest Documents,https://www.federalregister.gov/documents/2026/07/13/2026-14055/sunshine-act-meetings,2026-07-13T00:00:00.000Z,2026-07-11T12:51:11.789Z,B,record-update,The cited record names Sunshine Act.,"A textual mention does not establish guilt, control, ownership, payment, coordination or any other substantive relationship.",machine-extracted-unreviewed,legal-authority-regex,0.64
relationship-c127a855a301da1cf83f,mentions,finding-2d8fafb733d3d4584b2c19ac,entity-governmentagency-7a08bc86d620fdaaea95,federal-register-latest,Federal Register — Latest Documents,https://www.federalregister.gov/documents/2026/07/13/2026-14021/common-alloy-aluminum-sheet-from-bahrain-preliminary-results-of-countervailing-duty-administrative,2026-07-13T00:00:00.000Z,2026-07-11T12:51:11.789Z,B,record-update,The cited record names The U.S. Department.,"A textual mention does not establish guilt, control, ownership, payment, coordination or any other substantive relationship.",machine-extracted-unreviewed,organisation-suffix-regex,0.67
relationship-69958aa540783c015e34,mentions,finding-2e92b3eb4192f5681090a2c7,entity-company-222715e9633724576f14,federal-register-latest,Federal Register — Latest Documents,https://www.federalregister.gov/documents/2026/07/13/2026-14014/self-regulatory-organizations-the-nasdaq-stock-market-llc-notice-of-filing-and-immediate,2026-07-13T00:00:00.000Z,2026-07-11T12:51:11.789Z,B,record-update,The cited record names The Nasdaq Stock Market LLC.,"A textual mention does not establish guilt, control, ownership, payment, coordination or any other substantive relationship.",machine-extracted-unreviewed,company-suffix-regex,0.72
relationship-ccc20ecfcdb2884e3af9,mentions,finding-2e92b3eb4192f5681090a2c7,entity-governmentagency-422842ab63bac438eab7,federal-register-latest,Federal Register — Latest Documents,https://www.federalregister.gov/documents/2026/07/13/2026-14014/self-regulatory-organizations-the-nasdaq-stock-market-llc-notice-of-filing-and-immediate,2026-07-13T00:00:00.000Z,2026-07-11T12:51:11.789Z,B,record-update,The cited record names Corporate Actions and Issuer-Related Events Securities and Exchange Commission.,"A textual mention does not establish guilt, control, ownership, payment, coordination or any other substantive relationship.",machine-extracted-unreviewed,organisation-suffix-regex,0.67
relationship-b036d643bfe822fd5610,mentions,finding-2e92b3eb4192f5681090a2c7,entity-legalauthority-00b0bc111d0c54864a67,federal-register-latest,Federal Register — Latest Documents,https://www.federalregister.gov/documents/2026/07/13/2026-14014/self-regulatory-organizations-the-nasdaq-stock-market-llc-notice-of-filing-and-immediate,2026-07-13T00:00:00.000Z,2026-07-11T12:51:11.789Z,B,record-update,The cited record names Change To Amend Rule.,"A textual mention does not establish guilt, control, ownership, payment, coordination or any other substantive relationship.",machine-extracted-unreviewed,legal-authority-regex,0.64
relationship-fba8d4f31bb46142e305,mentions,finding-2e92b3eb4192f5681090a2c7,entity-legalauthority-72771a7dbe930384ff67,federal-register-latest,Federal Register — Latest Documents,https://www.federalregister.gov/documents/2026/07/13/2026-14014/self-regulatory-organizations-the-nasdaq-stock-market-llc-notice-of-filing-and-immediate,2026-07-13T00:00:00.000Z,2026-07-11T12:51:11.789Z,B,record-update,The cited record names Filing and Immediate Effectiveness of Proposed Rule.,"A textual mention does not establish guilt, control, ownership, payment, coordination or any other substantive relationship.",machine-extracted-unreviewed,legal-authority-regex,0.64
relationship-243895711d46b445a685,mentions,finding-2ed1ebf7235a59c38122c1d7,entity-governmentagency-5cdb0b4a2c0a7c5128bf,usaspending-recent-contracts,USAspending.gov — Recent Contract Awards,https://www.usaspending.gov/award/95332A20C0002,2020-03-27T00:00:00.000Z,2026-07-11T12:51:11.789Z,B,record-update,The cited record names Department of the Treasury.,"A textual mention does not establish guilt, control, ownership, payment, coordination or any other substantive relationship.",machine-extracted-unreviewed,organisation-suffix-regex,0.67
relationship-2e008c8b4edd5025b960,mentions,finding-2ed1ebf7235a59c38122c1d7,entity-governmentagency-a29a48098ec68a3dda70,usaspending-recent-contracts,USAspending.gov — Recent Contract Awards,https://www.usaspending.gov/award/95332A20C0002,2020-03-27T00:00:00.000Z,2026-07-11T12:51:11.789Z,B,record-update,The cited record names Bureau of the Fiscal Service.,"A textual mention does not establish guilt, control, ownership, payment, coordination or any other substantive relationship.",machine-extracted-unreviewed,organisation-suffix-regex,0.67
relationship-13ef1407c48c77ac4aa4,mentions,finding-2fa15e28bf1b4f3306603d09,entity-governmentagency-5124abc8e7ea841d1aa8,federal-register-latest,Federal Register — Latest Documents,https://www.federalregister.gov/documents/2026/07/13/2026-14049/combined-notice-of-filings-1,2026-07-13T00:00:00.000Z,2026-07-11T12:51:11.789Z,B,record-update,The cited record names Federal Energy Regulatory Commission.,"A textual mention does not establish guilt, control, ownership, payment, coordination or any other substantive relationship.",machine-extracted-unreviewed,organisation-suffix-regex,0.67
relationship-9c17c1c6735ff896b785,mentions,finding-2fa15e28bf1b4f3306603d09,entity-governmentagency-f81e6a16798be761a0ea,federal-register-latest,Federal Register — Latest Documents,https://www.federalregister.gov/documents/2026/07/13/2026-14049/combined-notice-of-filings-1,2026-07-13T00:00:00.000Z,2026-07-11T12:51:11.789Z,B,record-update,The cited record names Energy Department.,"A textual mention does not establish guilt, control, ownership, payment, coordination or any other substantive relationship.",machine-extracted-unreviewed,organisation-suffix-regex,0.67
relationship-a872a6edd699b0f3cbb3,mentions,finding-2fc4b446e5fb62c5bc2360d1,entity-governmentagency-6acdd63fe72ee7397259,doj-epstein-disclosures,U.S. Department of Justice — Epstein Disclosures,https://www.justice.gov/epstein/doj-disclosures/court-records-doe-v-indyke-no-120-cv-00484-sdny-2020,2026-07-11T12:51:11.789Z,2026-07-11T12:51:11.789Z,B,record-update,The cited record names United States Department.,"A textual mention does not establish guilt, control, ownership, payment, coordination or any other substantive relationship.",machine-extracted-unreviewed,organisation-suffix-regex,0.67
relationship-66bbf7119d3275ec8628,mentions,finding-3066a0de9bdf82ce01ddd38e,entity-governmentagency-6acdd63fe72ee7397259,doj-epstein-disclosures,U.S. Department of Justice — Epstein Disclosures,https://oversight.house.gov/release/oversight-committee-releases-epstein-records-provided-by-the-department-of-justice/,2026-07-11T12:51:11.789Z,2026-07-11T12:51:11.789Z,B,record-update,The cited record names United States Department.,"A textual mention does not establish guilt, control, ownership, payment, coordination or any other substantive relationship.",machine-extracted-unreviewed,organisation-suffix-regex,0.67
relationship-1df503a7382e0700d599,mentions,finding-3066a0de9bdf82ce01ddd38e,entity-governmentagency-a98a14fa48e9db76b65b,doj-epstein-disclosures,U.S. Department of Justice — Epstein Disclosures,https://oversight.house.gov/release/oversight-committee-releases-epstein-records-provided-by-the-department-of-justice/,2026-07-11T12:51:11.789Z,2026-07-11T12:51:11.789Z,B,record-update,The cited record names House Disclosures Department.,"A textual mention does not establish guilt, control, ownership, payment, coordination or any other substantive relationship.",machine-extracted-unreviewed,organisation-suffix-regex,0.67
relationship-d63e20df3941ac54b90b,mentions,finding-32572fd8b2e92da7640e3aec,entity-contractor-98363dcedd2dd869bccf,sec-current-filings,U.S. Securities and Exchange Commission — Current EDGAR Filings,https://www.sec.gov/Archives/edgar/data/2052959/000119312526301179/0001193125-26-301179-index.htm,2026-07-11T00:00:03.000Z,2026-07-11T12:51:11.789Z,B,record-update,The cited record names Lionsgate Studios Corp.,"A textual mention does not establish guilt, control, ownership, payment, coordination or any other substantive relationship.",machine-extracted-unreviewed,company-suffix-regex,0.72
relationship-3271b3a0689e25012333,mentions,finding-326264d1e1c0b114db61b8bf,entity-governmentagency-6acdd63fe72ee7397259,doj-epstein-disclosures,U.S. Department of Justice — Epstein Disclosures,https://www.justice.gov/epstein/doj-disclosures/court-records-state-florida-v-epstein-no-50-2006-cf-009454-axxx-mb-fla-15th-cir-ct-2006,2026-07-11T12:51:11.789Z,2026-07-11T12:51:11.789Z,B,record-update,The cited record names United States Department.,"A textual mention does not establish guilt, control, ownership, payment, coordination or any other substantive relationship.",machine-extracted-unreviewed,organisation-suffix-regex,0.67
relationship-41942640678dcf694bc0,mentions,finding-329b17113920d9313c738236,entity-governmentagency-33a960164bebeacd9025,uk-sfo-news,UK Serious Fraud Office — News And Communications,https://www.gov.uk/search/policy-papers-and-consultations?organisations[]=serious-fraud-office&amp;parent=serious-fraud-office,2026-07-11T12:51:11.789Z,2026-07-11T12:51:11.789Z,B,wrongdoing-lead,The cited record names Serious Fraud Office.,"A textual mention does not establish guilt, control, ownership, payment, coordination or any other substantive relationship.",machine-extracted-unreviewed,organisation-suffix-regex,0.67
relationship-3cfe35710e069f221dd9,mentions,finding-3318d5495e3e22b61c98069c,entity-governmentagency-101c838f7a336bfe8e2a,federal-register-latest,Federal Register — Latest Documents,https://www.federalregister.gov/documents/2026/07/13/2026-14003/center-for-scientific-review-notice-of-closed-meetings,2026-07-13T00:00:00.000Z,2026-07-11T12:51:11.789Z,B,record-update,The cited record names Notice of Closed Meetings Health and Human Services Department.,"A textual mention does not establish guilt, control, ownership, payment, coordination or any other substantive relationship.",machine-extracted-unreviewed,organisation-suffix-regex,0.67
relationship-908e0b51b56322bb91cf,mentions,finding-3369f7cbbbd92ca2343c48c2,entity-governmentagency-01cc584a4678043b64b1,doj-epstein-disclosures,U.S. Department of Justice — Epstein Disclosures,https://www.justice.gov/epstein/doj-disclosures,2026-07-11T12:51:11.789Z,2026-07-11T12:51:11.789Z,B,record-update,The cited record names DOJ Disclosures Department.,"A textual mention does not establish guilt, control, ownership, payment, coordination or any other substantive relationship.",machine-extracted-unreviewed,organisation-suffix-regex,0.67
relationship-75d09a40b8fc4537e404,mentions,finding-3369f7cbbbd92ca2343c48c2,entity-governmentagency-6acdd63fe72ee7397259,doj-epstein-disclosures,U.S. Department of Justice — Epstein Disclosures,https://www.justice.gov/epstein/doj-disclosures,2026-07-11T12:51:11.789Z,2026-07-11T12:51:11.789Z,B,record-update,The cited record names United States Department.,"A textual mention does not establish guilt, control, ownership, payment, coordination or any other substantive relationship.",machine-extracted-unreviewed,organisation-suffix-regex,0.67
relationship-04ce5e9b43ff9ec4a206,mentions,finding-33bbb8429ac7806e75e0e260,entity-governmentagency-23b03f6532d999f0229b,federal-register-latest,Federal Register — Latest Documents,https://www.federalregister.gov/documents/2026/07/13/2026-14008/agency-information-collection-activities-proposed-collection-comment-request-extension-form-15f,2026-07-13T00:00:00.000Z,2026-07-11T12:51:11.789Z,B,record-update,The cited record names Securities and Exchange Commission.,"A textual mention does not establish guilt, control, ownership, payment, coordination or any other substantive relationship.",machine-extracted-unreviewed,organisation-suffix-regex,0.67
relationship-93bc1031ec68795474ab,mentions,finding-3543c000d357bbcfa106d38e,entity-governmentagency-821ae2e1f2ef389c4586,federal-register-latest,Federal Register — Latest Documents,https://www.federalregister.gov/documents/2026/07/10/2026-13999/facilitating-implementation-of-next-generation-911-services-ng911-improving-911-reliability,2026-07-10T00:00:00.000Z,2026-07-11T12:51:11.789Z,B,record-update,The cited record names Federal Communications Commission.,"A textual mention does not establish guilt, control, ownership, payment, coordination or any other substantive relationship.",machine-extracted-unreviewed,organisation-suffix-regex,0.67
relationship-7e789ba4af171536b1ef,mentions,finding-3584d83dd217305542320584,entity-governmentagency-6acdd63fe72ee7397259,doj-epstein-disclosures,U.S. Department of Justice — Epstein Disclosures,https://www.justice.gov/epstein/doj-disclosures/court-records-united-states-v-noel-no-119-cr-00830-sdny-2019,2026-07-11T12:51:11.789Z,2026-07-11T12:51:11.789Z,B,record-update,The cited record names United States Department.,"A textual mention does not establish guilt, control, ownership, payment, coordination or any other substantive relationship.",machine-extracted-unreviewed,organisation-suffix-regex,0.67
relationship-d171fbda4f809d7f0ac8,mentions,finding-37b5afe9bd8190ff8e8aeb64,entity-governmentagency-6acdd63fe72ee7397259,doj-epstein-disclosures,U.S. Department of Justice — Epstein Disclosures,https://www.justice.gov/epstein/doj-disclosures/court-records-doe-no-5-v-epstein-no-908-cv-80381-sd-fla-2008,2026-07-11T12:51:11.789Z,2026-07-11T12:51:11.789Z,B,record-update,The cited record names United States Department.,"A textual mention does not establish guilt, control, ownership, payment, coordination or any other substantive relationship.",machine-extracted-unreviewed,organisation-suffix-regex,0.67
relationship-7861874fc662bab1f872,mentions,finding-381d685bcdf8a621bc43ced0,entity-governmentagency-64092376a37cf2596a30,federal-register-latest,Federal Register — Latest Documents,https://www.federalregister.gov/documents/2026/07/13/2026-14046/notice-senior-executive-service-performance-review-board-membership,2026-07-13T00:00:00.000Z,2026-07-11T12:51:11.789Z,B,record-update,The cited record names Senior Executive Service Performance Review Board Membership The Office.,"A textual mention does not establish guilt, control, ownership, payment, coordination or any other substantive relationship.",machine-extracted-unreviewed,organisation-suffix-regex,0.67
relationship-2d7bcc53ffd31ea8e769,mentions,finding-381d685bcdf8a621bc43ced0,entity-organization-758db6cde034ce431c2f,federal-register-latest,Federal Register — Latest Documents,https://www.federalregister.gov/documents/2026/07/13/2026-14046/notice-senior-executive-service-performance-review-board-membership,2026-07-13T00:00:00.000Z,2026-07-11T12:51:11.789Z,B,record-update,The cited record names Senior Executive Service Performance Review Board.,"A textual mention does not establish guilt, control, ownership, payment, coordination or any other substantive relationship.",machine-extracted-unreviewed,organisation-suffix-regex,0.67
relationship-4584aa6c7086028d93e5,mentions,finding-382aa48843bb101c6dbd534b,entity-governmentagency-6acdd63fe72ee7397259,doj-epstein-disclosures,U.S. Department of Justice — Epstein Disclosures,https://www.justice.gov/epstein/doj-disclosures/court-records-v-epstein-no-910-cv-80447-sd-fla-2010,2026-07-11T12:51:11.789Z,2026-07-11T12:51:11.789Z,B,record-update,The cited record names United States Department.,"A textual mention does not establish guilt, control, ownership, payment, coordination or any other substantive relationship.",machine-extracted-unreviewed,organisation-suffix-regex,0.67
relationship-9e1706f3afaf5ab07482,mentions,finding-392ea37d1d6b5e5c9af93b67,entity-governmentagency-5ea3493ef75278bdf8c2,sec-litigation-releases,U.S. Securities and Exchange Commission — Litigation Releases,https://www.sec.gov/files/litigation/litreleases/2026/judg26565.pdf,2026-07-11T12:51:11.789Z,2026-07-11T12:51:11.789Z,A,established-wrongdoing,The cited record names U.S. Securities and Exchange Commission.,"A textual mention does not establish guilt, control, ownership, payment, coordination or any other substantive relationship.",machine-extracted-unreviewed,organisation-suffix-regex,0.67
relationship-4ae94f15446b7d7ce3bd,mentions,finding-39407a7d3e74f138669e11ee,entity-company-78aebcf02b0312b8c321,federal-register-latest,Federal Register — Latest Documents,https://www.federalregister.gov/documents/2026/07/13/2026-14076/transcontinental-gas-pipe-line-company-llc-notice-notice-of-request-of-extension-of-time,2026-07-13T00:00:00.000Z,2026-07-11T12:51:11.789Z,B,record-update,The cited record names Transcontinental Gas Pipe Line Company.,"A textual mention does not establish guilt, control, ownership, payment, coordination or any other substantive relationship.",machine-extracted-unreviewed,company-suffix-regex,0.72
relationship-4c8ae26a0aa827b9c2c9,mentions,finding-39407a7d3e74f138669e11ee,entity-governmentagency-5124abc8e7ea841d1aa8,federal-register-latest,Federal Register — Latest Documents,https://www.federalregister.gov/documents/2026/07/13/2026-14076/transcontinental-gas-pipe-line-company-llc-notice-notice-of-request-of-extension-of-time,2026-07-13T00:00:00.000Z,2026-07-11T12:51:11.789Z,B,record-update,The cited record names Federal Energy Regulatory Commission.,"A textual mention does not establish guilt, control, ownership, payment, coordination or any other substantive relationship.",machine-extracted-unreviewed,organisation-suffix-regex,0.67
relationship-d272cc99de4161550077,mentions,finding-39407a7d3e74f138669e11ee,entity-governmentagency-f1aa95f1c54f31dc05e7,federal-register-latest,Federal Register — Latest Documents,https://www.federalregister.gov/documents/2026/07/13/2026-14076/transcontinental-gas-pipe-line-company-llc-notice-notice-of-request-of-extension-of-time,2026-07-13T00:00:00.000Z,2026-07-11T12:51:11.789Z,B,record-update,The cited record names Notice of Request of Extension of Time Energy Department.,"A textual mention does not establish guilt, control, ownership, payment, coordination or any other substantive relationship.",machine-extracted-unreviewed,organisation-suffix-regex,0.67
relationship-b40c934bb6eafb9c306f,mentions,finding-39b579af6438fd96704306a9,entity-governmentagency-6acdd63fe72ee7397259,doj-epstein-disclosures,U.S. Department of Justice — Epstein Disclosures,https://www.justice.gov/epstein/doj-disclosures/court-records-doe-v-united-states-no-908-cv-80736-sd-fla-2008,2026-07-11T12:51:11.789Z,2026-07-11T12:51:11.789Z,B,record-update,The cited record names United States Department.,"A textual mention does not establish guilt, control, ownership, payment, coordination or any other substantive relationship.",machine-extracted-unreviewed,organisation-suffix-regex,0.67
relationship-caf57f4982458372ee2e,mentions,finding-3a046f461d2705ed0bb49e5c,entity-legalauthority-1c5d71bcc349dace0df2,federal-register-latest,Federal Register — Latest Documents,https://www.federalregister.gov/documents/2026/07/13/2026-14042/proposed-data-collection-submitted-for-public-comment-and-recommendations,2026-07-13T00:00:00.000Z,2026-07-11T12:51:11.789Z,B,record-update,The cited record names Paperwork Reduction Act.,"A textual mention does not establish guilt, control, ownership, payment, coordination or any other substantive relationship.",machine-extracted-unreviewed,legal-authority-regex,0.64
relationship-8911e575fa39f9bd84f4,mentions,finding-3b99d718e9dd4294c4f003f4,entity-governmentagency-6acdd63fe72ee7397259,doj-epstein-disclosures,U.S. Department of Justice — Epstein Disclosures,https://www.justice.gov/epstein/doj-disclosures/court-records-united-states-v-maxwell-no-22-1426-2d-cir-2022,2026-07-11T12:51:11.789Z,2026-07-11T12:51:11.789Z,B,record-update,The cited record names United States Department.,"A textual mention does not establish guilt, control, ownership, payment, coordination or any other substantive relationship.",machine-extracted-unreviewed,organisation-suffix-regex,0.67
relationship-2a919ae44696df7db787,mentions,finding-3c9a07efa8a2571114ff516c,entity-governmentagency-6acdd63fe72ee7397259,doj-epstein-disclosures,U.S. Department of Justice — Epstein Disclosures,https://www.justice.gov/epstein/doj-disclosures/court-records-jane-doe-43-v-epstein-no-117-cv-00616-sdny-2017,2026-07-11T12:51:11.789Z,2026-07-11T12:51:11.789Z,B,record-update,The cited record names United States Department.,"A textual mention does not establish guilt, control, ownership, payment, coordination or any other substantive relationship.",machine-extracted-unreviewed,organisation-suffix-regex,0.67
relationship-32196a7ba4b194467c87,mentions,finding-3db20bff474c8f74511b1d29,entity-governmentagency-6acdd63fe72ee7397259,doj-epstein-disclosures,U.S. Department of Justice — Epstein Disclosures,https://www.justice.gov/epstein/doj-disclosures/foia-florida,2026-07-11T12:51:11.789Z,2026-07-11T12:51:11.789Z,B,record-update,The cited record names United States Department.,"A textual mention does not establish guilt, control, ownership, payment, coordination or any other substantive relationship.",machine-extracted-unreviewed,organisation-suffix-regex,0.67
relationship-71a34114a6956597d415,mentions,finding-3db20bff474c8f74511b1d29,entity-governmentagency-98cab87cb8a12789d0a1,doj-epstein-disclosures,U.S. Department of Justice — Epstein Disclosures,https://www.justice.gov/epstein/doj-disclosures/foia-florida,2026-07-11T12:51:11.789Z,2026-07-11T12:51:11.789Z,B,record-update,The cited record names Florida Department.,"A textual mention does not establish guilt, control, ownership, payment, coordination or any other substantive relationship.",machine-extracted-unreviewed,organisation-suffix-regex,0.67
relationship-dfa2fa0c7d95f3e62db9,mentions,finding-3dbd3792f4a6c055adca4a41,entity-contractor-7e87c97754d6475ee977,usaspending-recent-contracts,USAspending.gov — Recent Contract Awards,https://www.usaspending.gov/award/N4033926CF501,2025-12-23T00:00:00.000Z,2026-07-11T12:51:11.789Z,B,record-update,The cited record names FINCANTIERI MARINE REPAIR LLC.,"A textual mention does not establish guilt, control, ownership, payment, coordination or any other substantive relationship.",machine-extracted-unreviewed,company-suffix-regex,0.72
relationship-ee905bd2fb02109e3bd6,mentions,finding-3e7cedda981cdeefee8bfbaf,entity-governmentagency-6acdd63fe72ee7397259,doj-epstein-disclosures,U.S. Department of Justice — Epstein Disclosures,https://www.justice.gov/epstein/doj-disclosures/court-records-united-states-v-epstein-no-119-cr-00490-sdny-2019,2026-07-11T12:51:11.789Z,2026-07-11T12:51:11.789Z,B,record-update,The cited record names United States Department.,"A textual mention does not establish guilt, control, ownership, payment, coordination or any other substantive relationship.",machine-extracted-unreviewed,organisation-suffix-regex,0.67
relationship-2e59c381ecbbad109cc2,mentions,finding-40f1cc536bb9be84a44e68a2,entity-contractor-8dcc1bc648ea9da37309,usaspending-recent-contracts,USAspending.gov — Recent Contract Awards,https://www.usaspending.gov/award/89503223FWA400392,2023-08-10T00:00:00.000Z,2026-07-11T12:51:11.789Z,B,record-update,The cited record names RK CONSULTING ASSOCIATES LLC.,"A textual mention does not establish guilt, control, ownership, payment, coordination or any other substantive relationship.",machine-extracted-unreviewed,company-suffix-regex,0.72
relationship-e67ffca7b0c86bf9f247,mentions,finding-4115b8040e77a98ff3696dbd,entity-governmentagency-c344c8a8bebaf925f3f3,house-oversight-releases,U.S. House Committee on Oversight and Government Reform — Releases,https://oversight.house.gov/release/sessions-announces-hearing-on-emerging-fraud-threats-and-the-evolving-landscapes/,2026-07-09T00:00:00.000Z,2026-07-11T12:51:11.789Z,B,document-release,The cited record names United States House Committee.,"A textual mention does not establish guilt, control, ownership, payment, coordination or any other substantive relationship.",machine-extracted-unreviewed,organisation-suffix-regex,0.67
relationship-451ce1852f0abcb2c689,mentions,finding-41338a1858b9f0ba5e65f3a4,entity-governmentagency-5ea3493ef75278bdf8c2,sec-litigation-releases,U.S. Securities and Exchange Commission — Litigation Releases,https://www.sec.gov/files/litigation/litreleases/2026/status26583-taneja.pdf,2026-07-11T12:51:11.789Z,2026-07-11T12:51:11.789Z,A,established-wrongdoing,The cited record names U.S. Securities and Exchange Commission.,"A textual mention does not establish guilt, control, ownership, payment, coordination or any other substantive relationship.",machine-extracted-unreviewed,organisation-suffix-regex,0.67
relationship-7102fb862495c6c7b6ef,mentions,finding-4295d51369fff83bbe3e7a8a,entity-company-e96013d23ed31c94275d,federal-register-latest,Federal Register — Latest Documents,https://www.federalregister.gov/documents/2026/07/13/2026-14019/self-regulatory-organizations-ice-clear-credit-llc-notice-of-designation-of-longer-period-for,2026-07-13T00:00:00.000Z,2026-07-11T12:51:11.789Z,B,record-update,The cited record names ICE Clear Credit LLC.,"A textual mention does not establish guilt, control, ownership, payment, coordination or any other substantive relationship.",machine-extracted-unreviewed,company-suffix-regex,0.72
relationship-9e7b60cf57abc6200df7,mentions,finding-4295d51369fff83bbe3e7a8a,entity-governmentagency-40fba70457e7b30e75e3,federal-register-latest,Federal Register — Latest Documents,https://www.federalregister.gov/documents/2026/07/13/2026-14019/self-regulatory-organizations-ice-clear-credit-llc-notice-of-designation-of-longer-period-for,2026-07-13T00:00:00.000Z,2026-07-11T12:51:11.789Z,B,record-update,The cited record names Notice of Designation of Longer Period for Commission.,"A textual mention does not establish guilt, control, ownership, payment, coordination or any other substantive relationship.",machine-extracted-unreviewed,organisation-suffix-regex,0.67
relationship-00ae101852497e06053c,mentions,finding-4295d51369fff83bbe3e7a8a,entity-governmentagency-880bbdeda82eafd6a083,federal-register-latest,Federal Register — Latest Documents,https://www.federalregister.gov/documents/2026/07/13/2026-14019/self-regulatory-organizations-ice-clear-credit-llc-notice-of-designation-of-longer-period-for,2026-07-13T00:00:00.000Z,2026-07-11T12:51:11.789Z,B,record-update,The cited record names Additional Credit Default Swap Contracts Securities and Exchange Commission.,"A textual mention does not establish guilt, control, ownership, payment, coordination or any other substantive relationship.",machine-extracted-unreviewed,organisation-suffix-regex,0.67
relationship-d32e3f7366e8e878fdbe,mentions,finding-4295d51369fff83bbe3e7a8a,entity-legalauthority-ed13e501648b89f945aa,federal-register-latest,Federal Register — Latest Documents,https://www.federalregister.gov/documents/2026/07/13/2026-14019/self-regulatory-organizations-ice-clear-credit-llc-notice-of-designation-of-longer-period-for,2026-07-13T00:00:00.000Z,2026-07-11T12:51:11.789Z,B,record-update,The cited record names Proposed Rule.,"A textual mention does not establish guilt, control, ownership, payment, coordination or any other substantive relationship.",machine-extracted-unreviewed,legal-authority-regex,0.64
relationship-42fb366e639f24691591,mentions,finding-45a938fa6134aec01fc602a4,entity-governmentagency-3f79b89ef9625d03df65,federal-register-latest,Federal Register — Latest Documents,https://www.federalregister.gov/documents/2026/07/13/2026-14015/self-regulatory-organizations-cboe-exchange-inc-notice-of-designation-of-a-longer-period-for,2026-07-13T00:00:00.000Z,2026-07-11T12:51:11.789Z,B,record-update,The cited record names Longer Period for Commission.,"A textual mention does not establish guilt, control, ownership, payment, coordination or any other substantive relationship.",machine-extracted-unreviewed,organisation-suffix-regex,0.67
relationship-d43907889e195dea5509,mentions,finding-45a938fa6134aec01fc602a4,entity-governmentagency-57498682192cbdc15ce6,federal-register-latest,Federal Register — Latest Documents,https://www.federalregister.gov/documents/2026/07/13/2026-14015/self-regulatory-organizations-cboe-exchange-inc-notice-of-designation-of-a-longer-period-for,2026-07-13T00:00:00.000Z,2026-07-11T12:51:11.789Z,B,record-update,The cited record names Change To Permit VIX Future-Option Orders Securities and Exchange Commission.,"A textual mention does not establish guilt, control, ownership, payment, coordination or any other substantive relationship.",machine-extracted-unreviewed,organisation-suffix-regex,0.67
relationship-46da6c3e1fa2d987a757,mentions,finding-45a938fa6134aec01fc602a4,entity-legalauthority-ed13e501648b89f945aa,federal-register-latest,Federal Register — Latest Documents,https://www.federalregister.gov/documents/2026/07/13/2026-14015/self-regulatory-organizations-cboe-exchange-inc-notice-of-designation-of-a-longer-period-for,2026-07-13T00:00:00.000Z,2026-07-11T12:51:11.789Z,B,record-update,The cited record names Proposed Rule.,"A textual mention does not establish guilt, control, ownership, payment, coordination or any other substantive relationship.",machine-extracted-unreviewed,legal-authority-regex,0.64
relationship-d67efdabf5f3984bd583,mentions,finding-45cf2275c0d97b3389533686,entity-governmentagency-5ea3493ef75278bdf8c2,sec-litigation-releases,U.S. Securities and Exchange Commission — Litigation Releases,https://www.sec.gov/files/litigation/litreleases/2026/judg26528-dahmen.pdf,2026-07-11T12:51:11.789Z,2026-07-11T12:51:11.789Z,B,record-update,The cited record names U.S. Securities and Exchange Commission.,"A textual mention does not establish guilt, control, ownership, payment, coordination or any other substantive relationship.",machine-extracted-unreviewed,organisation-suffix-regex,0.67
relationship-ac98d7bf5b5f90460df0,mentions,finding-4670905a6edb18e1a843ea1d,entity-governmentagency-410b649cb2d86114260c,federal-register-latest,Federal Register — Latest Documents,https://www.federalregister.gov/documents/2026/07/10/2026-13990/mariana-moualem-fnp-decision-and-order,2026-07-10T00:00:00.000Z,2026-07-11T12:51:11.789Z,B,record-update,The cited record names Drug Enforcement Administration.,"A textual mention does not establish guilt, control, ownership, payment, coordination or any other substantive relationship.",machine-extracted-unreviewed,organisation-suffix-regex,0.67
relationship-fe5fb433fa07b637d116,mentions,finding-4670905a6edb18e1a843ea1d,entity-governmentagency-5357e91ca84b6b0ab6ee,federal-register-latest,Federal Register — Latest Documents,https://www.federalregister.gov/documents/2026/07/10/2026-13990/mariana-moualem-fnp-decision-and-order,2026-07-10T00:00:00.000Z,2026-07-11T12:51:11.789Z,B,record-update,The cited record names Decision and Order Justice Department.,"A textual mention does not establish guilt, control, ownership, payment, coordination or any other substantive relationship.",machine-extracted-unreviewed,organisation-suffix-regex,0.67
relationship-d7594fece31f5e1195c9,mentions,finding-47abd5da595392529eca1a9a,entity-governmentagency-c344c8a8bebaf925f3f3,house-oversight-releases,U.S. House Committee on Oversight and Government Reform — Releases,https://oversight.house.gov/release/gill-announces-hearing-on-dei-in-american-institutions/,2026-07-07T00:00:00.000Z,2026-07-11T12:51:11.789Z,B,document-release,The cited record names United States House Committee.,"A textual mention does not establish guilt, control, ownership, payment, coordination or any other substantive relationship.",machine-extracted-unreviewed,organisation-suffix-regex,0.67
relationship-6736482c65a14b60060d,mentions,finding-4812aa0c228c623c55fd3f6a,entity-governmentagency-6acdd63fe72ee7397259,doj-epstein-disclosures,U.S. Department of Justice — Epstein Disclosures,https://www.justice.gov/epstein/doj-disclosures/court-records-doe-no-4-v-epstein-no-908-cv-80380-sd-fla-2008,2026-07-11T12:51:11.789Z,2026-07-11T12:51:11.789Z,B,record-update,The cited record names United States Department.,"A textual mention does not establish guilt, control, ownership, payment, coordination or any other substantive relationship.",machine-extracted-unreviewed,organisation-suffix-regex,0.67
relationship-a0471592f782f921d70b,mentions,finding-4a7d75ee207fe677780fc053,entity-governmentagency-d84b1657584861823934,usaspending-recent-contracts,USAspending.gov — Recent Contract Awards,https://www.usaspending.gov/award/DTFA0101CA0065CALL0001,2001-06-18T00:00:00.000Z,2026-07-11T12:51:11.789Z,B,record-update,The cited record names Federal Aviation Administration.,"A textual mention does not establish guilt, control, ownership, payment, coordination or any other substantive relationship.",machine-extracted-unreviewed,organisation-suffix-regex,0.67
relationship-e99f48da0c6cf067ada1,mentions,finding-4ae04c302be77393d3102e4a,entity-governmentagency-6acdd63fe72ee7397259,doj-epstein-disclosures,U.S. Department of Justice — Epstein Disclosures,https://www.justice.gov/epstein/doj-disclosures/court-records-doe-no-8-v-epstein-no-909-cv-80802-sd-fla-2009,2026-07-11T12:51:11.789Z,2026-07-11T12:51:11.789Z,B,record-update,The cited record names United States Department.,"A textual mention does not establish guilt, control, ownership, payment, coordination or any other substantive relationship.",machine-extracted-unreviewed,organisation-suffix-regex,0.67
relationship-eb12bf73a3cce7365b01,mentions,finding-4b2142394168774afcc83a7f,entity-governmentagency-5ea3493ef75278bdf8c2,sec-litigation-releases,U.S. Securities and Exchange Commission — Litigation Releases,https://www.sec.gov/files/litigation/litreleases/2026/judg26527.pdf,2026-07-11T12:51:11.789Z,2026-07-11T12:51:11.789Z,A,established-wrongdoing,The cited record names U.S. Securities and Exchange Commission.,"A textual mention does not establish guilt, control, ownership, payment, coordination or any other substantive relationship.",machine-extracted-unreviewed,organisation-suffix-regex,0.67
relationship-89f63cddb13d4861bf64,mentions,finding-4b6b6ccdb27016aa851359c1,entity-contractor-b57d0d33b4147f6ca728,usaspending-recent-contracts,USAspending.gov — Recent Contract Awards,https://www.usaspending.gov/award/HHSN261201700238P,2017-04-04T00:00:00.000Z,2026-07-11T12:51:11.789Z,B,record-update,The cited record names GLOBAL LIFE SCIENCES SOLUTIONS USA LLC.,"A textual mention does not establish guilt, control, ownership, payment, coordination or any other substantive relationship.",machine-extracted-unreviewed,company-suffix-regex,0.72
relationship-4f5bed92d896d65dc108,mentions,finding-4bda1af4ea615fcaf57e73bf,entity-governmentagency-33a960164bebeacd9025,uk-sfo-news,UK Serious Fraud Office — News And Communications,https://www.gov.uk/search/news-and-communications?organisations[]=serious-fraud-office&amp;parent=serious-fraud-office,2026-07-11T12:51:11.789Z,2026-07-11T12:51:11.789Z,B,wrongdoing-lead,The cited record names Serious Fraud Office.,"A textual mention does not establish guilt, control, ownership, payment, coordination or any other substantive relationship.",machine-extracted-unreviewed,organisation-suffix-regex,0.67
relationship-17e674012efc38a3f2bc,mentions,finding-4c740da64792aad6ca01c233,entity-legalauthority-7f02f28f496d5b9e4425,federal-register-latest,Federal Register — Latest Documents,https://www.federalregister.gov/documents/2026/07/13/2026-14043/administrative-false-claims-and-procedures,2026-07-13T00:00:00.000Z,2026-07-11T12:51:11.789Z,B,wrongdoing-lead,The cited record names Program Fraud Civil Remedies Act.,"A textual mention does not establish guilt, control, ownership, payment, coordination or any other substantive relationship.",machine-extracted-unreviewed,legal-authority-regex,0.64
relationship-afbf996a057d926fb601,mentions,finding-4c740da64792aad6ca01c233,entity-legalauthority-8ea0c5523fa8d65a29f7,federal-register-latest,Federal Register — Latest Documents,https://www.federalregister.gov/documents/2026/07/13/2026-14043/administrative-false-claims-and-procedures,2026-07-13T00:00:00.000Z,2026-07-11T12:51:11.789Z,B,wrongdoing-lead,The cited record names Administrative False Claims Act.,"A textual mention does not establish guilt, control, ownership, payment, coordination or any other substantive relationship.",machine-extracted-unreviewed,legal-authority-regex,0.64
relationship-a276cbc8d0989ef8fa05,mentions,finding-4cc4bc9d2a4e521e803e7aa3,entity-governmentagency-5ea3493ef75278bdf8c2,sec-litigation-releases,U.S. Securities and Exchange Commission — Litigation Releases,https://www.sec.gov/files/litigation/litreleases/2026/judg26508.pdf,2026-07-11T12:51:11.789Z,2026-07-11T12:51:11.789Z,A,established-wrongdoing,The cited record names U.S. Securities and Exchange Commission.,"A textual mention does not establish guilt, control, ownership, payment, coordination or any other substantive relationship.",machine-extracted-unreviewed,organisation-suffix-regex,0.67
relationship-ce45e653769056f6bf53,mentions,finding-4d08a2ada41965268b20ed46,entity-governmentagency-7a08bc86d620fdaaea95,federal-register-latest,Federal Register — Latest Documents,https://www.federalregister.gov/documents/2026/07/13/2026-14066/certain-aluminum-foil-from-the-peoples-republic-of-china-preliminary-results-of-antidumping-duty,2026-07-13T00:00:00.000Z,2026-07-11T12:51:11.789Z,B,record-update,The cited record names The U.S. Department.,"A textual mention does not establish guilt, control, ownership, payment, coordination or any other substantive relationship.",machine-extracted-unreviewed,organisation-suffix-regex,0.67
relationship-17a9fef42a6bbd58db37,mentions,finding-4d1178946fce26a6a5e8f720,entity-governmentagency-6acdd63fe72ee7397259,doj-epstein-disclosures,U.S. Department of Justice — Epstein Disclosures,https://www.justice.gov/epstein/doj-disclosures/court-records-doe-v-indyke-no-119-cv-11869-sdny-2019,2026-07-11T12:51:11.789Z,2026-07-11T12:51:11.789Z,B,record-update,The cited record names United States Department.,"A textual mention does not establish guilt, control, ownership, payment, coordination or any other substantive relationship.",machine-extracted-unreviewed,organisation-suffix-regex,0.67
relationship-1d4fd65499e10842672b,mentions,finding-4e2e48974a0402c12f0ec831,entity-governmentagency-c344c8a8bebaf925f3f3,house-oversight-releases,U.S. House Committee on Oversight and Government Reform — Releases,https://oversight.house.gov/hearing,2026-07-11T12:51:11.789Z,2026-07-11T12:51:11.789Z,B,document-release,The cited record names United States House Committee.,"A textual mention does not establish guilt, control, ownership, payment, coordination or any other substantive relationship.",machine-extracted-unreviewed,organisation-suffix-regex,0.67
relationship-2c61fc36a8f36d3a065c,mentions,finding-4e47bc95f9c748f74a144169,payment-ce96988814b7ad84c1db,eppo-news,European Public Prosecutor's Office — News,https://www.eppo.europa.eu/media/news/greece-57-convicted-eur17-million-agricultural-subsidy-fraud-involving-national-reserve-payments-2026-07-08_en,2026-07-11T12:51:11.789Z,2026-07-11T12:51:11.789Z,A,established-wrongdoing,The cited record names €1.7 million money event.,"A textual mention does not establish guilt, control, ownership, payment, coordination or any other substantive relationship.",machine-extracted-unreviewed,money-regex,0.78
relationship-7328b9e7651c4ee83048,mentions,finding-4fcbcd42d1f1071dae897dbf,entity-governmentagency-2355a3dd5d9e6d4e7f98,doj-epstein-disclosures,U.S. Department of Justice — Epstein Disclosures,https://www.justice.gov/epstein/doj-disclosures/foia-federal-bureau-prisons-bop,2026-07-11T12:51:11.789Z,2026-07-11T12:51:11.789Z,B,record-update,The cited record names Federal Bureau.,"A textual mention does not establish guilt, control, ownership, payment, coordination or any other substantive relationship.",machine-extracted-unreviewed,organisation-suffix-regex,0.67
relationship-a32bf268c0e59741fdec,mentions,finding-4fcbcd42d1f1071dae897dbf,entity-governmentagency-6acdd63fe72ee7397259,doj-epstein-disclosures,U.S. Department of Justice — Epstein Disclosures,https://www.justice.gov/epstein/doj-disclosures/foia-federal-bureau-prisons-bop,2026-07-11T12:51:11.789Z,2026-07-11T12:51:11.789Z,B,record-update,The cited record names United States Department.,"A textual mention does not establish guilt, control, ownership, payment, coordination or any other substantive relationship.",machine-extracted-unreviewed,organisation-suffix-regex,0.67
relationship-b94c9bf3f7f4b4e9a566,mentions,finding-50d0146d2e93de664ed427b4,entity-governmentagency-6acdd63fe72ee7397259,doj-epstein-disclosures,U.S. Department of Justice — Epstein Disclosures,https://www.justice.gov/epstein/doj-disclosures/first-phase-declassified-epstein-files,2026-07-11T12:51:11.789Z,2026-07-11T12:51:11.789Z,B,document-release,The cited record names United States Department.,"A textual mention does not establish guilt, control, ownership, payment, coordination or any other substantive relationship.",machine-extracted-unreviewed,organisation-suffix-regex,0.67
relationship-34fde1e0e8b13596fb26,mentions,finding-50d0146d2e93de664ed427b4,entity-governmentagency-8fdd3416d6de4ef0948c,doj-epstein-disclosures,U.S. Department of Justice — Epstein Disclosures,https://www.justice.gov/epstein/doj-disclosures/first-phase-declassified-epstein-files,2026-07-11T12:51:11.789Z,2026-07-11T12:51:11.789Z,B,document-release,The cited record names First Phase of Declassified Epstein Files Department.,"A textual mention does not establish guilt, control, ownership, payment, coordination or any other substantive relationship.",machine-extracted-unreviewed,organisation-suffix-regex,0.67
relationship-5f2a5cfb3757aa0f7520,mentions,finding-527c4610afef184832bffc34,entity-governmentagency-6acdd63fe72ee7397259,doj-epstein-disclosures,U.S. Department of Justice — Epstein Disclosures,https://www.justice.gov/epstein/doj-disclosures/court-records-epstein-v-no-sc15-2286-fla-sup-ct-2015,2026-07-11T12:51:11.789Z,2026-07-11T12:51:11.789Z,B,record-update,The cited record names United States Department.,"A textual mention does not establish guilt, control, ownership, payment, coordination or any other substantive relationship.",machine-extracted-unreviewed,organisation-suffix-regex,0.67
relationship-53d971301d7c2e030bee,mentions,finding-580476645c3c4f084b9427dd,entity-governmentagency-6acdd63fe72ee7397259,doj-epstein-disclosures,U.S. Department of Justice — Epstein Disclosures,https://www.justice.gov/epstein/doj-disclosures/court-records-v-epstein-909-cv-81092-sd-fla-2009,2026-07-11T12:51:11.789Z,2026-07-11T12:51:11.789Z,B,record-update,The cited record names United States Department.,"A textual mention does not establish guilt, control, ownership, payment, coordination or any other substantive relationship.",machine-extracted-unreviewed,organisation-suffix-regex,0.67
relationship-9a960a66812f0e521e65,mentions,finding-5871c7a05542c65b3b6f65e0,entity-governmentagency-7a08bc86d620fdaaea95,federal-register-latest,Federal Register — Latest Documents,https://www.federalregister.gov/documents/2026/07/13/2026-14025/certain-cold-rolled-steel-flat-products-from-the-republic-of-korea-final-results-of-antidumping-duty,2026-07-13T00:00:00.000Z,2026-07-11T12:51:11.789Z,B,record-update,The cited record names The U.S. Department.,"A textual mention does not establish guilt, control, ownership, payment, coordination or any other substantive relationship.",machine-extracted-unreviewed,organisation-suffix-regex,0.67
relationship-ba9b3d410609cae43361,mentions,finding-58a8d2f9ddc676bc6c575053,entity-governmentagency-6acdd63fe72ee7397259,doj-epstein-disclosures,U.S. Department of Justice — Epstein Disclosures,https://www.justice.gov/epstein/doj-disclosures/data-set-9-files,2026-07-11T12:51:11.789Z,2026-07-11T12:51:11.789Z,B,document-release,The cited record names United States Department.,"A textual mention does not establish guilt, control, ownership, payment, coordination or any other substantive relationship.",machine-extracted-unreviewed,organisation-suffix-regex,0.67
relationship-a639a1e75607ccd9260e,mentions,finding-58b70a0201a8b0301acc9b4c,entity-governmentagency-6acdd63fe72ee7397259,doj-epstein-disclosures,U.S. Department of Justice — Epstein Disclosures,https://www.justice.gov/epstein/doj-disclosures/data-set-5-files,2026-07-11T12:51:11.789Z,2026-07-11T12:51:11.789Z,B,document-release,The cited record names United States Department.,"A textual mention does not establish guilt, control, ownership, payment, coordination or any other substantive relationship.",machine-extracted-unreviewed,organisation-suffix-regex,0.67
relationship-068af81f445696aeae37,mentions,finding-59b3bba3b9d3f139ac7cf70b,entity-governmentagency-5ea3493ef75278bdf8c2,sec-litigation-releases,U.S. Securities and Exchange Commission — Litigation Releases,https://www.sec.gov/files/litigation/complaints/2026/judgment26548.pdf,2026-07-11T12:51:11.789Z,2026-07-11T12:51:11.789Z,A,established-wrongdoing,The cited record names U.S. Securities and Exchange Commission.,"A textual mention does not establish guilt, control, ownership, payment, coordination or any other substantive relationship.",machine-extracted-unreviewed,organisation-suffix-regex,0.67
relationship-c6830b30a665ca787832,mentions,finding-5a25689830c47ce95aed0606,entity-governmentagency-5ea3493ef75278bdf8c2,sec-litigation-releases,U.S. Securities and Exchange Commission — Litigation Releases,https://www.sec.gov/files/litigation/litreleases/2026/judg26498-puzzullo.pdf,2026-07-11T12:51:11.789Z,2026-07-11T12:51:11.789Z,A,established-wrongdoing,The cited record names U.S. Securities and Exchange Commission.,"A textual mention does not establish guilt, control, ownership, payment, coordination or any other substantive relationship.",machine-extracted-unreviewed,organisation-suffix-regex,0.67
relationship-75ecec2affeef5acaefe,mentions,finding-5bfcd59d221e34d29a1a122b,entity-legalauthority-1c5d71bcc349dace0df2,federal-register-latest,Federal Register — Latest Documents,https://www.federalregister.gov/documents/2026/07/10/2026-13986/agency-information-collection-extension,2026-07-10T00:00:00.000Z,2026-07-11T12:51:11.789Z,B,record-update,The cited record names Paperwork Reduction Act.,"A textual mention does not establish guilt, control, ownership, payment, coordination or any other substantive relationship.",machine-extracted-unreviewed,legal-authority-regex,0.64
relationship-dbf9cb8cac067c95b066,mentions,finding-5c2f00c59d0e99e43d9171ec,entity-legalauthority-1c5d71bcc349dace0df2,federal-register-latest,Federal Register — Latest Documents,https://www.federalregister.gov/documents/2026/07/13/2026-14041/proposed-data-collection-submitted-for-public-comment-and-recommendations,2026-07-13T00:00:00.000Z,2026-07-11T12:51:11.789Z,B,record-update,The cited record names Paperwork Reduction Act.,"A textual mention does not establish guilt, control, ownership, payment, coordination or any other substantive relationship.",machine-extracted-unreviewed,legal-authority-regex,0.64
relationship-a3fe1eac4d25ba0ab46e,mentions,finding-5d75befad6da80ef54bcc9fa,entity-governmentagency-dc76b20fc66a71474319,federal-register-latest,Federal Register — Latest Documents,https://www.federalregister.gov/documents/2026/07/13/2026-14007/agency-information-collection-activities-submission-for-omb-review-comment-request-extension-rule,2026-07-13T00:00:00.000Z,2026-07-11T12:51:11.789Z,B,record-update,The cited record names Form N-RN Securities and Exchange Commission.,"A textual mention does not establish guilt, control, ownership, payment, coordination or any other substantive relationship.",machine-extracted-unreviewed,organisation-suffix-regex,0.67
relationship-3faec5ee0c7edd9d8d06,mentions,finding-60933648be60df23298eab31,entity-governmentagency-26d38b3077837eaea1c1,federal-register-latest,Federal Register — Latest Documents,https://www.federalregister.gov/documents/2026/07/13/2026-14036/suspended-counterparty-program,2026-07-13T00:00:00.000Z,2026-07-11T12:51:11.789Z,B,record-update,The cited record names Suspended Counterparty Program The Federal Housing Finance Agency.,"A textual mention does not establish guilt, control, ownership, payment, coordination or any other substantive relationship.",machine-extracted-unreviewed,organisation-suffix-regex,0.67
relationship-7f5335361dc8ef720013,mentions,finding-615cf97d645b98fa8b8ffe9a,entity-governmentagency-7a08bc86d620fdaaea95,federal-register-latest,Federal Register — Latest Documents,https://www.federalregister.gov/documents/2026/07/13/2026-14024/carbon-and-alloy-steel-threaded-rod-from-india-preliminary-results-and-rescission-in-part-of,2026-07-13T00:00:00.000Z,2026-07-11T12:51:11.789Z,B,record-update,The cited record names The U.S. Department.,"A textual mention does not establish guilt, control, ownership, payment, coordination or any other substantive relationship.",machine-extracted-unreviewed,organisation-suffix-regex,0.67
relationship-c8046a44c4320b7e73c0,mentions,finding-61b7eb9ffc5009da34e2975a,entity-governmentagency-6acdd63fe72ee7397259,doj-epstein-disclosures,U.S. Department of Justice — Epstein Disclosures,https://www.justice.gov/epstein/doj-disclosures#main-content,2026-07-11T12:51:11.789Z,2026-07-11T12:51:11.789Z,B,record-update,The cited record names United States Department.,"A textual mention does not establish guilt, control, ownership, payment, coordination or any other substantive relationship.",machine-extracted-unreviewed,organisation-suffix-regex,0.67
relationship-b3e890c53ef7317f7bac,mentions,finding-61c566f5ca2f10c17fb3bbcf,payment-89679670457dbe8e463d,eppo-news,European Public Prosecutor's Office — News,https://www.eppo.europa.eu/media/news/italy-eppo-seizes-over-eur235-million-investigation-vat-fraud-fuel-sector-2026-07-01_en,2026-07-11T12:51:11.789Z,2026-07-11T12:51:11.789Z,B,wrongdoing-lead,The cited record names €23.5 million money event.,"A textual mention does not establish guilt, control, ownership, payment, coordination or any other substantive relationship.",machine-extracted-unreviewed,money-regex,0.78
relationship-4131aef8279cd9c73d36,mentions,finding-62fd4ae4ce344cac1c7c7013,entity-company-89bcdcd79853c70a8cc7,sec-litigation-releases,U.S. Securities and Exchange Commission — Litigation Releases,https://www.sec.gov/files/litigation/litreleases/2026/judg26515-pe-capital.pdf,2026-07-11T12:51:11.789Z,2026-07-11T12:51:11.789Z,A,established-wrongdoing,The cited record names E Capital Investment Management Partners.,"A textual mention does not establish guilt, control, ownership, payment, coordination or any other substantive relationship.",machine-extracted-unreviewed,company-suffix-regex,0.72
relationship-2deba1bc82905bded143,mentions,finding-62fd4ae4ce344cac1c7c7013,entity-governmentagency-5ea3493ef75278bdf8c2,sec-litigation-releases,U.S. Securities and Exchange Commission — Litigation Releases,https://www.sec.gov/files/litigation/litreleases/2026/judg26515-pe-capital.pdf,2026-07-11T12:51:11.789Z,2026-07-11T12:51:11.789Z,A,established-wrongdoing,The cited record names U.S. Securities and Exchange Commission.,"A textual mention does not establish guilt, control, ownership, payment, coordination or any other substantive relationship.",machine-extracted-unreviewed,organisation-suffix-regex,0.67
relationship-68823276e9dfb8c3538f,mentions,finding-63cf8ab285b70c1eb6640ce7,entity-governmentagency-7a08bc86d620fdaaea95,federal-register-latest,Federal Register — Latest Documents,https://www.federalregister.gov/documents/2026/07/13/2026-14031/wooden-cabinets-and-vanities-and-components-thereof-from-peoples-republic-of-china-preliminary,2026-07-13T00:00:00.000Z,2026-07-11T12:51:11.789Z,B,record-update,The cited record names The U.S. Department.,"A textual mention does not establish guilt, control, ownership, payment, coordination or any other substantive relationship.",machine-extracted-unreviewed,organisation-suffix-regex,0.67
relationship-99cc807d656f11295dbf,mentions,finding-64c1938af8b07cd0534feeb1,entity-governmentagency-5ea3493ef75278bdf8c2,sec-litigation-releases,U.S. Securities and Exchange Commission — Litigation Releases,https://www.sec.gov/files/litigation/litreleases/2026/judg26498-jeffrey-de-laveaga.pdf,2026-07-11T12:51:11.789Z,2026-07-11T12:51:11.789Z,A,established-wrongdoing,The cited record names U.S. Securities and Exchange Commission.,"A textual mention does not establish guilt, control, ownership, payment, coordination or any other substantive relationship.",machine-extracted-unreviewed,organisation-suffix-regex,0.67
relationship-7e1c6e38f4c626069f4b,mentions,finding-64c90a32b1f6e3f64433376b,entity-legalauthority-1c5d71bcc349dace0df2,federal-register-latest,Federal Register — Latest Documents,https://www.federalregister.gov/documents/2026/07/13/2026-14070/pipeline-safety-information-collection-activities,2026-07-13T00:00:00.000Z,2026-07-11T12:51:11.789Z,B,record-update,The cited record names Paperwork Reduction Act.,"A textual mention does not establish guilt, control, ownership, payment, coordination or any other substantive relationship.",machine-extracted-unreviewed,legal-authority-regex,0.64
relationship-fdd0c4c69ec82c7dff7e,mentions,finding-64e1f0f53d8031366a67f2c6,entity-governmentagency-5ea3493ef75278bdf8c2,sec-litigation-releases,U.S. Securities and Exchange Commission — Litigation Releases,https://www.sec.gov/files/litigation/litreleases/2026/judg26582-robert-yedid.pdf,2026-07-11T12:51:11.789Z,2026-07-11T12:51:11.789Z,A,established-wrongdoing,The cited record names U.S. Securities and Exchange Commission.,"A textual mention does not establish guilt, control, ownership, payment, coordination or any other substantive relationship.",machine-extracted-unreviewed,organisation-suffix-regex,0.67
relationship-2bd2f08ce946e47cfb15,mentions,finding-65df2ade023ee66a216e67ab,entity-company-2ffd79535bdcea0ba37f,federal-register-latest,Federal Register — Latest Documents,https://www.federalregister.gov/documents/2026/07/13/2026-14028/certain-activated-carbon-from-the-peoples-republic-of-china-preliminary-results-and-rescission-in,2026-07-13T00:00:00.000Z,2026-07-11T12:51:11.789Z,B,record-update,The cited record names Ningxia Huahui Environmental Technology Co.,"A textual mention does not establish guilt, control, ownership, payment, coordination or any other substantive relationship.",machine-extracted-unreviewed,company-suffix-regex,0.72
relationship-418f037dc0863e4731a2,mentions,finding-65df2ade023ee66a216e67ab,entity-company-bb3b732383ccd1c60b06,federal-register-latest,Federal Register — Latest Documents,https://www.federalregister.gov/documents/2026/07/13/2026-14028/certain-activated-carbon-from-the-peoples-republic-of-china-preliminary-results-and-rescission-in,2026-07-13T00:00:00.000Z,2026-07-11T12:51:11.789Z,B,record-update,The cited record names Beijing Pacific Activated Carbon Products Co.,"A textual mention does not establish guilt, control, ownership, payment, coordination or any other substantive relationship.",machine-extracted-unreviewed,company-suffix-regex,0.72
relationship-013886308bf63e76e39e,mentions,finding-65df2ade023ee66a216e67ab,entity-company-e813912c9e21bce2feef,federal-register-latest,Federal Register — Latest Documents,https://www.federalregister.gov/documents/2026/07/13/2026-14028/certain-activated-carbon-from-the-peoples-republic-of-china-preliminary-results-and-rescission-in,2026-07-13T00:00:00.000Z,2026-07-11T12:51:11.789Z,B,record-update,The cited record names Datong Juqiang Activated Carbon Co.,"A textual mention does not establish guilt, control, ownership, payment, coordination or any other substantive relationship.",machine-extracted-unreviewed,company-suffix-regex,0.72
relationship-d67911c925bde5267fe6,mentions,finding-65df2ade023ee66a216e67ab,entity-governmentagency-7a08bc86d620fdaaea95,federal-register-latest,Federal Register — Latest Documents,https://www.federalregister.gov/documents/2026/07/13/2026-14028/certain-activated-carbon-from-the-peoples-republic-of-china-preliminary-results-and-rescission-in,2026-07-13T00:00:00.000Z,2026-07-11T12:51:11.789Z,B,record-update,The cited record names The U.S. Department.,"A textual mention does not establish guilt, control, ownership, payment, coordination or any other substantive relationship.",machine-extracted-unreviewed,organisation-suffix-regex,0.67
relationship-109b6f137fa4e81055ce,mentions,finding-67423a41727ab0f989b498fd,entity-company-d5001f5788f4fc17af91,doj-epstein-disclosures,U.S. Department of Justice — Epstein Disclosures,https://www.justice.gov/epstein/doj-disclosures/court-records-government-united-states-virgin-islands-v-jpmorgan-chase-bank-na-no-122-cv-10904-sdny-2022,2026-07-11T12:51:11.789Z,2026-07-11T12:51:11.789Z,B,record-update,The cited record names JPMorgan Chase Bank.,"A textual mention does not establish guilt, control, ownership, payment, coordination or any other substantive relationship.",machine-extracted-unreviewed,company-suffix-regex,0.72
relationship-fe76b4d703bb6afc687f,mentions,finding-67423a41727ab0f989b498fd,entity-governmentagency-6acdd63fe72ee7397259,doj-epstein-disclosures,U.S. Department of Justice — Epstein Disclosures,https://www.justice.gov/epstein/doj-disclosures/court-records-government-united-states-virgin-islands-v-jpmorgan-chase-bank-na-no-122-cv-10904-sdny-2022,2026-07-11T12:51:11.789Z,2026-07-11T12:51:11.789Z,B,record-update,The cited record names United States Department.,"A textual mention does not establish guilt, control, ownership, payment, coordination or any other substantive relationship.",machine-extracted-unreviewed,organisation-suffix-regex,0.67
relationship-a77b84caf66e19b4237a,mentions,finding-67774dcb1e726c149dd2c0e5,entity-governmentagency-33a960164bebeacd9025,uk-sfo-news,UK Serious Fraud Office — News And Communications,https://www.gov.uk/government/news/sfo-to-secure-a-further-96000-from-green-energy-fraudster,2026-07-11T12:51:11.789Z,2026-07-11T12:51:11.789Z,B,wrongdoing-lead,The cited record names Serious Fraud Office.,"A textual mention does not establish guilt, control, ownership, payment, coordination or any other substantive relationship.",machine-extracted-unreviewed,organisation-suffix-regex,0.67
relationship-2b741171b2feeec12959,mentions,finding-67774dcb1e726c149dd2c0e5,payment-e39f10548f818698bc6d,uk-sfo-news,UK Serious Fraud Office — News And Communications,https://www.gov.uk/government/news/sfo-to-secure-a-further-96000-from-green-energy-fraudster,2026-07-11T12:51:11.789Z,2026-07-11T12:51:11.789Z,B,wrongdoing-lead,"The cited record names £96,000 money event.","A textual mention does not establish guilt, control, ownership, payment, coordination or any other substantive relationship.",machine-extracted-unreviewed,money-regex,0.78
relationship-5e42b88990a58aeae097,mentions,finding-67d4395c4a08283d5cedbcd8,entity-governmentagency-afcbdc6218d58f963315,federal-register-latest,Federal Register — Latest Documents,https://www.federalregister.gov/documents/2026/07/13/2026-14062/new-postal-products,2026-07-13T00:00:00.000Z,2026-07-11T12:51:11.789Z,B,record-update,The cited record names New Postal Products The Commission.,"A textual mention does not establish guilt, control, ownership, payment, coordination or any other substantive relationship.",machine-extracted-unreviewed,organisation-suffix-regex,0.67
relationship-1e8e3d018826b41c24c8,mentions,finding-67d4395c4a08283d5cedbcd8,entity-organization-02bac5cf73436671d99b,federal-register-latest,Federal Register — Latest Documents,https://www.federalregister.gov/documents/2026/07/13/2026-14062/new-postal-products,2026-07-13T00:00:00.000Z,2026-07-11T12:51:11.789Z,B,record-update,The cited record names Postal Service.,"A textual mention does not establish guilt, control, ownership, payment, coordination or any other substantive relationship.",machine-extracted-unreviewed,organisation-suffix-regex,0.67
relationship-7d9c490e27541845dc06,mentions,finding-682d1c78d88fe9179ec50089,entity-governmentagency-c41b019e97789a7fb84f,usaspending-recent-contracts,USAspending.gov — Recent Contract Awards,https://www.usaspending.gov/award/9531CB21F0056,2021-07-21T00:00:00.000Z,2026-07-11T12:51:11.789Z,B,record-update,The cited record names Consumer Financial Protection Bureau.,"A textual mention does not establish guilt, control, ownership, payment, coordination or any other substantive relationship.",machine-extracted-unreviewed,organisation-suffix-regex,0.67
relationship-2fd453e4d47b21ec070c,mentions,finding-689f4fde078948c2631539bd,entity-governmentagency-5ea3493ef75278bdf8c2,sec-litigation-releases,U.S. Securities and Exchange Commission — Litigation Releases,https://www.sec.gov/files/litigation/litreleases/2026/judg26489-oconnor.pdf,2026-07-11T12:51:11.789Z,2026-07-11T12:51:11.789Z,A,established-wrongdoing,The cited record names U.S. Securities and Exchange Commission.,"A textual mention does not establish guilt, control, ownership, payment, coordination or any other substantive relationship.",machine-extracted-unreviewed,organisation-suffix-regex,0.67
relationship-947b41f7aeebf0335860,mentions,finding-6a31b950764d81706c629d13,entity-legalauthority-1c5d71bcc349dace0df2,federal-register-latest,Federal Register — Latest Documents,https://www.federalregister.gov/documents/2026/07/13/2026-13997/agency-information-collection-activities-comment-request-on-us-information-returns-and-related-forms,2026-07-13T00:00:00.000Z,2026-07-11T12:51:11.789Z,B,record-update,The cited record names Paperwork Reduction Act.,"A textual mention does not establish guilt, control, ownership, payment, coordination or any other substantive relationship.",machine-extracted-unreviewed,legal-authority-regex,0.64
relationship-da1aab93d8744652ea01,mentions,finding-6aa174d9e44246806f0e27d2,entity-governmentagency-6acdd63fe72ee7397259,doj-epstein-disclosures,U.S. Department of Justice — Epstein Disclosures,https://www.justice.gov/epstein/doj-disclosures/data-set-11-files,2026-07-11T12:51:11.789Z,2026-07-11T12:51:11.789Z,B,document-release,The cited record names United States Department.,"A textual mention does not establish guilt, control, ownership, payment, coordination or any other substantive relationship.",machine-extracted-unreviewed,organisation-suffix-regex,0.67
relationship-ee00cfb3d977ead0395f,mentions,finding-6b00e4d02f74065772a776cd,entity-company-d99c91e2e6d5c5cca433,federal-register-latest,Federal Register — Latest Documents,https://www.federalregister.gov/documents/2026/07/13/2026-14059/sunshine-act-meetings,2026-07-13T00:00:00.000Z,2026-07-11T12:51:11.789Z,B,record-update,The cited record names Sunshine Act Meetings Legal Services Corporation.,"A textual mention does not establish guilt, control, ownership, payment, coordination or any other substantive relationship.",machine-extracted-unreviewed,company-suffix-regex,0.72
relationship-9866b7865a113a89bbe4,mentions,finding-6b00e4d02f74065772a776cd,entity-legalauthority-4d457e5e32ee47bff70c,federal-register-latest,Federal Register — Latest Documents,https://www.federalregister.gov/documents/2026/07/13/2026-14059/sunshine-act-meetings,2026-07-13T00:00:00.000Z,2026-07-11T12:51:11.789Z,B,record-update,The cited record names Sunshine Act.,"A textual mention does not establish guilt, control, ownership, payment, coordination or any other substantive relationship.",machine-extracted-unreviewed,legal-authority-regex,0.64
relationship-f1d1d7a81f824b3ca81f,mentions,finding-6b3bab2b0e38b99f5bb0a056,entity-foundation-416980bb59daccfacedb,usaspending-recent-contracts,USAspending.gov — Recent Contract Awards,https://www.usaspending.gov/award/95900622C0004,2022-02-19T00:00:00.000Z,2026-07-11T12:51:11.789Z,B,record-update,The cited record names Morris K. Udall and Stewart L. Udall Foundation.,"A textual mention does not establish guilt, control, ownership, payment, coordination or any other substantive relationship.",machine-extracted-unreviewed,organisation-suffix-regex,0.67
relationship-fcdc43bf4bd7ef6a1c5c,mentions,finding-6b584347f3bc2b675c3f7bd2,entity-governmentagency-6acdd63fe72ee7397259,doj-epstein-disclosures,U.S. Department of Justice — Epstein Disclosures,https://www.justice.gov/epstein/doj-disclosures/court-records-v-nine-east-71st-street-no-119-cv-07625-sdny-2019,2026-07-11T12:51:11.789Z,2026-07-11T12:51:11.789Z,B,record-update,The cited record names United States Department.,"A textual mention does not establish guilt, control, ownership, payment, coordination or any other substantive relationship.",machine-extracted-unreviewed,organisation-suffix-regex,0.67
relationship-a47ec6e039c7d516c164,mentions,finding-6cecbd2b2cd120c539a6444c,entity-company-43a563efa5c8486c725d,federal-register-latest,Federal Register — Latest Documents,https://www.federalregister.gov/documents/2026/07/13/2026-14035/federal-home-loan-bank-new-business-activities,2026-07-13T00:00:00.000Z,2026-07-11T12:51:11.789Z,B,record-update,The cited record names Federal Home Loan Bank.,"A textual mention does not establish guilt, control, ownership, payment, coordination or any other substantive relationship.",machine-extracted-unreviewed,company-suffix-regex,0.72
relationship-e25ff7a45c03e7d5bd1e,mentions,finding-6cecbd2b2cd120c539a6444c,entity-governmentagency-9799201f21fdd5651492,federal-register-latest,Federal Register — Latest Documents,https://www.federalregister.gov/documents/2026/07/13/2026-14035/federal-home-loan-bank-new-business-activities,2026-07-13T00:00:00.000Z,2026-07-11T12:51:11.789Z,B,record-update,The cited record names Loan Bank New Business Activities The Federal Housing Finance Agency.,"A textual mention does not establish guilt, control, ownership, payment, coordination or any other substantive relationship.",machine-extracted-unreviewed,organisation-suffix-regex,0.67
relationship-a3c52cfad1d2ced5da65,mentions,finding-6da7bc5c0e901486c3247584,entity-governmentagency-6acdd63fe72ee7397259,doj-epstein-disclosures,U.S. Department of Justice — Epstein Disclosures,https://www.justice.gov/epstein/doj-disclosures/court-records-doe-no-101-v-epstein-no-909-cv-80591-sd-fla-2009,2026-07-11T12:51:11.789Z,2026-07-11T12:51:11.789Z,B,record-update,The cited record names United States Department.,"A textual mention does not establish guilt, control, ownership, payment, coordination or any other substantive relationship.",machine-extracted-unreviewed,organisation-suffix-regex,0.67
relationship-054909c3464a8d186c32,mentions,finding-6ea3d57f2b9527f985f2bb63,entity-legalauthority-feef3c197e6f99f07a12,federal-register-latest,Federal Register — Latest Documents,https://www.federalregister.gov/documents/2026/07/13/2026-14004/takes-of-marine-mammals-incidental-to-specified-activities-taking-marine-mammals-incidental-to,2026-07-13T00:00:00.000Z,2026-07-11T12:51:11.789Z,B,record-update,The cited record names Marine Mammal Protection Act.,"A textual mention does not establish guilt, control, ownership, payment, coordination or any other substantive relationship.",machine-extracted-unreviewed,legal-authority-regex,0.64
relationship-ab3562e444257fd660cd,mentions,finding-6fd9457c3565f0ef358ca298,entity-governmentagency-33a960164bebeacd9025,uk-sfo-news,UK Serious Fraud Office — News And Communications,https://www.gov.uk/government/organisations/serious-fraud-office/about,2026-07-11T12:51:11.789Z,2026-07-11T12:51:11.789Z,B,wrongdoing-lead,The cited record names Serious Fraud Office.,"A textual mention does not establish guilt, control, ownership, payment, coordination or any other substantive relationship.",machine-extracted-unreviewed,organisation-suffix-regex,0.67
relationship-1a2b50c22edeea979e78,mentions,finding-70af1606a6e32cfecf96605c,entity-governmentagency-ab0599a7439c479856f3,federal-register-latest,Federal Register — Latest Documents,https://www.federalregister.gov/documents/2026/07/13/C1-2026-13078/agency-information-collection-activities-submission-to-the-office-of-management-and-budget-for,2026-07-13T00:00:00.000Z,2026-07-11T12:51:11.789Z,B,record-update,The cited record names Foreign Gifts and Contracts Disclosures Education Department.,"A textual mention does not establish guilt, control, ownership, payment, coordination or any other substantive relationship.",machine-extracted-unreviewed,organisation-suffix-regex,0.67
relationship-2f78289d27e708d13392,mentions,finding-71c6484ecec58843982b66ba,entity-governmentagency-7a08bc86d620fdaaea95,federal-register-latest,Federal Register — Latest Documents,https://www.federalregister.gov/documents/2026/07/13/2026-14026/certain-corrosion-resistant-steel-products-from-the-republic-of-korea-final-results-of,2026-07-13T00:00:00.000Z,2026-07-11T12:51:11.789Z,B,record-update,The cited record names The U.S. Department.,"A textual mention does not establish guilt, control, ownership, payment, coordination or any other substantive relationship.",machine-extracted-unreviewed,organisation-suffix-regex,0.67
relationship-b0b9a6d804e270b86d29,mentions,finding-71ea9c83e172ce298335599b,entity-governmentagency-33a960164bebeacd9025,uk-sfo-news,UK Serious Fraud Office — News And Communications,https://www.gov.uk/search/guidance-and-regulation?organisations[]=serious-fraud-office&amp;parent=serious-fraud-office,2026-07-11T12:51:11.789Z,2026-07-11T12:51:11.789Z,B,wrongdoing-lead,The cited record names Serious Fraud Office.,"A textual mention does not establish guilt, control, ownership, payment, coordination or any other substantive relationship.",machine-extracted-unreviewed,organisation-suffix-regex,0.67
relationship-e452dfa523094489ce7f,mentions,finding-7248ec9945f5759174b66e47,entity-governmentagency-5124abc8e7ea841d1aa8,usaspending-recent-contracts,USAspending.gov — Recent Contract Awards,https://www.usaspending.gov/award/89603024F0052,2024-09-29T00:00:00.000Z,2026-07-11T12:51:11.789Z,B,record-update,The cited record names Federal Energy Regulatory Commission.,"A textual mention does not establish guilt, control, ownership, payment, coordination or any other substantive relationship.",machine-extracted-unreviewed,organisation-suffix-regex,0.67
relationship-678c98e076e712cec85d,mentions,finding-72ccf7baa8ef0e297f12a2a5,entity-company-e96013d23ed31c94275d,federal-register-latest,Federal Register — Latest Documents,https://www.federalregister.gov/documents/2026/07/13/2026-14034/self-regulatory-organizations-ice-clear-credit-llc-notice-of-filing-of-proposed-rule-change-relating,2026-07-13T00:00:00.000Z,2026-07-11T12:51:11.789Z,B,record-update,The cited record names ICE Clear Credit LLC.,"A textual mention does not establish guilt, control, ownership, payment, coordination or any other substantive relationship.",machine-extracted-unreviewed,company-suffix-regex,0.72
relationship-ed196b2f6eeb204e981b,mentions,finding-72ccf7baa8ef0e297f12a2a5,entity-governmentagency-1b44198c2d6effb5965c,federal-register-latest,Federal Register — Latest Documents,https://www.federalregister.gov/documents/2026/07/13/2026-14034/self-regulatory-organizations-ice-clear-credit-llc-notice-of-filing-of-proposed-rule-change-relating,2026-07-13T00:00:00.000Z,2026-07-11T12:51:11.789Z,B,record-update,The cited record names CDS Instrument On-Boarding Policies and Procedures Securities and Exchange Commission.,"A textual mention does not establish guilt, control, ownership, payment, coordination or any other substantive relationship.",machine-extracted-unreviewed,organisation-suffix-regex,0.67
relationship-32f9b7ad772a1ebc332b,mentions,finding-72ccf7baa8ef0e297f12a2a5,entity-legalauthority-b9ac2ca5798e917042d4,federal-register-latest,Federal Register — Latest Documents,https://www.federalregister.gov/documents/2026/07/13/2026-14034/self-regulatory-organizations-ice-clear-credit-llc-notice-of-filing-of-proposed-rule-change-relating,2026-07-13T00:00:00.000Z,2026-07-11T12:51:11.789Z,B,record-update,The cited record names Notice of Filing of Proposed Rule.,"A textual mention does not establish guilt, control, ownership, payment, coordination or any other substantive relationship.",machine-extracted-unreviewed,legal-authority-regex,0.64
relationship-fc0d4824f573c5d1b5ae,mentions,finding-72fafd08e81f76b86f1e3390,entity-governmentagency-410b649cb2d86114260c,federal-register-latest,Federal Register — Latest Documents,https://www.federalregister.gov/documents/2026/07/10/2026-13992/timothy-genetta-do-decision-and-order,2026-07-10T00:00:00.000Z,2026-07-11T12:51:11.789Z,B,record-update,The cited record names Drug Enforcement Administration.,"A textual mention does not establish guilt, control, ownership, payment, coordination or any other substantive relationship.",machine-extracted-unreviewed,organisation-suffix-regex,0.67
relationship-cdf4ac4bf5db3bcb0103,mentions,finding-72fafd08e81f76b86f1e3390,entity-governmentagency-5357e91ca84b6b0ab6ee,federal-register-latest,Federal Register — Latest Documents,https://www.federalregister.gov/documents/2026/07/10/2026-13992/timothy-genetta-do-decision-and-order,2026-07-10T00:00:00.000Z,2026-07-11T12:51:11.789Z,B,record-update,The cited record names Decision and Order Justice Department.,"A textual mention does not establish guilt, control, ownership, payment, coordination or any other substantive relationship.",machine-extracted-unreviewed,organisation-suffix-regex,0.67
relationship-350f5dcdaaba57e59a72,mentions,finding-73729ac8353de72cfa89639e,entity-governmentagency-3ba6706763e1aec1d485,uk-sfo-news,UK Serious Fraud Office — News And Communications,https://www.gov.uk/government/organisations/serious-fraud-office.cy,2026-07-11T12:51:11.789Z,2026-07-11T12:51:11.789Z,B,wrongdoing-lead,The cited record names Cymraeg Serious Fraud Office.,"A textual mention does not establish guilt, control, ownership, payment, coordination or any other substantive relationship.",machine-extracted-unreviewed,organisation-suffix-regex,0.67
relationship-2b667a0b30c0e8c1f66c,mentions,finding-73c4081b4cb065e9a173a797,entity-governmentagency-23b03f6532d999f0229b,federal-register-latest,Federal Register — Latest Documents,https://www.federalregister.gov/documents/2026/07/13/2026-14061/dawson-private-markets-evergreen-fund-et-al,2026-07-13T00:00:00.000Z,2026-07-11T12:51:11.789Z,B,record-update,The cited record names Securities and Exchange Commission.,"A textual mention does not establish guilt, control, ownership, payment, coordination or any other substantive relationship.",machine-extracted-unreviewed,organisation-suffix-regex,0.67
relationship-3a07ee8d6787a8c82bb4,mentions,finding-7490638aa0244d32b9c46927,entity-company-09f4d74d8da58f456a3c,federal-register-latest,Federal Register — Latest Documents,https://www.federalregister.gov/documents/2026/07/13/2026-14058/certain-electronic-eyewear-products-components-thereof-and-related-charging-apparatuses-ii-notice-of,2026-07-13T00:00:00.000Z,2026-07-11T12:51:11.789Z,B,record-update,The cited record names MyW Technology Co.,"A textual mention does not establish guilt, control, ownership, payment, coordination or any other substantive relationship.",machine-extracted-unreviewed,company-suffix-regex,0.72
relationship-e7b409db4764b1aa5832,mentions,finding-7490638aa0244d32b9c46927,entity-governmentagency-ab21b0d2d02b0e4db632,federal-register-latest,Federal Register — Latest Documents,https://www.federalregister.gov/documents/2026/07/13/2026-14058/certain-electronic-eyewear-products-components-thereof-and-related-charging-apparatuses-ii-notice-of,2026-07-13T00:00:00.000Z,2026-07-11T12:51:11.789Z,B,record-update,The cited record names U.S. International Trade Commission.,"A textual mention does not establish guilt, control, ownership, payment, coordination or any other substantive relationship.",machine-extracted-unreviewed,organisation-suffix-regex,0.67
relationship-815309229694b3da49f2,mentions,finding-7490638aa0244d32b9c46927,entity-person-58401c65b19cc32f3ea8,federal-register-latest,Federal Register — Latest Documents,https://www.federalregister.gov/documents/2026/07/13/2026-14058/certain-electronic-eyewear-products-components-thereof-and-related-charging-apparatuses-ii-notice-of,2026-07-13T00:00:00.000Z,2026-07-11T12:51:11.789Z,B,record-update,The cited record names Defaulting Respondent. The.,"A textual mention does not establish guilt, control, ownership, payment, coordination or any other substantive relationship.",machine-extracted-unreviewed,contextual-person-regex,0.62
relationship-6a3c62751c36ed9b100c,mentions,finding-7490638aa0244d32b9c46927,entity-person-f45c8f2d754df081128f,federal-register-latest,Federal Register — Latest Documents,https://www.federalregister.gov/documents/2026/07/13/2026-14058/certain-electronic-eyewear-products-components-thereof-and-related-charging-apparatuses-ii-notice-of,2026-07-13T00:00:00.000Z,2026-07-11T12:51:11.789Z,B,record-update,The cited record names MyW Technology Co.,"A textual mention does not establish guilt, control, ownership, payment, coordination or any other substantive relationship.",machine-extracted-unreviewed,contextual-person-regex,0.62
relationship-ac730c97cc6fd111d509,mentions,finding-74f93f00a242146ad9807dda,entity-governmentagency-63d8a0e4970d5c0b0e28,federal-register-latest,Federal Register — Latest Documents,https://www.federalregister.gov/documents/2026/07/10/2026-13995/information-collection-being-submitted-for-review-and-approval-to-office-of-management-and-budget,2026-07-10T00:00:00.000Z,2026-07-11T12:51:11.789Z,B,record-update,The cited record names The Commission.,"A textual mention does not establish guilt, control, ownership, payment, coordination or any other substantive relationship.",machine-extracted-unreviewed,organisation-suffix-regex,0.67
relationship-412963ac7487ba7b04b9,mentions,finding-74f93f00a242146ad9807dda,entity-governmentagency-821ae2e1f2ef389c4586,federal-register-latest,Federal Register — Latest Documents,https://www.federalregister.gov/documents/2026/07/10/2026-13995/information-collection-being-submitted-for-review-and-approval-to-office-of-management-and-budget,2026-07-10T00:00:00.000Z,2026-07-11T12:51:11.789Z,B,record-update,The cited record names Federal Communications Commission.,"A textual mention does not establish guilt, control, ownership, payment, coordination or any other substantive relationship.",machine-extracted-unreviewed,organisation-suffix-regex,0.67
relationship-0805413afecaf69afe0c,mentions,finding-74f93f00a242146ad9807dda,entity-legalauthority-1c5d71bcc349dace0df2,federal-register-latest,Federal Register — Latest Documents,https://www.federalregister.gov/documents/2026/07/10/2026-13995/information-collection-being-submitted-for-review-and-approval-to-office-of-management-and-budget,2026-07-10T00:00:00.000Z,2026-07-11T12:51:11.789Z,B,record-update,The cited record names Paperwork Reduction Act.,"A textual mention does not establish guilt, control, ownership, payment, coordination or any other substantive relationship.",machine-extracted-unreviewed,legal-authority-regex,0.64
relationship-d0ad029f5ef8ee26b4e5,mentions,finding-74f93f00a242146ad9807dda,entity-legalauthority-a74785c826442625f55a,federal-register-latest,Federal Register — Latest Documents,https://www.federalregister.gov/documents/2026/07/10/2026-13995/information-collection-being-submitted-for-review-and-approval-to-office-of-management-and-budget,2026-07-10T00:00:00.000Z,2026-07-11T12:51:11.789Z,B,record-update,The cited record names Small Business Paperwork Relief Act.,"A textual mention does not establish guilt, control, ownership, payment, coordination or any other substantive relationship.",machine-extracted-unreviewed,legal-authority-regex,0.64
relationship-3f596c349a5c5b7d0110,mentions,finding-76695ba4416b15324b90fc56,entity-governmentagency-6acdd63fe72ee7397259,doj-epstein-disclosures,U.S. Department of Justice — Epstein Disclosures,https://www.justice.gov/epstein/doj-disclosures/court-records-v-indyke-no-119-cv-10479-sdny-2019,2026-07-11T12:51:11.789Z,2026-07-11T12:51:11.789Z,B,record-update,The cited record names United States Department.,"A textual mention does not establish guilt, control, ownership, payment, coordination or any other substantive relationship.",machine-extracted-unreviewed,organisation-suffix-regex,0.67
relationship-eae90b07e7f60aaff1ad,mentions,finding-76d868d0a86a761b9c552b57,entity-governmentagency-6231e073d9080009b899,federal-register-latest,Federal Register — Latest Documents,https://www.federalregister.gov/documents/2026/07/13/2026-14052/natural-resource-damages-for-hazardous-substances,2026-07-13T00:00:00.000Z,2026-07-11T12:51:11.789Z,B,record-update,The cited record names The Department.,"A textual mention does not establish guilt, control, ownership, payment, coordination or any other substantive relationship.",machine-extracted-unreviewed,organisation-suffix-regex,0.67
relationship-65a0824580655359fd76,mentions,finding-7700f16fbc404e88332c8a5a,entity-governmentagency-0348ccf37ea0bc086fe7,federal-register-latest,Federal Register — Latest Documents,https://www.federalregister.gov/documents/2026/07/13/2026-14018/self-regulatory-organizations-miax-emerald-llc-notice-of-filing-and-immediate-effectiveness-of-a,2026-07-13T00:00:00.000Z,2026-07-11T12:51:11.789Z,B,record-update,The cited record names Quarterly Review of Professional Interest Orders Securities and Exchange Commission.,"A textual mention does not establish guilt, control, ownership, payment, coordination or any other substantive relationship.",machine-extracted-unreviewed,organisation-suffix-regex,0.67
relationship-37426db266dd20552d5f,mentions,finding-7700f16fbc404e88332c8a5a,entity-legalauthority-ed13e501648b89f945aa,federal-register-latest,Federal Register — Latest Documents,https://www.federalregister.gov/documents/2026/07/13/2026-14018/self-regulatory-organizations-miax-emerald-llc-notice-of-filing-and-immediate-effectiveness-of-a,2026-07-13T00:00:00.000Z,2026-07-11T12:51:11.789Z,B,record-update,The cited record names Proposed Rule.,"A textual mention does not establish guilt, control, ownership, payment, coordination or any other substantive relationship.",machine-extracted-unreviewed,legal-authority-regex,0.64
relationship-aae2bf49b733c91821c3,mentions,finding-7821064e7b89e7954689338c,entity-governmentagency-9ae69c3e075576d2c869,federal-register-latest,Federal Register — Latest Documents,https://www.federalregister.gov/documents/2026/07/13/2026-14037/questions-and-answers-regarding-the-affordable-housing-program-and-questions-and-answers-regarding,2026-07-13T00:00:00.000Z,2026-07-11T12:51:11.789Z,B,record-update,The cited record names The Federal Housing Finance Agency.,"A textual mention does not establish guilt, control, ownership, payment, coordination or any other substantive relationship.",machine-extracted-unreviewed,organisation-suffix-regex,0.67
relationship-d4de5d379ea9dff681a3,mentions,finding-78606a8503c6866a50c5d23b,entity-governmentagency-7a08bc86d620fdaaea95,federal-register-latest,Federal Register — Latest Documents,https://www.federalregister.gov/documents/2026/07/13/2026-14023/common-alloy-aluminum-sheet-from-the-republic-of-trkiye-preliminary-results-of-countervailing-duty,2026-07-13T00:00:00.000Z,2026-07-11T12:51:11.789Z,B,record-update,The cited record names The U.S. Department.,"A textual mention does not establish guilt, control, ownership, payment, coordination or any other substantive relationship.",machine-extracted-unreviewed,organisation-suffix-regex,0.67
relationship-31792d0c8b4614cb05bb,mentions,finding-787889fca3597926343c3ca7,entity-company-190e5c2d5dc5b8134c83,wikileaks-publications,WikiLeaks — Publications,https://wikileaks.org//wiki/Bank_Julius_Baer,2026-07-11T12:51:11.789Z,2026-07-11T12:51:11.789Z,C,leak-or-document-lead,The cited record names Custom Search Bank.,"A textual mention does not establish guilt, control, ownership, payment, coordination or any other substantive relationship.",machine-extracted-unreviewed,company-suffix-regex,0.72
relationship-5676ec7d80517b1f930e,mentions,finding-788d34968a553c21b453392e,entity-governmentagency-dc593060b8e1f190087b,doj-oig-reports,U.S. Department of Justice Office of Inspector General — Reports,https://oig.justice.gov/reports/audit-utilization-office-violence-against-womens-stop-services-training-officers-and,2026-07-11T12:51:11.789Z,2026-07-11T12:51:11.789Z,A,official-audit-finding,The cited record names Audit of the Utilization of the Office.,"A textual mention does not establish guilt, control, ownership, payment, coordination or any other substantive relationship.",machine-extracted-unreviewed,organisation-suffix-regex,0.67
relationship-ba300a9a7ba6bf0008f0,mentions,finding-789052cd46551658a29a03c5,entity-governmentagency-424cc5d43694ee3eb2e0,doj-epstein-disclosures,U.S. Department of Justice — Epstein Disclosures,https://www.justice.gov/epstein/doj-disclosures/maxwell-proffer,2026-07-11T12:51:11.789Z,2026-07-11T12:51:11.789Z,B,record-update,The cited record names Maxwell Proffer Department.,"A textual mention does not establish guilt, control, ownership, payment, coordination or any other substantive relationship.",machine-extracted-unreviewed,organisation-suffix-regex,0.67
relationship-c71fd70031019939626b,mentions,finding-789052cd46551658a29a03c5,entity-governmentagency-6acdd63fe72ee7397259,doj-epstein-disclosures,U.S. Department of Justice — Epstein Disclosures,https://www.justice.gov/epstein/doj-disclosures/maxwell-proffer,2026-07-11T12:51:11.789Z,2026-07-11T12:51:11.789Z,B,record-update,The cited record names United States Department.,"A textual mention does not establish guilt, control, ownership, payment, coordination or any other substantive relationship.",machine-extracted-unreviewed,organisation-suffix-regex,0.67
relationship-22be99f25548c7b1c774,mentions,finding-78c7b3e53eaef473c9cc5d50,entity-governmentagency-5ea3493ef75278bdf8c2,sec-litigation-releases,U.S. Securities and Exchange Commission — Litigation Releases,https://www.sec.gov/files/litigation/litreleases/2026/judg26559.pdf,2026-07-11T12:51:11.789Z,2026-07-11T12:51:11.789Z,A,established-wrongdoing,The cited record names U.S. Securities and Exchange Commission.,"A textual mention does not establish guilt, control, ownership, payment, coordination or any other substantive relationship.",machine-extracted-unreviewed,organisation-suffix-regex,0.67
relationship-b80a74b01a6b8731fd54,mentions,finding-7a60937558fedb552a156d6c,entity-company-17abda6a9e69b07c76b9,doj-epstein-disclosures,U.S. Department of Justice — Epstein Disclosures,https://www.justice.gov/epstein/doj-disclosures/court-records-ca-florida-holdings-llc-publisher-palm-beach-post-v-aronberg-no-50-2019-ca-014681-xxxx-mb,2026-07-11T12:51:11.789Z,2026-07-11T12:51:11.789Z,B,record-update,The cited record names CA Florida Holdings.,"A textual mention does not establish guilt, control, ownership, payment, coordination or any other substantive relationship.",machine-extracted-unreviewed,company-suffix-regex,0.72
relationship-3f41d3cea663910b6b92,mentions,finding-7a60937558fedb552a156d6c,entity-governmentagency-6acdd63fe72ee7397259,doj-epstein-disclosures,U.S. Department of Justice — Epstein Disclosures,https://www.justice.gov/epstein/doj-disclosures/court-records-ca-florida-holdings-llc-publisher-palm-beach-post-v-aronberg-no-50-2019-ca-014681-xxxx-mb,2026-07-11T12:51:11.789Z,2026-07-11T12:51:11.789Z,B,record-update,The cited record names United States Department.,"A textual mention does not establish guilt, control, ownership, payment, coordination or any other substantive relationship.",machine-extracted-unreviewed,organisation-suffix-regex,0.67
relationship-f9bf97e34f86b670871f,mentions,finding-7b51ccf5eac29822720d84c2,entity-governmentagency-5ea3493ef75278bdf8c2,sec-litigation-releases,U.S. Securities and Exchange Commission — Litigation Releases,https://www.sec.gov/files/litigation/litreleases/2026/judg26545-lloyd.pdf,2026-07-11T12:51:11.789Z,2026-07-11T12:51:11.789Z,A,established-wrongdoing,The cited record names U.S. Securities and Exchange Commission.,"A textual mention does not establish guilt, control, ownership, payment, coordination or any other substantive relationship.",machine-extracted-unreviewed,organisation-suffix-regex,0.67
relationship-7477f8c48616cbbbbc3d,mentions,finding-7b7038e1538f2d2c4bdfaa70,entity-governmentagency-6acdd63fe72ee7397259,doj-epstein-disclosures,U.S. Department of Justice — Epstein Disclosures,https://www.justice.gov/epstein/doj-disclosures/court-records-united-states-v-epstein-no-19-2221-2d-cir-2019,2026-07-11T12:51:11.789Z,2026-07-11T12:51:11.789Z,B,record-update,The cited record names United States Department.,"A textual mention does not establish guilt, control, ownership, payment, coordination or any other substantive relationship.",machine-extracted-unreviewed,organisation-suffix-regex,0.67
relationship-02c193a3168ec0ec7006,mentions,finding-7bba3ce6674e4c028b78eb63,entity-legalauthority-1c5d71bcc349dace0df2,federal-register-latest,Federal Register — Latest Documents,https://www.federalregister.gov/documents/2026/07/13/2026-14005/agency-information-collection-activities-comment-request-on-forms-3520-and-3520-a,2026-07-13T00:00:00.000Z,2026-07-11T12:51:11.789Z,B,record-update,The cited record names Paperwork Reduction Act.,"A textual mention does not establish guilt, control, ownership, payment, coordination or any other substantive relationship.",machine-extracted-unreviewed,legal-authority-regex,0.64
relationship-e9fac39af8c35b3eda7c,mentions,finding-7bbd01120c4b2514a7d7a7c3,entity-governmentagency-8199b6ef06af455fe9df,federal-register-latest,Federal Register — Latest Documents,https://www.federalregister.gov/documents/2026/07/13/2026-14002/center-for-scientific-review-notice-of-closed-meeting,2026-07-13T00:00:00.000Z,2026-07-11T12:51:11.789Z,B,record-update,The cited record names Notice of Closed Meeting Health and Human Services Department.,"A textual mention does not establish guilt, control, ownership, payment, coordination or any other substantive relationship.",machine-extracted-unreviewed,organisation-suffix-regex,0.67
relationship-5c01fbebe5da534eb2bb,mentions,finding-7cf027e49fe31cf4b8c18db7,entity-governmentagency-6f80a5706b46256047dc,usaspending-recent-contracts,USAspending.gov — Recent Contract Awards,https://www.usaspending.gov/award/9594CS20P0055,2020-09-30T00:00:00.000Z,2026-07-11T12:51:11.789Z,B,record-update,The cited record names Court Services and Offender Supervision Agency.,"A textual mention does not establish guilt, control, ownership, payment, coordination or any other substantive relationship.",machine-extracted-unreviewed,organisation-suffix-regex,0.67
relationship-e55f8c98414ec6d58777,mentions,finding-7da3e4012504bb3173d56310,entity-governmentagency-6c642def33446653618e,federal-register-latest,Federal Register — Latest Documents,https://www.federalregister.gov/documents/2026/07/13/2026-14038/agency-information-collection-activities-proposed-collection-comment-request-extension,2026-07-13T00:00:00.000Z,2026-07-11T12:51:11.789Z,A,official-enforcement,The cited record names Federal Trade Commission.,"A textual mention does not establish guilt, control, ownership, payment, coordination or any other substantive relationship.",machine-extracted-unreviewed,organisation-suffix-regex,0.67
relationship-ebe8bf3418bc6d3e0c50,mentions,finding-7da3e4012504bb3173d56310,entity-legalauthority-1c5d71bcc349dace0df2,federal-register-latest,Federal Register — Latest Documents,https://www.federalregister.gov/documents/2026/07/13/2026-14038/agency-information-collection-activities-proposed-collection-comment-request-extension,2026-07-13T00:00:00.000Z,2026-07-11T12:51:11.789Z,A,official-enforcement,The cited record names Paperwork Reduction Act.,"A textual mention does not establish guilt, control, ownership, payment, coordination or any other substantive relationship.",machine-extracted-unreviewed,legal-authority-regex,0.64
relationship-b960be4ade12c5203c6d,mentions,finding-7da3e4012504bb3173d56310,entity-legalauthority-966efde95bdd3a586163,federal-register-latest,Federal Register — Latest Documents,https://www.federalregister.gov/documents/2026/07/13/2026-14038/agency-information-collection-activities-proposed-collection-comment-request-extension,2026-07-13T00:00:00.000Z,2026-07-11T12:51:11.789Z,A,official-enforcement,The cited record names Informal Dispute Settlement Procedures Rule.,"A textual mention does not establish guilt, control, ownership, payment, coordination or any other substantive relationship.",machine-extracted-unreviewed,legal-authority-regex,0.64
relationship-38857ddef92193911996,mentions,finding-7db2a6606f719c39a2502627,entity-governmentagency-33a960164bebeacd9025,uk-sfo-news,UK Serious Fraud Office — News And Communications,https://www.gov.uk/government/news/sfo-announces-investigation-into-suspected-telecoms-company-fraud,2026-07-11T12:51:11.789Z,2026-07-11T12:51:11.789Z,B,wrongdoing-lead,The cited record names Serious Fraud Office.,"A textual mention does not establish guilt, control, ownership, payment, coordination or any other substantive relationship.",machine-extracted-unreviewed,organisation-suffix-regex,0.67
relationship-455abdfa8cf5234099a0,mentions,finding-7dc56df514227e3e4875c1ad,entity-foundation-a2f098246a6358939514,federal-register-latest,Federal Register — Latest Documents,https://www.federalregister.gov/documents/2026/07/13/2026-14006/privacy-act-of-1974-matching-program,2026-07-13T00:00:00.000Z,2026-07-11T12:51:11.789Z,B,record-update,The cited record names U.S. National Science Foundation.,"A textual mention does not establish guilt, control, ownership, payment, coordination or any other substantive relationship.",machine-extracted-unreviewed,organisation-suffix-regex,0.67
relationship-003beb20d6400a2a6468,mentions,finding-7dc56df514227e3e4875c1ad,entity-governmentagency-9e1c38ca99f420fe1e8e,federal-register-latest,Federal Register — Latest Documents,https://www.federalregister.gov/documents/2026/07/13/2026-14006/privacy-act-of-1974-matching-program,2026-07-13T00:00:00.000Z,2026-07-11T12:51:11.789Z,B,record-update,The cited record names Department of the Treasury's Bureau of the Fiscal Service.,"A textual mention does not establish guilt, control, ownership, payment, coordination or any other substantive relationship.",machine-extracted-unreviewed,organisation-suffix-regex,0.67
relationship-89a33070c1f106aab546,mentions,finding-7dc56df514227e3e4875c1ad,entity-legalauthority-8c3f2917ca1f018775f9,federal-register-latest,Federal Register — Latest Documents,https://www.federalregister.gov/documents/2026/07/13/2026-14006/privacy-act-of-1974-matching-program,2026-07-13T00:00:00.000Z,2026-07-11T12:51:11.789Z,B,record-update,The cited record names Payment Integrity Information Act.,"A textual mention does not establish guilt, control, ownership, payment, coordination or any other substantive relationship.",machine-extracted-unreviewed,legal-authority-regex,0.64
relationship-90b716a43ce272af75a2,mentions,finding-7dc56df514227e3e4875c1ad,entity-legalauthority-c4c35880ac074adf08e1,federal-register-latest,Federal Register — Latest Documents,https://www.federalregister.gov/documents/2026/07/13/2026-14006/privacy-act-of-1974-matching-program,2026-07-13T00:00:00.000Z,2026-07-11T12:51:11.789Z,B,record-update,The cited record names Privacy Act.,"A textual mention does not establish guilt, control, ownership, payment, coordination or any other substantive relationship.",machine-extracted-unreviewed,legal-authority-regex,0.64
relationship-170785466be590c81346,mentions,finding-7e24ede6753bcfaccd2af89c,entity-governmentagency-6acdd63fe72ee7397259,doj-epstein-disclosures,U.S. Department of Justice — Epstein Disclosures,https://www.justice.gov/epstein/doj-disclosures/court-records-doe-no-103-v-epstein-no-910-cv-80309-sd-fla-2010,2026-07-11T12:51:11.789Z,2026-07-11T12:51:11.789Z,B,record-update,The cited record names United States Department.,"A textual mention does not establish guilt, control, ownership, payment, coordination or any other substantive relationship.",machine-extracted-unreviewed,organisation-suffix-regex,0.67
relationship-fa55f00bcaa2b4ead2ca,mentions,finding-7ed43ab268df47465af3cf15,entity-governmentagency-e362a54860fb99ab11bf,federal-register-latest,Federal Register — Latest Documents,https://www.federalregister.gov/documents/2026/07/13/2026-14040/agency-forms-undergoing-paperwork-reduction-act-review,2026-07-13T00:00:00.000Z,2026-07-11T12:51:11.789Z,B,record-update,The cited record names Undergoing Paperwork Reduction Act Review Health and Human Services Department.,"A textual mention does not establish guilt, control, ownership, payment, coordination or any other substantive relationship.",machine-extracted-unreviewed,organisation-suffix-regex,0.67
relationship-971fb2063e0db1abb2de,mentions,finding-7ed43ab268df47465af3cf15,entity-legalauthority-3eb923a2400bbeb9dfba,federal-register-latest,Federal Register — Latest Documents,https://www.federalregister.gov/documents/2026/07/13/2026-14040/agency-forms-undergoing-paperwork-reduction-act-review,2026-07-13T00:00:00.000Z,2026-07-11T12:51:11.789Z,B,record-update,The cited record names Agency Forms Undergoing Paperwork Reduction Act.,"A textual mention does not establish guilt, control, ownership, payment, coordination or any other substantive relationship.",machine-extracted-unreviewed,legal-authority-regex,0.64
relationship-b2766c4340ec73cf9a09,mentions,finding-7f82b708a676bf1e8e1f76ec,entity-governmentagency-422842ab63bac438eab7,federal-register-latest,Federal Register — Latest Documents,https://www.federalregister.gov/documents/2026/07/13/2026-14017/self-regulatory-organizations-nyse-arca-inc-notice-of-filing-and-immediate-effectiveness-of-proposed,2026-07-13T00:00:00.000Z,2026-07-11T12:51:11.789Z,B,record-update,The cited record names Corporate Actions and Issuer-Related Events Securities and Exchange Commission.,"A textual mention does not establish guilt, control, ownership, payment, coordination or any other substantive relationship.",machine-extracted-unreviewed,organisation-suffix-regex,0.67
relationship-9ae46b6c843ef03da789,mentions,finding-7f82b708a676bf1e8e1f76ec,entity-legalauthority-00b0bc111d0c54864a67,federal-register-latest,Federal Register — Latest Documents,https://www.federalregister.gov/documents/2026/07/13/2026-14017/self-regulatory-organizations-nyse-arca-inc-notice-of-filing-and-immediate-effectiveness-of-proposed,2026-07-13T00:00:00.000Z,2026-07-11T12:51:11.789Z,B,record-update,The cited record names Change To Amend Rule.,"A textual mention does not establish guilt, control, ownership, payment, coordination or any other substantive relationship.",machine-extracted-unreviewed,legal-authority-regex,0.64
relationship-d281a67611c40d0f97a7,mentions,finding-7f82b708a676bf1e8e1f76ec,entity-legalauthority-72771a7dbe930384ff67,federal-register-latest,Federal Register — Latest Documents,https://www.federalregister.gov/documents/2026/07/13/2026-14017/self-regulatory-organizations-nyse-arca-inc-notice-of-filing-and-immediate-effectiveness-of-proposed,2026-07-13T00:00:00.000Z,2026-07-11T12:51:11.789Z,B,record-update,The cited record names Filing and Immediate Effectiveness of Proposed Rule.,"A textual mention does not establish guilt, control, ownership, payment, coordination or any other substantive relationship.",machine-extracted-unreviewed,legal-authority-regex,0.64
relationship-41f69d448f0244482eb7,mentions,finding-8194b7e8b7e811fe8d10ab2f,entity-governmentagency-5ea3493ef75278bdf8c2,sec-litigation-releases,U.S. Securities and Exchange Commission — Litigation Releases,https://www.sec.gov/files/litigation/litreleases/2026/judg26582-mark-jacobs.pdf,2026-07-11T12:51:11.789Z,2026-07-11T12:51:11.789Z,A,established-wrongdoing,The cited record names U.S. Securities and Exchange Commission.,"A textual mention does not establish guilt, control, ownership, payment, coordination or any other substantive relationship.",machine-extracted-unreviewed,organisation-suffix-regex,0.67
relationship-bd3ba745a4fcefe05b2c,mentions,finding-81a3e227e0e485e5e2e85733,entity-governmentagency-5ea3493ef75278bdf8c2,sec-litigation-releases,U.S. Securities and Exchange Commission — Litigation Releases,https://www.sec.gov/files/litigation/litreleases/2026/judg26524.pdf,2026-07-11T12:51:11.789Z,2026-07-11T12:51:11.789Z,A,established-wrongdoing,The cited record names U.S. Securities and Exchange Commission.,"A textual mention does not establish guilt, control, ownership, payment, coordination or any other substantive relationship.",machine-extracted-unreviewed,organisation-suffix-regex,0.67
relationship-a47d58e034d391075076,mentions,finding-81bb12ffb67e4cd04cf56381,entity-governmentagency-6acdd63fe72ee7397259,doj-epstein-disclosures,U.S. Department of Justice — Epstein Disclosures,https://www.justice.gov/epstein/doj-disclosures/court-records-doe-v-indyke-no-119-cv-08673-sdny-2019,2026-07-11T12:51:11.789Z,2026-07-11T12:51:11.789Z,B,record-update,The cited record names United States Department.,"A textual mention does not establish guilt, control, ownership, payment, coordination or any other substantive relationship.",machine-extracted-unreviewed,organisation-suffix-regex,0.67
relationship-02ba0d5a3d2040f695ec,mentions,finding-82b222bc942f00109559778e,entity-governmentagency-6acdd63fe72ee7397259,doj-epstein-disclosures,U.S. Department of Justice — Epstein Disclosures,https://www.justice.gov/epstein/doj-disclosures/court-records-operating-engineers-construction-industry-and-miscellaneous-pension-fund-v-dimon-no-123-cv-03903,2026-07-11T12:51:11.789Z,2026-07-11T12:51:11.789Z,B,record-update,The cited record names United States Department.,"A textual mention does not establish guilt, control, ownership, payment, coordination or any other substantive relationship.",machine-extracted-unreviewed,organisation-suffix-regex,0.67
relationship-7f700c40ccd48ab7bd23,mentions,finding-8479ea212cb74cf733b32982,entity-contractor-1351075df59cb0cc6a5d,usaspending-recent-contracts,USAspending.gov — Recent Contract Awards,https://www.usaspending.gov/award/HC108426FB105,2026-07-23T00:00:00.000Z,2026-07-11T12:51:11.789Z,B,record-update,The cited record names ATT MOBILITY LLC.,"A textual mention does not establish guilt, control, ownership, payment, coordination or any other substantive relationship.",machine-extracted-unreviewed,company-suffix-regex,0.72
relationship-c24f706da30c62917194,mentions,finding-8479ea212cb74cf733b32982,entity-governmentagency-076bd64ce444d608be5f,usaspending-recent-contracts,USAspending.gov — Recent Contract Awards,https://www.usaspending.gov/award/HC108426FB105,2026-07-23T00:00:00.000Z,2026-07-11T12:51:11.789Z,B,record-update,The cited record names Defense Information Systems Agency.,"A textual mention does not establish guilt, control, ownership, payment, coordination or any other substantive relationship.",machine-extracted-unreviewed,organisation-suffix-regex,0.67
relationship-b05339596486198958bb,mentions,finding-8494b3914aa221957e7d773d,entity-governmentagency-c344c8a8bebaf925f3f3,house-oversight-releases,U.S. House Committee on Oversight and Government Reform — Releases,https://oversight.house.gov/release/hearing-wrap-up-declassifying-information-is-important-for-preserving-public-trust/,2026-06-30T00:00:00.000Z,2026-07-11T12:51:11.789Z,B,document-release,The cited record names United States House Committee.,"A textual mention does not establish guilt, control, ownership, payment, coordination or any other substantive relationship.",machine-extracted-unreviewed,organisation-suffix-regex,0.67
relationship-87bb7357d859d75a84b0,mentions,finding-8494b3914aa221957e7d773d,entity-trust-9bcc15b3b315fb0c2f9a,house-oversight-releases,U.S. House Committee on Oversight and Government Reform — Releases,https://oversight.house.gov/release/hearing-wrap-up-declassifying-information-is-important-for-preserving-public-trust/,2026-06-30T00:00:00.000Z,2026-07-11T12:51:11.789Z,B,document-release,The cited record names Important for Preserving Public Trust.,"A textual mention does not establish guilt, control, ownership, payment, coordination or any other substantive relationship.",machine-extracted-unreviewed,organisation-suffix-regex,0.67
relationship-ee71745430b9938630f5,mentions,finding-855c24f1119d6a694866d72e,entity-governmentagency-5ea3493ef75278bdf8c2,sec-litigation-releases,U.S. Securities and Exchange Commission — Litigation Releases,https://www.sec.gov/files/litigation/litreleases/2026/judg26503.pdf,2026-07-11T12:51:11.789Z,2026-07-11T12:51:11.789Z,A,established-wrongdoing,The cited record names U.S. Securities and Exchange Commission.,"A textual mention does not establish guilt, control, ownership, payment, coordination or any other substantive relationship.",machine-extracted-unreviewed,organisation-suffix-regex,0.67
relationship-6872ce9e4697b4886745,mentions,finding-86705f73deac83b805ef4eea,entity-governmentagency-5ea3493ef75278bdf8c2,sec-litigation-releases,U.S. Securities and Exchange Commission — Litigation Releases,https://www.sec.gov/files/litigation/litreleases/2026/judg26577.pdf,2026-07-11T12:51:11.789Z,2026-07-11T12:51:11.789Z,A,established-wrongdoing,The cited record names U.S. Securities and Exchange Commission.,"A textual mention does not establish guilt, control, ownership, payment, coordination or any other substantive relationship.",machine-extracted-unreviewed,organisation-suffix-regex,0.67
relationship-fc6c0867b5333cb5854b,mentions,finding-888284cce2ab2bca9a3dba3f,entity-contractor-58928e650aed74436c25,usaspending-recent-contracts,USAspending.gov — Recent Contract Awards,https://www.usaspending.gov/award/89303026FIM000188,2025-12-18T00:00:00.000Z,2026-07-11T12:51:11.789Z,B,record-update,The cited record names ACCENTURE FEDERAL SERVICES LLC.,"A textual mention does not establish guilt, control, ownership, payment, coordination or any other substantive relationship.",machine-extracted-unreviewed,company-suffix-regex,0.72
relationship-ab8e5c6bbe83d9563c91,mentions,finding-89204c8c9231ff1dfba6aca9,entity-governmentagency-29e57777d4cb7db51c08,usaspending-recent-contracts,USAspending.gov — Recent Contract Awards,https://www.usaspending.gov/award/NNG10XA01C,2010-09-10T00:00:00.000Z,2026-07-11T12:51:11.789Z,B,record-update,The cited record names National Aeronautics and Space Administration.,"A textual mention does not establish guilt, control, ownership, payment, coordination or any other substantive relationship.",machine-extracted-unreviewed,organisation-suffix-regex,0.67
relationship-292597120250828df3fc,mentions,finding-89226eace5537d9294eaa675,entity-contractor-3beb98f18636398cec7c,usaspending-recent-contracts,USAspending.gov — Recent Contract Awards,https://www.usaspending.gov/award/89503226PWA000631,2026-06-29T00:00:00.000Z,2026-07-11T12:51:11.789Z,B,record-update,The cited record names INTRASTELLAR SOLUTIONS LLC.,"A textual mention does not establish guilt, control, ownership, payment, coordination or any other substantive relationship.",machine-extracted-unreviewed,company-suffix-regex,0.72
relationship-e9b6f454f74f504f9ab8,mentions,finding-8947f501a89ede7835d96792,entity-company-8bb0d22973b6db5705c7,sec-litigation-releases,U.S. Securities and Exchange Commission — Litigation Releases,https://www.sec.gov/files/litigation/litreleases/2026/judg26528-spartan.pdf,2026-07-11T12:51:11.789Z,2026-07-11T12:51:11.789Z,B,record-update,The cited record names Spartan Trading Company.,"A textual mention does not establish guilt, control, ownership, payment, coordination or any other substantive relationship.",machine-extracted-unreviewed,company-suffix-regex,0.72
relationship-d9bfb5a2dff1a141f185,mentions,finding-8947f501a89ede7835d96792,entity-governmentagency-5ea3493ef75278bdf8c2,sec-litigation-releases,U.S. Securities and Exchange Commission — Litigation Releases,https://www.sec.gov/files/litigation/litreleases/2026/judg26528-spartan.pdf,2026-07-11T12:51:11.789Z,2026-07-11T12:51:11.789Z,B,record-update,The cited record names U.S. Securities and Exchange Commission.,"A textual mention does not establish guilt, control, ownership, payment, coordination or any other substantive relationship.",machine-extracted-unreviewed,organisation-suffix-regex,0.67
relationship-acee3d475e092a443984,mentions,finding-8b5fcbcbcce1dd2f3c66a749,entity-governmentagency-5ea3493ef75278bdf8c2,sec-litigation-releases,U.S. Securities and Exchange Commission — Litigation Releases,https://www.sec.gov/files/litigation/litreleases/2026/judg26575.pdf,2026-07-11T12:51:11.789Z,2026-07-11T12:51:11.789Z,A,established-wrongdoing,The cited record names U.S. Securities and Exchange Commission.,"A textual mention does not establish guilt, control, ownership, payment, coordination or any other substantive relationship.",machine-extracted-unreviewed,organisation-suffix-regex,0.67
relationship-f335cf1bfccc3b7fa7c5,mentions,finding-8c823fee008eb1c9eafc946a,entity-company-23210894a6e6e58bafec,sec-litigation-releases,U.S. Securities and Exchange Commission — Litigation Releases,https://www.sec.gov/files/litigation/litreleases/2026/judg26512-titanium-capital-llc.pdf,2026-07-11T12:51:11.789Z,2026-07-11T12:51:11.789Z,A,established-wrongdoing,The cited record names Titanium Capital LLC.,"A textual mention does not establish guilt, control, ownership, payment, coordination or any other substantive relationship.",machine-extracted-unreviewed,company-suffix-regex,0.72
relationship-252976b4edab6874e8e3,mentions,finding-8c823fee008eb1c9eafc946a,entity-governmentagency-5ea3493ef75278bdf8c2,sec-litigation-releases,U.S. Securities and Exchange Commission — Litigation Releases,https://www.sec.gov/files/litigation/litreleases/2026/judg26512-titanium-capital-llc.pdf,2026-07-11T12:51:11.789Z,2026-07-11T12:51:11.789Z,A,established-wrongdoing,The cited record names U.S. Securities and Exchange Commission.,"A textual mention does not establish guilt, control, ownership, payment, coordination or any other substantive relationship.",machine-extracted-unreviewed,organisation-suffix-regex,0.67
relationship-64a160734a4bcc9294c7,mentions,finding-8ca3f730799c2d89e967b5c9,entity-governmentagency-5ea3493ef75278bdf8c2,sec-litigation-releases,U.S. Securities and Exchange Commission — Litigation Releases,https://www.sec.gov/files/litigation/litreleases/2026/judg26498-chad-miller.pdf,2026-07-11T12:51:11.789Z,2026-07-11T12:51:11.789Z,A,established-wrongdoing,The cited record names U.S. Securities and Exchange Commission.,"A textual mention does not establish guilt, control, ownership, payment, coordination or any other substantive relationship.",machine-extracted-unreviewed,organisation-suffix-regex,0.67
relationship-8f6d7a4e8c8cef195a29,mentions,finding-8d0ea3be5cea965a55872afd,entity-governmentagency-5ea3493ef75278bdf8c2,sec-litigation-releases,U.S. Securities and Exchange Commission — Litigation Releases,https://www.sec.gov/files/litigation/litreleases/2026/judg26528-myre.pdf,2026-07-11T12:51:11.789Z,2026-07-11T12:51:11.789Z,A,established-wrongdoing,The cited record names U.S. Securities and Exchange Commission.,"A textual mention does not establish guilt, control, ownership, payment, coordination or any other substantive relationship.",machine-extracted-unreviewed,organisation-suffix-regex,0.67
relationship-baa393de3c404b93268d,mentions,finding-8d70f67622b7206cf5b3f175,entity-governmentagency-6acdd63fe72ee7397259,doj-epstein-disclosures,U.S. Department of Justice — Epstein Disclosures,https://www.justice.gov/epstein/doj-disclosures/court-records-epstein-v-rothstein-no-50-2009-ca-040800-xxxx-mb-fla-15th-cir-ct-2009,2026-07-11T12:51:11.789Z,2026-07-11T12:51:11.789Z,B,record-update,The cited record names United States Department.,"A textual mention does not establish guilt, control, ownership, payment, coordination or any other substantive relationship.",machine-extracted-unreviewed,organisation-suffix-regex,0.67
relationship-015bab7423eed7f3e120,mentions,finding-8eae805e5a38b92034b24d0c,entity-governmentagency-4f8812c926fdf5396019,federal-register-latest,Federal Register — Latest Documents,https://www.federalregister.gov/documents/2026/07/13/2026-14039/agency-information-collection-activities-proposed-collection-comment-request-extension,2026-07-13T00:00:00.000Z,2026-07-11T12:51:11.789Z,B,record-update,The cited record names Extension The Federal Trade Commission.,"A textual mention does not establish guilt, control, ownership, payment, coordination or any other substantive relationship.",machine-extracted-unreviewed,organisation-suffix-regex,0.67
relationship-569f2e70534b3990c27b,mentions,finding-8eae805e5a38b92034b24d0c,entity-legalauthority-1c5d71bcc349dace0df2,federal-register-latest,Federal Register — Latest Documents,https://www.federalregister.gov/documents/2026/07/13/2026-14039/agency-information-collection-activities-proposed-collection-comment-request-extension,2026-07-13T00:00:00.000Z,2026-07-11T12:51:11.789Z,B,record-update,The cited record names Paperwork Reduction Act.,"A textual mention does not establish guilt, control, ownership, payment, coordination or any other substantive relationship.",machine-extracted-unreviewed,legal-authority-regex,0.64
relationship-d4b5359357ba54333f9e,mentions,finding-8eae805e5a38b92034b24d0c,entity-legalauthority-fc7b5f5db30888550cd7,federal-register-latest,Federal Register — Latest Documents,https://www.federalregister.gov/documents/2026/07/13/2026-14039/agency-information-collection-activities-proposed-collection-comment-request-extension,2026-07-13T00:00:00.000Z,2026-07-11T12:51:11.789Z,B,record-update,The cited record names Based Pricing Rule.,"A textual mention does not establish guilt, control, ownership, payment, coordination or any other substantive relationship.",machine-extracted-unreviewed,legal-authority-regex,0.64
relationship-dab6c8c2da84a07f2587,mentions,finding-8f5e9075eecd3a21b17c4228,entity-governmentagency-5ea3493ef75278bdf8c2,sec-litigation-releases,U.S. Securities and Exchange Commission — Litigation Releases,https://www.sec.gov/files/litigation/litreleases/2026/judg26492-lawrence.pdf,2026-07-11T12:51:11.789Z,2026-07-11T12:51:11.789Z,A,established-wrongdoing,The cited record names U.S. Securities and Exchange Commission.,"A textual mention does not establish guilt, control, ownership, payment, coordination or any other substantive relationship.",machine-extracted-unreviewed,organisation-suffix-regex,0.67
relationship-c168ea4176fb25782225,mentions,finding-908e93ff5a07d8b4500eed38,entity-governmentagency-5ea3493ef75278bdf8c2,sec-litigation-releases,U.S. Securities and Exchange Commission — Litigation Releases,https://www.sec.gov/files/litigation/litreleases/2026/judg26580.pdf,2026-07-11T12:51:11.789Z,2026-07-11T12:51:11.789Z,A,established-wrongdoing,The cited record names U.S. Securities and Exchange Commission.,"A textual mention does not establish guilt, control, ownership, payment, coordination or any other substantive relationship.",machine-extracted-unreviewed,organisation-suffix-regex,0.67
relationship-e8a3049aabcfe1052d53,mentions,finding-911d6aa330f80279bdb3c4d5,entity-governmentagency-a9921b1794064b16a15f,usaspending-recent-contracts,USAspending.gov — Recent Contract Awards,https://www.usaspending.gov/award/9523ZY26F0032,2026-08-13T00:00:00.000Z,2026-07-11T12:51:11.789Z,B,record-update,The cited record names Commodity Futures Trading Commission.,"A textual mention does not establish guilt, control, ownership, payment, coordination or any other substantive relationship.",machine-extracted-unreviewed,organisation-suffix-regex,0.67
relationship-83785bde103ad3121be1,mentions,finding-91d9df460c99ac57c5c24419,entity-governmentagency-410b649cb2d86114260c,federal-register-latest,Federal Register — Latest Documents,https://www.federalregister.gov/documents/2026/07/10/2026-13989/mark-allen-dds-decision-and-order,2026-07-10T00:00:00.000Z,2026-07-11T12:51:11.789Z,B,record-update,The cited record names Drug Enforcement Administration.,"A textual mention does not establish guilt, control, ownership, payment, coordination or any other substantive relationship.",machine-extracted-unreviewed,organisation-suffix-regex,0.67
relationship-4413604e7bfc6bdc97c2,mentions,finding-91d9df460c99ac57c5c24419,entity-governmentagency-5357e91ca84b6b0ab6ee,federal-register-latest,Federal Register — Latest Documents,https://www.federalregister.gov/documents/2026/07/10/2026-13989/mark-allen-dds-decision-and-order,2026-07-10T00:00:00.000Z,2026-07-11T12:51:11.789Z,B,record-update,The cited record names Decision and Order Justice Department.,"A textual mention does not establish guilt, control, ownership, payment, coordination or any other substantive relationship.",machine-extracted-unreviewed,organisation-suffix-regex,0.67
relationship-82cd3e6715f8d9eeeb8f,mentions,finding-92de72c0f2abc8dd8c8ec65c,entity-governmentagency-5ea3493ef75278bdf8c2,sec-litigation-releases,U.S. Securities and Exchange Commission — Litigation Releases,https://www.sec.gov/files/litigation/litreleases/2026/judg26550.pdf,2026-07-11T12:51:11.789Z,2026-07-11T12:51:11.789Z,A,established-wrongdoing,The cited record names U.S. Securities and Exchange Commission.,"A textual mention does not establish guilt, control, ownership, payment, coordination or any other substantive relationship.",machine-extracted-unreviewed,organisation-suffix-regex,0.67
relationship-a753b825d48c14afada3,mentions,finding-93e7bb9b21bc9a5bb87f8f7a,entity-governmentagency-5ea3493ef75278bdf8c2,sec-litigation-releases,U.S. Securities and Exchange Commission — Litigation Releases,https://www.sec.gov/files/litigation/litreleases/2026/judg26564.pdf,2026-07-11T12:51:11.789Z,2026-07-11T12:51:11.789Z,A,established-wrongdoing,The cited record names U.S. Securities and Exchange Commission.,"A textual mention does not establish guilt, control, ownership, payment, coordination or any other substantive relationship.",machine-extracted-unreviewed,organisation-suffix-regex,0.67
relationship-10558554d1eb728e563e,mentions,finding-943304e449d24176112e3973,entity-governmentagency-6acdd63fe72ee7397259,doj-epstein-disclosures,U.S. Department of Justice — Epstein Disclosures,https://www.justice.gov/epstein/doj-disclosures/court-records-doe-no-6-v-epstein-no-908-cv-80994-sd-fla-2008,2026-07-11T12:51:11.789Z,2026-07-11T12:51:11.789Z,B,record-update,The cited record names United States Department.,"A textual mention does not establish guilt, control, ownership, payment, coordination or any other substantive relationship.",machine-extracted-unreviewed,organisation-suffix-regex,0.67
relationship-00df67694845e4d326da,mentions,finding-94a1fcffa0ad00fe9224566f,entity-governmentagency-33a960164bebeacd9025,uk-sfo-news,UK Serious Fraud Office — News And Communications,https://www.gov.uk/email-signup?link=/government/organisations/serious-fraud-office,2026-07-11T12:51:11.789Z,2026-07-11T12:51:11.789Z,B,wrongdoing-lead,The cited record names Serious Fraud Office.,"A textual mention does not establish guilt, control, ownership, payment, coordination or any other substantive relationship.",machine-extracted-unreviewed,organisation-suffix-regex,0.67
relationship-df070b19ae402603ddfe,mentions,finding-94b0f530df4d48aa19bd3442,entity-governmentagency-5ea3493ef75278bdf8c2,sec-litigation-releases,U.S. Securities and Exchange Commission — Litigation Releases,https://www.sec.gov/files/litigation/litreleases/2026/judg26488.pdf,2026-07-11T12:51:11.789Z,2026-07-11T12:51:11.789Z,A,established-wrongdoing,The cited record names U.S. Securities and Exchange Commission.,"A textual mention does not establish guilt, control, ownership, payment, coordination or any other substantive relationship.",machine-extracted-unreviewed,organisation-suffix-regex,0.67
relationship-299a0683aa1dbc3dfa48,mentions,finding-95018eb915abff944c5987dc,entity-governmentagency-5ea3493ef75278bdf8c2,sec-litigation-releases,U.S. Securities and Exchange Commission — Litigation Releases,https://www.sec.gov/files/litigation/litreleases/2026/judg26555.pdf,2026-07-11T12:51:11.789Z,2026-07-11T12:51:11.789Z,A,established-wrongdoing,The cited record names U.S. Securities and Exchange Commission.,"A textual mention does not establish guilt, control, ownership, payment, coordination or any other substantive relationship.",machine-extracted-unreviewed,organisation-suffix-regex,0.67
relationship-5822d6ee6dcb9209ed03,mentions,finding-9525a32c8b2ef5a9e97959d5,entity-contractor-a3fb3de0c272a2e7050b,usaspending-recent-contracts,USAspending.gov — Recent Contract Awards,https://www.usaspending.gov/award/VA24417C0005,2017-03-31T00:00:00.000Z,2026-07-11T12:51:11.789Z,B,record-update,The cited record names DERBY ENTERPRISES LLC.,"A textual mention does not establish guilt, control, ownership, payment, coordination or any other substantive relationship.",machine-extracted-unreviewed,company-suffix-regex,0.72
relationship-af5efdf5f7bf38aa257d,mentions,finding-95c258b6b9625fee0723a741,entity-contractor-46e45d566423dff0a1bd,usaspending-recent-contracts,USAspending.gov — Recent Contract Awards,https://www.usaspending.gov/award/89503326PWA000433,2026-07-09T00:00:00.000Z,2026-07-11T12:51:11.789Z,B,record-update,The cited record names SPRINGFIELD SOLUTIONS LLC.,"A textual mention does not establish guilt, control, ownership, payment, coordination or any other substantive relationship.",machine-extracted-unreviewed,company-suffix-regex,0.72
relationship-59064cd87f877fc1305d,mentions,finding-9631b6d463cf1226af57353c,entity-governmentagency-1841aa81afefb0bf66ac,doj-epstein-disclosures,U.S. Department of Justice — Epstein Disclosures,https://www.justice.gov/opa/pr/department-justice-publishes-35-million-responsive-pages-compliance-epstein-files,2026-07-11T12:51:11.789Z,2026-07-11T12:51:11.789Z,B,document-release,The cited record names Epstein Files Transparency Act Department.,"A textual mention does not establish guilt, control, ownership, payment, coordination or any other substantive relationship.",machine-extracted-unreviewed,organisation-suffix-regex,0.67
relationship-f68cd28e621f7d58e147,mentions,finding-9631b6d463cf1226af57353c,entity-governmentagency-6acdd63fe72ee7397259,doj-epstein-disclosures,U.S. Department of Justice — Epstein Disclosures,https://www.justice.gov/opa/pr/department-justice-publishes-35-million-responsive-pages-compliance-epstein-files,2026-07-11T12:51:11.789Z,2026-07-11T12:51:11.789Z,B,document-release,The cited record names United States Department.,"A textual mention does not establish guilt, control, ownership, payment, coordination or any other substantive relationship.",machine-extracted-unreviewed,organisation-suffix-regex,0.67
relationship-1f73926e300fbd77a056,mentions,finding-9631b6d463cf1226af57353c,entity-legalauthority-c4b0ccee55e0bbf0007d,doj-epstein-disclosures,U.S. Department of Justice — Epstein Disclosures,https://www.justice.gov/opa/pr/department-justice-publishes-35-million-responsive-pages-compliance-epstein-files,2026-07-11T12:51:11.789Z,2026-07-11T12:51:11.789Z,B,document-release,The cited record names Epstein Files Transparency Act.,"A textual mention does not establish guilt, control, ownership, payment, coordination or any other substantive relationship.",machine-extracted-unreviewed,legal-authority-regex,0.64
relationship-8f2425acbb21327ba477,mentions,finding-976042970edf7985440efbfc,entity-company-39bd996a4b8314bd9a68,federal-register-latest,Federal Register — Latest Documents,https://www.federalregister.gov/documents/2026/07/13/2026-14027/passenger-vehicle-and-light-truck-tires-from-the-republic-of-korea-final-results-of-the-antidumping,2026-07-13T00:00:00.000Z,2026-07-11T12:51:11.789Z,B,record-update,The cited record names Technology Co. Ltd.,"A textual mention does not establish guilt, control, ownership, payment, coordination or any other substantive relationship.",machine-extracted-unreviewed,company-suffix-regex,0.72
relationship-33e70f7b29d8b7121e1d,mentions,finding-976042970edf7985440efbfc,entity-company-4a61bc12863388c25c60,federal-register-latest,Federal Register — Latest Documents,https://www.federalregister.gov/documents/2026/07/13/2026-14027/passenger-vehicle-and-light-truck-tires-from-the-republic-of-korea-final-results-of-the-antidumping,2026-07-13T00:00:00.000Z,2026-07-11T12:51:11.789Z,B,record-update,The cited record names Nexen Tire Corporation.,"A textual mention does not establish guilt, control, ownership, payment, coordination or any other substantive relationship.",machine-extracted-unreviewed,company-suffix-regex,0.72
relationship-236d9372df1a48ca3ff7,mentions,finding-976042970edf7985440efbfc,entity-governmentagency-7a08bc86d620fdaaea95,federal-register-latest,Federal Register — Latest Documents,https://www.federalregister.gov/documents/2026/07/13/2026-14027/passenger-vehicle-and-light-truck-tires-from-the-republic-of-korea-final-results-of-the-antidumping,2026-07-13T00:00:00.000Z,2026-07-11T12:51:11.789Z,B,record-update,The cited record names The U.S. Department.,"A textual mention does not establish guilt, control, ownership, payment, coordination or any other substantive relationship.",machine-extracted-unreviewed,organisation-suffix-regex,0.67
relationship-5ca892e48597492f6624,mentions,finding-9967ab909adf33539b080d3f,entity-governmentagency-410b649cb2d86114260c,federal-register-latest,Federal Register — Latest Documents,https://www.federalregister.gov/documents/2026/07/10/2026-13991/ruth-jones-do-decision-and-order,2026-07-10T00:00:00.000Z,2026-07-11T12:51:11.789Z,B,record-update,The cited record names Drug Enforcement Administration.,"A textual mention does not establish guilt, control, ownership, payment, coordination or any other substantive relationship.",machine-extracted-unreviewed,organisation-suffix-regex,0.67
relationship-df51638c29b2d64bcf6b,mentions,finding-9967ab909adf33539b080d3f,entity-governmentagency-5357e91ca84b6b0ab6ee,federal-register-latest,Federal Register — Latest Documents,https://www.federalregister.gov/documents/2026/07/10/2026-13991/ruth-jones-do-decision-and-order,2026-07-10T00:00:00.000Z,2026-07-11T12:51:11.789Z,B,record-update,The cited record names Decision and Order Justice Department.,"A textual mention does not establish guilt, control, ownership, payment, coordination or any other substantive relationship.",machine-extracted-unreviewed,organisation-suffix-regex,0.67
relationship-6eadf9c9650e96be7529,mentions,finding-9a958437e50a2bb261dfb681,entity-governmentagency-6acdd63fe72ee7397259,doj-epstein-disclosures,U.S. Department of Justice — Epstein Disclosures,https://www.justice.gov/epstein/doj-disclosures/court-records-united-states-v-maxwell-no-120-cr-00330-sdny-2020,2026-07-11T12:51:11.789Z,2026-07-11T12:51:11.789Z,B,record-update,The cited record names United States Department.,"A textual mention does not establish guilt, control, ownership, payment, coordination or any other substantive relationship.",machine-extracted-unreviewed,organisation-suffix-regex,0.67
relationship-998f44268c02659d2112,mentions,finding-9c5d605a945dd4ee64d0704d,entity-governmentagency-9f02b31226b3a5a88b37,doj-oig-reports,U.S. Department of Justice Office of Inspector General — Reports,https://oig.justice.gov/reports/audit-drug-enforcement-administrations-registration-process-medical-practitioners,2026-07-11T12:51:11.789Z,2026-07-11T12:51:11.789Z,A,official-audit-finding,The cited record names Audit of the Drug Enforcement Administration.,"A textual mention does not establish guilt, control, ownership, payment, coordination or any other substantive relationship.",machine-extracted-unreviewed,organisation-suffix-regex,0.67
relationship-23053eca1fd6f7a9054e,mentions,finding-9cff3a78e446e894fb1463e2,entity-contractor-c13f9766304b3695d4c1,usaspending-recent-contracts,USAspending.gov — Recent Contract Awards,https://www.usaspending.gov/award/89303026FIM000201,2026-06-24T00:00:00.000Z,2026-07-11T12:51:11.789Z,B,record-update,The cited record names AUTONOMIC INTEGRA LLC.,"A textual mention does not establish guilt, control, ownership, payment, coordination or any other substantive relationship.",machine-extracted-unreviewed,company-suffix-regex,0.72
relationship-264e11c8c4bfc6519fd4,mentions,finding-9d6cd2b8e496ea570fc518a3,entity-governmentagency-5ea3493ef75278bdf8c2,sec-litigation-releases,U.S. Securities and Exchange Commission — Litigation Releases,https://www.sec.gov/files/litigation/litreleases/2026/judg26514-mccormick.pdf,2026-07-11T12:51:11.789Z,2026-07-11T12:51:11.789Z,A,established-wrongdoing,The cited record names U.S. Securities and Exchange Commission.,"A textual mention does not establish guilt, control, ownership, payment, coordination or any other substantive relationship.",machine-extracted-unreviewed,organisation-suffix-regex,0.67
relationship-7bab9d05c8fb9246df4f,mentions,finding-9da4b7bbdd81696ece0628fe,entity-governmentagency-6acdd63fe72ee7397259,doj-epstein-disclosures,U.S. Department of Justice — Epstein Disclosures,https://www.justice.gov/epstein/doj-disclosures/court-records-doe-1000-v-indyke-no-119-cv-10577-sdny-2019,2026-07-11T12:51:11.789Z,2026-07-11T12:51:11.789Z,B,record-update,The cited record names United States Department.,"A textual mention does not establish guilt, control, ownership, payment, coordination or any other substantive relationship.",machine-extracted-unreviewed,organisation-suffix-regex,0.67
relationship-beccb7146b9e5a170826,mentions,finding-9f95ebb47e23ac8a5634fc3d,entity-governmentagency-33a960164bebeacd9025,uk-sfo-news,UK Serious Fraud Office — News And Communications,https://www.gov.uk/government/organisations/serious-fraud-office#content,2026-07-11T12:51:11.789Z,2026-07-11T12:51:11.789Z,B,wrongdoing-lead,The cited record names Serious Fraud Office.,"A textual mention does not establish guilt, control, ownership, payment, coordination or any other substantive relationship.",machine-extracted-unreviewed,organisation-suffix-regex,0.67
relationship-9f06a7b4041aee92b4c1,mentions,finding-9fa5a0ad9018c5d8efa96ce7,entity-governmentagency-5ea3493ef75278bdf8c2,sec-litigation-releases,U.S. Securities and Exchange Commission — Litigation Releases,https://www.sec.gov/files/litigation/litreleases/2026/judg26506-suzee-han.pdf,2026-07-11T12:51:11.789Z,2026-07-11T12:51:11.789Z,A,established-wrongdoing,The cited record names U.S. Securities and Exchange Commission.,"A textual mention does not establish guilt, control, ownership, payment, coordination or any other substantive relationship.",machine-extracted-unreviewed,organisation-suffix-regex,0.67
relationship-ada1959f49a71cbdb711,mentions,finding-a0f522c2384cc895ec05df53,entity-governmentagency-6acdd63fe72ee7397259,doj-epstein-disclosures,U.S. Department of Justice — Epstein Disclosures,https://www.justice.gov/epstein/doj-disclosures/court-records-v-maxwell-no-117-mc-00025-sdny-2016,2026-07-11T12:51:11.789Z,2026-07-11T12:51:11.789Z,B,record-update,The cited record names United States Department.,"A textual mention does not establish guilt, control, ownership, payment, coordination or any other substantive relationship.",machine-extracted-unreviewed,organisation-suffix-regex,0.67
relationship-fafdc6afd47a42ff97a7,mentions,finding-a186a8c48d09d766ee646d8a,entity-governmentagency-c344c8a8bebaf925f3f3,house-oversight-releases,U.S. House Committee on Oversight and Government Reform — Releases,https://oversight.house.gov/release/comer-launches-investigation-into-billions-in-unpaid-taxes-owed-by-federal-employees/,2026-06-25T00:00:00.000Z,2026-07-11T12:51:11.789Z,B,document-release,The cited record names United States House Committee.,"A textual mention does not establish guilt, control, ownership, payment, coordination or any other substantive relationship.",machine-extracted-unreviewed,organisation-suffix-regex,0.67
relationship-129b1dc4bf49674e5a15,mentions,finding-a186a8c48d09d766ee646d8a,entity-governmentagency-edbfa928bd9f382b53a1,house-oversight-releases,U.S. House Committee on Oversight and Government Reform — Releases,https://oversight.house.gov/release/comer-launches-investigation-into-billions-in-unpaid-taxes-owed-by-federal-employees/,2026-06-25T00:00:00.000Z,2026-07-11T12:51:11.789Z,B,document-release,The cited record names House Committee.,"A textual mention does not establish guilt, control, ownership, payment, coordination or any other substantive relationship.",machine-extracted-unreviewed,organisation-suffix-regex,0.67
relationship-c3a6dcbc6e01164c8944,mentions,finding-a228392badbd6e25200324de,entity-governmentagency-5ea3493ef75278bdf8c2,sec-litigation-releases,U.S. Securities and Exchange Commission — Litigation Releases,https://www.sec.gov/files/litigation/litreleases/2026/judg26494.pdf,2026-07-11T12:51:11.789Z,2026-07-11T12:51:11.789Z,A,established-wrongdoing,The cited record names U.S. Securities and Exchange Commission.,"A textual mention does not establish guilt, control, ownership, payment, coordination or any other substantive relationship.",machine-extracted-unreviewed,organisation-suffix-regex,0.67
relationship-371b4cdb9176394aff1d,mentions,finding-a2fb01f0b53b59661ced68c0,entity-governmentagency-5ea3493ef75278bdf8c2,sec-litigation-releases,U.S. Securities and Exchange Commission — Litigation Releases,https://www.sec.gov/files/litigation/litreleases/2026/26526-bongiorno-opinion-granting-summary-judgment.pdf,2026-07-11T12:51:11.789Z,2026-07-11T12:51:11.789Z,B,record-update,The cited record names U.S. Securities and Exchange Commission.,"A textual mention does not establish guilt, control, ownership, payment, coordination or any other substantive relationship.",machine-extracted-unreviewed,organisation-suffix-regex,0.67
relationship-8a8b720e03638ef330e1,mentions,finding-a32d2df93cd3181aa3afa538,entity-governmentagency-51877d1a7a56d50b536e,wikileaks-publications,WikiLeaks — Publications,https://wikileaks.org//dnc-emails/,2026-07-11T12:51:11.789Z,2026-07-11T12:51:11.789Z,C,leak-or-document-lead,The cited record names US Democratic National Committee.,"A textual mention does not establish guilt, control, ownership, payment, coordination or any other substantive relationship.",machine-extracted-unreviewed,organisation-suffix-regex,0.67
relationship-3125405389bac860c7f0,mentions,finding-a45f1867dc1464bf90c6e61c,entity-governmentagency-6acdd63fe72ee7397259,doj-epstein-disclosures,U.S. Department of Justice — Epstein Disclosures,https://www.justice.gov/epstein/doj-disclosures/court-records-v-indyke-no-119-cv-10474-sdny-2019,2026-07-11T12:51:11.789Z,2026-07-11T12:51:11.789Z,B,record-update,The cited record names United States Department.,"A textual mention does not establish guilt, control, ownership, payment, coordination or any other substantive relationship.",machine-extracted-unreviewed,organisation-suffix-regex,0.67
relationship-2627763f952164d88514,mentions,finding-a5672235e79f73ecc27165ff,entity-governmentagency-5ea3493ef75278bdf8c2,sec-litigation-releases,U.S. Securities and Exchange Commission — Litigation Releases,https://www.sec.gov/files/litigation/litreleases/2026/judg26539.pdf,2026-07-11T12:51:11.789Z,2026-07-11T12:51:11.789Z,A,established-wrongdoing,The cited record names U.S. Securities and Exchange Commission.,"A textual mention does not establish guilt, control, ownership, payment, coordination or any other substantive relationship.",machine-extracted-unreviewed,organisation-suffix-regex,0.67
relationship-e4ab42bf78aebdbf7740,mentions,finding-a59e6c703b47ece9c0e5dceb,entity-governmentagency-5ea3493ef75278bdf8c2,sec-litigation-releases,U.S. Securities and Exchange Commission — Litigation Releases,https://www.sec.gov/files/litigation/litreleases/2026/judgment26496.pdf,2026-07-11T12:51:11.789Z,2026-07-11T12:51:11.789Z,B,record-update,The cited record names U.S. Securities and Exchange Commission.,"A textual mention does not establish guilt, control, ownership, payment, coordination or any other substantive relationship.",machine-extracted-unreviewed,organisation-suffix-regex,0.67
relationship-23d53450e2b34f43bf02,mentions,finding-a5f67ee2a60f22788958c284,entity-governmentagency-5ea3493ef75278bdf8c2,sec-litigation-releases,U.S. Securities and Exchange Commission — Litigation Releases,https://www.sec.gov/files/litigation/litreleases/2026/judg26582-andrew-kaufman.pdf,2026-07-11T12:51:11.789Z,2026-07-11T12:51:11.789Z,A,established-wrongdoing,The cited record names U.S. Securities and Exchange Commission.,"A textual mention does not establish guilt, control, ownership, payment, coordination or any other substantive relationship.",machine-extracted-unreviewed,organisation-suffix-regex,0.67
relationship-f2823ebf8836034b0eaa,mentions,finding-a6817dde76af3b762ac84be1,entity-governmentagency-c344c8a8bebaf925f3f3,house-oversight-releases,U.S. House Committee on Oversight and Government Reform — Releases,https://oversight.house.gov/landing/biden-family-investigation/,2026-07-11T12:51:11.789Z,2026-07-11T12:51:11.789Z,B,document-release,The cited record names United States House Committee.,"A textual mention does not establish guilt, control, ownership, payment, coordination or any other substantive relationship.",machine-extracted-unreviewed,organisation-suffix-regex,0.67
relationship-2a327ae741e6142d4fe3,mentions,finding-a686c1895495c9d09960946f,entity-governmentagency-6acdd63fe72ee7397259,doj-epstein-disclosures,U.S. Department of Justice — Epstein Disclosures,https://www.justice.gov/epstein/doj-disclosures/bop-video-footage,2026-07-11T12:51:11.789Z,2026-07-11T12:51:11.789Z,B,record-update,The cited record names United States Department.,"A textual mention does not establish guilt, control, ownership, payment, coordination or any other substantive relationship.",machine-extracted-unreviewed,organisation-suffix-regex,0.67
relationship-fbfd643799a85fcd385a,mentions,finding-a686c1895495c9d09960946f,entity-governmentagency-828abaaa0743287d162e,doj-epstein-disclosures,U.S. Department of Justice — Epstein Disclosures,https://www.justice.gov/epstein/doj-disclosures/bop-video-footage,2026-07-11T12:51:11.789Z,2026-07-11T12:51:11.789Z,B,record-update,The cited record names BOP Video Footage Department.,"A textual mention does not establish guilt, control, ownership, payment, coordination or any other substantive relationship.",machine-extracted-unreviewed,organisation-suffix-regex,0.67
relationship-b69d7fed654ceb23a996,mentions,finding-a6936452402569f05a36436a,entity-governmentagency-410b649cb2d86114260c,federal-register-latest,Federal Register — Latest Documents,https://www.federalregister.gov/documents/2026/07/10/2026-13988/frederick-tanzer-md-decision-and-order,2026-07-10T00:00:00.000Z,2026-07-11T12:51:11.789Z,B,record-update,The cited record names Drug Enforcement Administration.,"A textual mention does not establish guilt, control, ownership, payment, coordination or any other substantive relationship.",machine-extracted-unreviewed,organisation-suffix-regex,0.67
relationship-409e34be2e16194d6271,mentions,finding-a6936452402569f05a36436a,entity-governmentagency-5357e91ca84b6b0ab6ee,federal-register-latest,Federal Register — Latest Documents,https://www.federalregister.gov/documents/2026/07/10/2026-13988/frederick-tanzer-md-decision-and-order,2026-07-10T00:00:00.000Z,2026-07-11T12:51:11.789Z,B,record-update,The cited record names Decision and Order Justice Department.,"A textual mention does not establish guilt, control, ownership, payment, coordination or any other substantive relationship.",machine-extracted-unreviewed,organisation-suffix-regex,0.67
relationship-9a220f92008ec51754ec,mentions,finding-a7105482b520092289b997f6,entity-governmentagency-6acdd63fe72ee7397259,doj-epstein-disclosures,U.S. Department of Justice — Epstein Disclosures,https://www.justice.gov/epstein/doj-disclosures/court-records-state-florida-v-epstein-no-50-2008-cf-009381-axxx-mb-fla-15th-cir-ct-2008,2026-07-11T12:51:11.789Z,2026-07-11T12:51:11.789Z,B,record-update,The cited record names United States Department.,"A textual mention does not establish guilt, control, ownership, payment, coordination or any other substantive relationship.",machine-extracted-unreviewed,organisation-suffix-regex,0.67
relationship-68d41c1a8dcf4edfa8e7,mentions,finding-a9382e50dc926d1b9d723dc7,entity-company-727c15778183d618ada0,federal-register-latest,Federal Register — Latest Documents,https://www.federalregister.gov/documents/2026/07/13/2026-14079/rockies-express-pipeline-llc-cheyenne-connector-llc-east-cheyenne-gas-storage-llc-notice-of-onsite,2026-07-13T00:00:00.000Z,2026-07-11T12:51:11.789Z,B,record-update,The cited record names Rockies Express Pipeline LLC.,"A textual mention does not establish guilt, control, ownership, payment, coordination or any other substantive relationship.",machine-extracted-unreviewed,company-suffix-regex,0.72
relationship-02d9a3a32ec9e6615678,mentions,finding-a9382e50dc926d1b9d723dc7,entity-governmentagency-44e435de1a2801b42d11,federal-register-latest,Federal Register — Latest Documents,https://www.federalregister.gov/documents/2026/07/13/2026-14079/rockies-express-pipeline-llc-cheyenne-connector-llc-east-cheyenne-gas-storage-llc-notice-of-onsite,2026-07-13T00:00:00.000Z,2026-07-11T12:51:11.789Z,B,record-update,The cited record names Notice of Onsite Environmental Review Energy Department.,"A textual mention does not establish guilt, control, ownership, payment, coordination or any other substantive relationship.",machine-extracted-unreviewed,organisation-suffix-regex,0.67
relationship-ef397ddd7032b2acee8b,mentions,finding-a9382e50dc926d1b9d723dc7,entity-governmentagency-5124abc8e7ea841d1aa8,federal-register-latest,Federal Register — Latest Documents,https://www.federalregister.gov/documents/2026/07/13/2026-14079/rockies-express-pipeline-llc-cheyenne-connector-llc-east-cheyenne-gas-storage-llc-notice-of-onsite,2026-07-13T00:00:00.000Z,2026-07-11T12:51:11.789Z,B,record-update,The cited record names Federal Energy Regulatory Commission.,"A textual mention does not establish guilt, control, ownership, payment, coordination or any other substantive relationship.",machine-extracted-unreviewed,organisation-suffix-regex,0.67
relationship-f671065ef0c6d87ca560,mentions,finding-a96598590110886e4be6a9e6,entity-governmentagency-0d4708b86faff249e21c,federal-register-latest,Federal Register — Latest Documents,https://www.federalregister.gov/documents/2026/07/10/2026-13987/sunshine-act-meetings,2026-07-10T00:00:00.000Z,2026-07-11T12:51:11.789Z,B,record-update,The cited record names Sunshine Act Meetings Nuclear Regulatory Commission.,"A textual mention does not establish guilt, control, ownership, payment, coordination or any other substantive relationship.",machine-extracted-unreviewed,organisation-suffix-regex,0.67
relationship-af73a6727e712a8a376b,mentions,finding-a96598590110886e4be6a9e6,entity-legalauthority-4d457e5e32ee47bff70c,federal-register-latest,Federal Register — Latest Documents,https://www.federalregister.gov/documents/2026/07/10/2026-13987/sunshine-act-meetings,2026-07-10T00:00:00.000Z,2026-07-11T12:51:11.789Z,B,record-update,The cited record names Sunshine Act.,"A textual mention does not establish guilt, control, ownership, payment, coordination or any other substantive relationship.",machine-extracted-unreviewed,legal-authority-regex,0.64
relationship-48c24ce84007edba025f,mentions,finding-aa1762efe93cb3318e2d17cb,entity-governmentagency-33a960164bebeacd9025,uk-sfo-news,UK Serious Fraud Office — News And Communications,https://www.gov.uk/government/publications?departments[]=serious-fraud-office&amp;publication_type=foi-releases,2026-07-11T12:51:11.789Z,2026-07-11T12:51:11.789Z,B,wrongdoing-lead,The cited record names Serious Fraud Office.,"A textual mention does not establish guilt, control, ownership, payment, coordination or any other substantive relationship.",machine-extracted-unreviewed,organisation-suffix-regex,0.67
relationship-a6677c4cfc73ced71331,mentions,finding-aa322576e7ca985cfb342468,entity-governmentagency-4f6fd4cccae96ff7eb8c,federal-register-latest,Federal Register — Latest Documents,https://www.federalregister.gov/documents/2026/07/13/2026-14077/western-area-power-administration-notice-of-filing,2026-07-13T00:00:00.000Z,2026-07-11T12:51:11.789Z,B,record-update,The cited record names Notice of Filing Energy Department.,"A textual mention does not establish guilt, control, ownership, payment, coordination or any other substantive relationship.",machine-extracted-unreviewed,organisation-suffix-regex,0.67
relationship-21281f0cae63759dce5a,mentions,finding-aa322576e7ca985cfb342468,entity-governmentagency-5124abc8e7ea841d1aa8,federal-register-latest,Federal Register — Latest Documents,https://www.federalregister.gov/documents/2026/07/13/2026-14077/western-area-power-administration-notice-of-filing,2026-07-13T00:00:00.000Z,2026-07-11T12:51:11.789Z,B,record-update,The cited record names Federal Energy Regulatory Commission.,"A textual mention does not establish guilt, control, ownership, payment, coordination or any other substantive relationship.",machine-extracted-unreviewed,organisation-suffix-regex,0.67
relationship-b038f3ea5b2656354cb4,mentions,finding-aa322576e7ca985cfb342468,entity-governmentagency-ef33ff6044dade558978,federal-register-latest,Federal Register — Latest Documents,https://www.federalregister.gov/documents/2026/07/13/2026-14077/western-area-power-administration-notice-of-filing,2026-07-13T00:00:00.000Z,2026-07-11T12:51:11.789Z,B,record-update,The cited record names Western Area Power Administration.,"A textual mention does not establish guilt, control, ownership, payment, coordination or any other substantive relationship.",machine-extracted-unreviewed,organisation-suffix-regex,0.67
relationship-93c17bc5bce45a08f955,mentions,finding-aa83061295482dab2de0e8cf,entity-governmentagency-b10e2207076fd963f843,house-oversight-releases,U.S. House Committee on Oversight and Government Reform — Releases,https://oversight.house.gov/release/comer-sessions-higgins-biggs-continue-oversight-of-cigie-following-gao-report-uncovering-integrity-committee-failures/,2026-07-01T00:00:00.000Z,2026-07-11T12:51:11.789Z,B,document-release,The cited record names Continue Oversight of CIGIE Following GAO Report Uncovering Integrity Committee.,"A textual mention does not establish guilt, control, ownership, payment, coordination or any other substantive relationship.",machine-extracted-unreviewed,organisation-suffix-regex,0.67
relationship-79c66852d1388352492e,mentions,finding-aa83061295482dab2de0e8cf,entity-governmentagency-c344c8a8bebaf925f3f3,house-oversight-releases,U.S. House Committee on Oversight and Government Reform — Releases,https://oversight.house.gov/release/comer-sessions-higgins-biggs-continue-oversight-of-cigie-following-gao-report-uncovering-integrity-committee-failures/,2026-07-01T00:00:00.000Z,2026-07-11T12:51:11.789Z,B,document-release,The cited record names United States House Committee.,"A textual mention does not establish guilt, control, ownership, payment, coordination or any other substantive relationship.",machine-extracted-unreviewed,organisation-suffix-regex,0.67
relationship-d6f0052a7c710bb2d905,mentions,finding-aa83061295482dab2de0e8cf,entity-governmentagency-edbfa928bd9f382b53a1,house-oversight-releases,U.S. House Committee on Oversight and Government Reform — Releases,https://oversight.house.gov/release/comer-sessions-higgins-biggs-continue-oversight-of-cigie-following-gao-report-uncovering-integrity-committee-failures/,2026-07-01T00:00:00.000Z,2026-07-11T12:51:11.789Z,B,document-release,The cited record names House Committee.,"A textual mention does not establish guilt, control, ownership, payment, coordination or any other substantive relationship.",machine-extracted-unreviewed,organisation-suffix-regex,0.67
relationship-72769e1db60ac4d62a0d,mentions,finding-ab4520ad85bff15354423b11,entity-governmentagency-5ea3493ef75278bdf8c2,sec-litigation-releases,U.S. Securities and Exchange Commission — Litigation Releases,https://www.sec.gov/files/litigation/litreleases/2026/judg26583-mcknight.pdf,2026-07-11T12:51:11.789Z,2026-07-11T12:51:11.789Z,A,established-wrongdoing,The cited record names U.S. Securities and Exchange Commission.,"A textual mention does not establish guilt, control, ownership, payment, coordination or any other substantive relationship.",machine-extracted-unreviewed,organisation-suffix-regex,0.67
relationship-5939532b6c87bd10534b,mentions,finding-ab7b2cf392766b74da6ff222,entity-contractor-2d0bdc08dc1df6a1cedf,usaspending-recent-contracts,USAspending.gov — Recent Contract Awards,https://www.usaspending.gov/award/89503223PWA000396,2023-02-06T00:00:00.000Z,2026-07-11T12:51:11.789Z,B,record-update,The cited record names KLEEN SWEEP LLC.,"A textual mention does not establish guilt, control, ownership, payment, coordination or any other substantive relationship.",machine-extracted-unreviewed,company-suffix-regex,0.72
relationship-8e05b95c1fa6d6974415,mentions,finding-ac070932b7a9690494dabea9,entity-governmentagency-c344c8a8bebaf925f3f3,house-oversight-releases,U.S. House Committee on Oversight and Government Reform — Releases,https://oversight.house.gov/release/chairman-comer-issues-two-subpoenas-to-leon-black/,2026-06-26T00:00:00.000Z,2026-07-11T12:51:11.789Z,B,document-release,The cited record names United States House Committee.,"A textual mention does not establish guilt, control, ownership, payment, coordination or any other substantive relationship.",machine-extracted-unreviewed,organisation-suffix-regex,0.67
relationship-18ad054bd80993d2a5b1,mentions,finding-ac070932b7a9690494dabea9,entity-governmentagency-edbfa928bd9f382b53a1,house-oversight-releases,U.S. House Committee on Oversight and Government Reform — Releases,https://oversight.house.gov/release/chairman-comer-issues-two-subpoenas-to-leon-black/,2026-06-26T00:00:00.000Z,2026-07-11T12:51:11.789Z,B,document-release,The cited record names House Committee.,"A textual mention does not establish guilt, control, ownership, payment, coordination or any other substantive relationship.",machine-extracted-unreviewed,organisation-suffix-regex,0.67
relationship-df853cce9de23b10fc6e,mentions,finding-ae02a490403b802db4f65c37,entity-governmentagency-33a960164bebeacd9025,uk-sfo-news,UK Serious Fraud Office — News And Communications,https://www.gov.uk/government/speeches/director-addresses-global-anti-corruption-conference,2026-07-11T12:51:11.789Z,2026-07-11T12:51:11.789Z,B,wrongdoing-lead,The cited record names Serious Fraud Office.,"A textual mention does not establish guilt, control, ownership, payment, coordination or any other substantive relationship.",machine-extracted-unreviewed,organisation-suffix-regex,0.67
relationship-6cbac1aa5afe06ade944,mentions,finding-ae372a8cb7a883567f626614,entity-contractor-eff051e61b4f18d61f4c,sec-current-filings,U.S. Securities and Exchange Commission — Current EDGAR Filings,https://www.sec.gov/Archives/edgar/data/1720424/000106299326003615/0001062993-26-003615-index.htm,2026-07-11T01:08:27.000Z,2026-07-11T12:51:11.789Z,B,record-update,The cited record names HIVE Digital Technologies Ltd.,"A textual mention does not establish guilt, control, ownership, payment, coordination or any other substantive relationship.",machine-extracted-unreviewed,company-suffix-regex,0.72
relationship-6ee1f3781a78d9c15067,mentions,finding-ae3cc9edf221daba7162a6bf,entity-governmentagency-3091a01a48eed98f5b82,uk-sfo-news,UK Serious Fraud Office — News And Communications,https://www.gov.uk/government/organisations/serious-fraud-office/about/recruitment,2026-07-11T12:51:11.789Z,2026-07-11T12:51:11.789Z,B,wrongdoing-lead,The cited record names Working for SFO Serious Fraud Office.,"A textual mention does not establish guilt, control, ownership, payment, coordination or any other substantive relationship.",machine-extracted-unreviewed,organisation-suffix-regex,0.67
relationship-5d60675026021d558152,mentions,finding-ae89818884ca90fbeb7966c7,entity-governmentagency-c344c8a8bebaf925f3f3,house-oversight-releases,U.S. House Committee on Oversight and Government Reform — Releases,https://oversight.house.gov/hearing,2026-07-11T12:51:11.789Z,2026-07-11T12:51:11.789Z,B,document-release,The cited record names United States House Committee.,"A textual mention does not establish guilt, control, ownership, payment, coordination or any other substantive relationship.",machine-extracted-unreviewed,organisation-suffix-regex,0.67
relationship-b2089bb7814514584a74,mentions,finding-ae8bec742bcfd76417dda139,entity-governmentagency-cb8f5628c090afdc8238,wikileaks-publications,WikiLeaks — Publications,https://wikileaks.org//saudi-cables,2026-07-11T12:51:11.789Z,2026-07-11T12:51:11.789Z,C,leak-or-document-lead,The cited record names Saudi Foreign Ministry.,"A textual mention does not establish guilt, control, ownership, payment, coordination or any other substantive relationship.",machine-extracted-unreviewed,organisation-suffix-regex,0.67
relationship-4968b5d717ce00292e7d,mentions,finding-af910276ebbeb5dbdb2388cc,entity-contractor-13e0e07018d009571209,usaspending-recent-contracts,USAspending.gov — Recent Contract Awards,https://www.usaspending.gov/award/89503225CWA000116,2025-07-01T00:00:00.000Z,2026-07-11T12:51:11.789Z,B,record-update,The cited record names TOMMYLEE CAPITAL LLC.,"A textual mention does not establish guilt, control, ownership, payment, coordination or any other substantive relationship.",machine-extracted-unreviewed,company-suffix-regex,0.72
relationship-0a3bbf2231ffffeeda94,mentions,finding-b03056213cc10a2476cda438,entity-governmentagency-6acdd63fe72ee7397259,doj-epstein-disclosures,U.S. Department of Justice — Epstein Disclosures,https://www.justice.gov/epstein/doj-disclosures/data-set-3-files,2026-07-11T12:51:11.789Z,2026-07-11T12:51:11.789Z,B,document-release,The cited record names United States Department.,"A textual mention does not establish guilt, control, ownership, payment, coordination or any other substantive relationship.",machine-extracted-unreviewed,organisation-suffix-regex,0.67
relationship-42ba40c99da57d2e50be,mentions,finding-b09e816b03eab3eadb7e7bec,entity-governmentagency-5ea3493ef75278bdf8c2,sec-litigation-releases,U.S. Securities and Exchange Commission — Litigation Releases,https://www.sec.gov/files/litigation/litreleases/2026/judg26537.pdf,2026-07-11T12:51:11.789Z,2026-07-11T12:51:11.789Z,A,established-wrongdoing,The cited record names U.S. Securities and Exchange Commission.,"A textual mention does not establish guilt, control, ownership, payment, coordination or any other substantive relationship.",machine-extracted-unreviewed,organisation-suffix-regex,0.67
relationship-02e4ff089fda6af4560b,mentions,finding-b1b23ce406d595f69cad6128,entity-governmentagency-59f7062a018039d4dcb6,doj-oig-reports,U.S. Department of Justice Office of Inspector General — Reports,https://oig.justice.gov/reports/audit-office-justice-programs-victim-assistance-grants-awarded-executive-office-state,2026-07-11T12:51:11.789Z,2026-07-11T12:51:11.789Z,A,official-audit-finding,The cited record names Audit of the Office.,"A textual mention does not establish guilt, control, ownership, payment, coordination or any other substantive relationship.",machine-extracted-unreviewed,organisation-suffix-regex,0.67
relationship-7b2f59609aabb5bf3603,mentions,finding-b1b23ce406d595f69cad6128,entity-governmentagency-fee7b16a2ca2255d3316,doj-oig-reports,U.S. Department of Justice Office of Inspector General — Reports,https://oig.justice.gov/reports/audit-office-justice-programs-victim-assistance-grants-awarded-executive-office-state,2026-07-11T12:51:11.789Z,2026-07-11T12:51:11.789Z,A,official-audit-finding,The cited record names Executive Office.,"A textual mention does not establish guilt, control, ownership, payment, coordination or any other substantive relationship.",machine-extracted-unreviewed,organisation-suffix-regex,0.67
relationship-1b046ad00f844e4d1122,mentions,finding-b2440144f917a2ad008b8101,entity-governmentagency-7a08bc86d620fdaaea95,doj-justice-news,U.S. Department of Justice — Justice News,https://www.justice.gov/news,2026-07-11T12:51:11.789Z,2026-07-11T12:51:11.789Z,B,record-update,The cited record names The U.S. Department.,"A textual mention does not establish guilt, control, ownership, payment, coordination or any other substantive relationship.",machine-extracted-unreviewed,organisation-suffix-regex,0.67
relationship-e277bca566de43aae1b1,mentions,finding-b24fb3934b86cd9e0cac1fa0,entity-company-e96013d23ed31c94275d,federal-register-latest,Federal Register — Latest Documents,https://www.federalregister.gov/documents/2026/07/13/2026-14016/self-regulatory-organizations-ice-clear-credit-llc-notice-of-filing-and-immediate-effectiveness-of,2026-07-13T00:00:00.000Z,2026-07-11T12:51:11.789Z,B,record-update,The cited record names ICE Clear Credit LLC.,"A textual mention does not establish guilt, control, ownership, payment, coordination or any other substantive relationship.",machine-extracted-unreviewed,company-suffix-regex,0.72
relationship-ad70b3625826f0eadd26,mentions,finding-b24fb3934b86cd9e0cac1fa0,entity-governmentagency-db1ac5f1b68339b741a3,federal-register-latest,Federal Register — Latest Documents,https://www.federalregister.gov/documents/2026/07/13/2026-14016/self-regulatory-organizations-ice-clear-credit-llc-notice-of-filing-and-immediate-effectiveness-of,2026-07-13T00:00:00.000Z,2026-07-11T12:51:11.789Z,B,record-update,The cited record names ICC's Fee Schedule Securities and Exchange Commission.,"A textual mention does not establish guilt, control, ownership, payment, coordination or any other substantive relationship.",machine-extracted-unreviewed,organisation-suffix-regex,0.67
relationship-2bf7248936ba77c7714d,mentions,finding-b24fb3934b86cd9e0cac1fa0,entity-legalauthority-72771a7dbe930384ff67,federal-register-latest,Federal Register — Latest Documents,https://www.federalregister.gov/documents/2026/07/13/2026-14016/self-regulatory-organizations-ice-clear-credit-llc-notice-of-filing-and-immediate-effectiveness-of,2026-07-13T00:00:00.000Z,2026-07-11T12:51:11.789Z,B,record-update,The cited record names Filing and Immediate Effectiveness of Proposed Rule.,"A textual mention does not establish guilt, control, ownership, payment, coordination or any other substantive relationship.",machine-extracted-unreviewed,legal-authority-regex,0.64
relationship-bd9870a7f8ccb159470a,mentions,finding-b2cb16391dbfb1e40f62a083,entity-governmentagency-5ea3493ef75278bdf8c2,sec-litigation-releases,U.S. Securities and Exchange Commission — Litigation Releases,https://www.sec.gov/files/litigation/litreleases/2026/consents26554-gadani.pdf,2026-07-11T12:51:11.789Z,2026-07-11T12:51:11.789Z,A,established-wrongdoing,The cited record names U.S. Securities and Exchange Commission.,"A textual mention does not establish guilt, control, ownership, payment, coordination or any other substantive relationship.",machine-extracted-unreviewed,organisation-suffix-regex,0.67
relationship-cb7dd182813b8693f7be,mentions,finding-b30fb05c0fa8ac9fee254bc3,entity-governmentagency-076bd64ce444d608be5f,usaspending-recent-contracts,USAspending.gov — Recent Contract Awards,https://www.usaspending.gov/award/HC101326FB625,2026-07-13T00:00:00.000Z,2026-07-11T12:51:11.789Z,B,record-update,The cited record names Defense Information Systems Agency.,"A textual mention does not establish guilt, control, ownership, payment, coordination or any other substantive relationship.",machine-extracted-unreviewed,organisation-suffix-regex,0.67
relationship-a292e1c8253c28ed5ba6,mentions,finding-b366acffac66d5799cabb29e,entity-governmentagency-5124abc8e7ea841d1aa8,federal-register-latest,Federal Register — Latest Documents,https://www.federalregister.gov/documents/2026/07/13/2026-14075/commission-information-collection-activities-ferc-521-comment-request-extension,2026-07-13T00:00:00.000Z,2026-07-11T12:51:11.789Z,B,record-update,The cited record names Federal Energy Regulatory Commission.,"A textual mention does not establish guilt, control, ownership, payment, coordination or any other substantive relationship.",machine-extracted-unreviewed,organisation-suffix-regex,0.67
relationship-3c592ec8609ac0e95411,mentions,finding-b366acffac66d5799cabb29e,entity-legalauthority-1c5d71bcc349dace0df2,federal-register-latest,Federal Register — Latest Documents,https://www.federalregister.gov/documents/2026/07/13/2026-14075/commission-information-collection-activities-ferc-521-comment-request-extension,2026-07-13T00:00:00.000Z,2026-07-11T12:51:11.789Z,B,record-update,The cited record names Paperwork Reduction Act.,"A textual mention does not establish guilt, control, ownership, payment, coordination or any other substantive relationship.",machine-extracted-unreviewed,legal-authority-regex,0.64
relationship-2fc181d63b43c888e505,mentions,finding-b36c021a9534424e131e8f14,entity-governmentagency-5ea3493ef75278bdf8c2,sec-litigation-releases,U.S. Securities and Exchange Commission — Litigation Releases,https://www.sec.gov/files/litigation/litreleases/2026/judg26566.pdf,2026-07-11T12:51:11.789Z,2026-07-11T12:51:11.789Z,B,record-update,The cited record names U.S. Securities and Exchange Commission.,"A textual mention does not establish guilt, control, ownership, payment, coordination or any other substantive relationship.",machine-extracted-unreviewed,organisation-suffix-regex,0.67
relationship-28d45ed34a780ac15ca4,mentions,finding-b3814745bfa66f3d1a8a833e,entity-governmentagency-5ea3493ef75278bdf8c2,sec-litigation-releases,U.S. Securities and Exchange Commission — Litigation Releases,https://www.sec.gov/files/litigation/litreleases/2026/judg26543.pdf,2026-07-11T12:51:11.789Z,2026-07-11T12:51:11.789Z,A,established-wrongdoing,The cited record names U.S. Securities and Exchange Commission.,"A textual mention does not establish guilt, control, ownership, payment, coordination or any other substantive relationship.",machine-extracted-unreviewed,organisation-suffix-regex,0.67
relationship-4195a001ba934f9080ad,mentions,finding-b3da1d0797a1b7d1fbb0773b,entity-governmentagency-5ea3493ef75278bdf8c2,sec-litigation-releases,U.S. Securities and Exchange Commission — Litigation Releases,https://www.sec.gov/files/litigation/litreleases/2026/judg26576.pdf,2026-07-11T12:51:11.789Z,2026-07-11T12:51:11.789Z,A,established-wrongdoing,The cited record names U.S. Securities and Exchange Commission.,"A textual mention does not establish guilt, control, ownership, payment, coordination or any other substantive relationship.",machine-extracted-unreviewed,organisation-suffix-regex,0.67
relationship-938cce039a992969860b,mentions,finding-b4d03b1ddc5dfe58d7fd652e,entity-governmentagency-6acdd63fe72ee7397259,doj-epstein-disclosures,U.S. Department of Justice — Epstein Disclosures,https://www.justice.gov/epstein/doj-disclosures/court-records-matter-estate-jeffrey-e-epstein-deceased-no-st-21-rv-00005-vi-super-ct-2021,2026-07-11T12:51:11.789Z,2026-07-11T12:51:11.789Z,B,record-update,The cited record names United States Department.,"A textual mention does not establish guilt, control, ownership, payment, coordination or any other substantive relationship.",machine-extracted-unreviewed,organisation-suffix-regex,0.67
relationship-4dfc105d92198202d036,mentions,finding-b5ba07258bfb23b39e7489ed,entity-governmentagency-f85781eb4fbd28e338bb,usaspending-recent-contracts,USAspending.gov — Recent Contract Awards,https://www.usaspending.gov/award/GS05P13SAC0022,2013-08-15T00:00:00.000Z,2026-07-11T12:51:11.789Z,B,record-update,The cited record names General Services Administration.,"A textual mention does not establish guilt, control, ownership, payment, coordination or any other substantive relationship.",machine-extracted-unreviewed,organisation-suffix-regex,0.67
relationship-2cabb0e2655218acaedc,mentions,finding-b5ba07258bfb23b39e7489ed,entity-organization-9c4bf552dfca829f76ac,usaspending-recent-contracts,USAspending.gov — Recent Contract Awards,https://www.usaspending.gov/award/GS05P13SAC0022,2013-08-15T00:00:00.000Z,2026-07-11T12:51:11.789Z,B,record-update,The cited record names Public Buildings Service.,"A textual mention does not establish guilt, control, ownership, payment, coordination or any other substantive relationship.",machine-extracted-unreviewed,organisation-suffix-regex,0.67
relationship-f940f1129f6499db1768,mentions,finding-b60d456b9c61cee06f6603ce,entity-governmentagency-5ea3493ef75278bdf8c2,sec-litigation-releases,U.S. Securities and Exchange Commission — Litigation Releases,https://www.sec.gov/files/litigation/litreleases/2026/judg26500-hao.pdf,2026-07-11T12:51:11.789Z,2026-07-11T12:51:11.789Z,A,established-wrongdoing,The cited record names U.S. Securities and Exchange Commission.,"A textual mention does not establish guilt, control, ownership, payment, coordination or any other substantive relationship.",machine-extracted-unreviewed,organisation-suffix-regex,0.67
relationship-ada6ec12c7996c5510cf,mentions,finding-b6686e1a92c6c321224f2ba6,entity-governmentagency-5ea3493ef75278bdf8c2,sec-litigation-releases,U.S. Securities and Exchange Commission — Litigation Releases,https://www.sec.gov/files/litigation/litreleases/2026/judg26582-mark-jacobs.pdf,2026-07-11T12:51:11.789Z,2026-07-11T12:51:11.789Z,B,record-update,The cited record names U.S. Securities and Exchange Commission.,"A textual mention does not establish guilt, control, ownership, payment, coordination or any other substantive relationship.",machine-extracted-unreviewed,organisation-suffix-regex,0.67
relationship-9b7e192e562df7b84088,mentions,finding-b6cea3e082955199ac1ce775,entity-governmentagency-6acdd63fe72ee7397259,doj-epstein-disclosures,U.S. Department of Justice — Epstein Disclosures,https://www.justice.gov/epstein/doj-disclosures/data-set-2-files,2026-07-11T12:51:11.789Z,2026-07-11T12:51:11.789Z,B,document-release,The cited record names United States Department.,"A textual mention does not establish guilt, control, ownership, payment, coordination or any other substantive relationship.",machine-extracted-unreviewed,organisation-suffix-regex,0.67
relationship-0a92d0613789640905ab,mentions,finding-b6ffa72678720ed7406ccfa3,entity-governmentagency-6acdd63fe72ee7397259,doj-epstein-disclosures,U.S. Department of Justice — Epstein Disclosures,https://www.justice.gov/epstein/doj-disclosures/court-records-united-states-v-maxwell-no-120-mj-00132-dnh-2020,2026-07-11T12:51:11.789Z,2026-07-11T12:51:11.789Z,B,record-update,The cited record names United States Department.,"A textual mention does not establish guilt, control, ownership, payment, coordination or any other substantive relationship.",machine-extracted-unreviewed,organisation-suffix-regex,0.67
relationship-a5c1fe8e68aeddaddaeb,mentions,finding-b70fb84105b16d3cce48424f,entity-governmentagency-20ae5856347ec248b392,federal-register-latest,Federal Register — Latest Documents,https://www.federalregister.gov/documents/2026/07/13/2026-14084/loan-guaranty-federal-civil-penalties-inflation-adjustment-act-amendments,2026-07-13T00:00:00.000Z,2026-07-11T12:51:11.789Z,B,record-update,The cited record names Federal Civil Penalties Inflation Adjustment Act Amendments The Department.,"A textual mention does not establish guilt, control, ownership, payment, coordination or any other substantive relationship.",machine-extracted-unreviewed,organisation-suffix-regex,0.67
relationship-ac7e0354101030890763,mentions,finding-b70fb84105b16d3cce48424f,entity-legalauthority-72fe0a9bff7b33d24927,federal-register-latest,Federal Register — Latest Documents,https://www.federalregister.gov/documents/2026/07/13/2026-14084/loan-guaranty-federal-civil-penalties-inflation-adjustment-act-amendments,2026-07-13T00:00:00.000Z,2026-07-11T12:51:11.789Z,B,record-update,The cited record names Federal Civil Penalties Inflation Adjustment Act.,"A textual mention does not establish guilt, control, ownership, payment, coordination or any other substantive relationship.",machine-extracted-unreviewed,legal-authority-regex,0.64
relationship-0d3bbe8098b43a5f02c6,mentions,finding-b70fb84105b16d3cce48424f,entity-legalauthority-8f3e001bdc52b85225d6,federal-register-latest,Federal Register — Latest Documents,https://www.federalregister.gov/documents/2026/07/13/2026-14084/loan-guaranty-federal-civil-penalties-inflation-adjustment-act-amendments,2026-07-13T00:00:00.000Z,2026-07-11T12:51:11.789Z,B,record-update,The cited record names Federal Civil Penalties Inflation Adjustment Act Improvements Act.,"A textual mention does not establish guilt, control, ownership, payment, coordination or any other substantive relationship.",machine-extracted-unreviewed,legal-authority-regex,0.64
relationship-ba8089adbad11c3f2fe8,mentions,finding-b7a93a6cd63a6b0dd30cb633,entity-governmentagency-6acdd63fe72ee7397259,wikileaks-publications,WikiLeaks — Publications,https://wikileaks.org//detaineepolicies,2026-07-11T12:51:11.789Z,2026-07-11T12:51:11.789Z,C,leak-or-document-lead,The cited record names United States Department.,"A textual mention does not establish guilt, control, ownership, payment, coordination or any other substantive relationship.",machine-extracted-unreviewed,organisation-suffix-regex,0.67
relationship-345305b3c47da665678e,mentions,finding-b840483ae8dba96591078d91,entity-organization-7ab2ff51b471e85f4c62,usaspending-recent-contracts,USAspending.gov — Recent Contract Awards,https://www.usaspending.gov/award/HHSI244201700015A,2017-05-31T00:00:00.000Z,2026-07-11T12:51:11.789Z,B,record-update,The cited record names Indian Health Service.,"A textual mention does not establish guilt, control, ownership, payment, coordination or any other substantive relationship.",machine-extracted-unreviewed,organisation-suffix-regex,0.67
relationship-10403f7b276dc2e0a346,mentions,finding-b840483ae8dba96591078d91,payment-8cd1ca04ca596699c04f,usaspending-recent-contracts,USAspending.gov — Recent Contract Awards,https://www.usaspending.gov/award/HHSI244201700015A,2017-05-31T00:00:00.000Z,2026-07-11T12:51:11.789Z,B,record-update,"The cited record names $480,000.00 money event.","A textual mention does not establish guilt, control, ownership, payment, coordination or any other substantive relationship.",machine-extracted-unreviewed,money-regex,0.78
relationship-84b78a8095db88cbf876,mentions,finding-b840483ae8dba96591078d91,payment-fb3bc819201edd60b28b,usaspending-recent-contracts,USAspending.gov — Recent Contract Awards,https://www.usaspending.gov/award/HHSI244201700015A,2017-05-31T00:00:00.000Z,2026-07-11T12:51:11.789Z,B,record-update,"The cited record names $40,000.00 money event.","A textual mention does not establish guilt, control, ownership, payment, coordination or any other substantive relationship.",machine-extracted-unreviewed,money-regex,0.78
relationship-ea189c5700bb61c9a265,mentions,finding-b91b77270a2f7be8683efd70,entity-contractor-fcfb64a26d262330e3e1,usaspending-recent-contracts,USAspending.gov — Recent Contract Awards,https://www.usaspending.gov/award/EPG17H00966,2017-05-02T00:00:00.000Z,2026-07-11T12:51:11.789Z,B,record-update,The cited record names ADVANTAGE LEASING ASSOCIATES LLC.,"A textual mention does not establish guilt, control, ownership, payment, coordination or any other substantive relationship.",machine-extracted-unreviewed,company-suffix-regex,0.72
relationship-457ad6ba292c82da12da,mentions,finding-b91b77270a2f7be8683efd70,entity-governmentagency-c947785346b89825635a,usaspending-recent-contracts,USAspending.gov — Recent Contract Awards,https://www.usaspending.gov/award/EPG17H00966,2017-05-02T00:00:00.000Z,2026-07-11T12:51:11.789Z,B,record-update,The cited record names Environmental Protection Agency.,"A textual mention does not establish guilt, control, ownership, payment, coordination or any other substantive relationship.",machine-extracted-unreviewed,organisation-suffix-regex,0.67
relationship-20ff88ad6585a7cd270c,mentions,finding-b91b77270a2f7be8683efd70,payment-bf438b2a991c246eef34,usaspending-recent-contracts,USAspending.gov — Recent Contract Awards,https://www.usaspending.gov/award/EPG17H00966,2017-05-02T00:00:00.000Z,2026-07-11T12:51:11.789Z,B,record-update,The cited record names $0.18 money event.,"A textual mention does not establish guilt, control, ownership, payment, coordination or any other substantive relationship.",machine-extracted-unreviewed,money-regex,0.78
relationship-ae20d1a3275f1b7b22b1,mentions,finding-bb04a6ef4379646f9cb5de90,entity-company-2a9655b7e7af2a2280ae,federal-register-latest,Federal Register — Latest Documents,https://www.federalregister.gov/documents/2026/07/13/2026-14030/wooden-cabinets-and-vanities-and-components-thereof-from-the-peoples-republic-of-china-preliminary,2026-07-13T00:00:00.000Z,2026-07-11T12:51:11.789Z,B,record-update,The cited record names Yixing Pengjia Technology Co.,"A textual mention does not establish guilt, control, ownership, payment, coordination or any other substantive relationship.",machine-extracted-unreviewed,company-suffix-regex,0.72
relationship-cc09e076241541cc140f,mentions,finding-bb04a6ef4379646f9cb5de90,entity-governmentagency-7a08bc86d620fdaaea95,federal-register-latest,Federal Register — Latest Documents,https://www.federalregister.gov/documents/2026/07/13/2026-14030/wooden-cabinets-and-vanities-and-components-thereof-from-the-peoples-republic-of-china-preliminary,2026-07-13T00:00:00.000Z,2026-07-11T12:51:11.789Z,B,record-update,The cited record names The U.S. Department.,"A textual mention does not establish guilt, control, ownership, payment, coordination or any other substantive relationship.",machine-extracted-unreviewed,organisation-suffix-regex,0.67
relationship-aebb5e6a177a9a2534cf,mentions,finding-bbea9900cdc5b0301822293c,entity-organization-3c390d2c6e0a25a44be6,treasury-ofac-recent-actions,U.S. Treasury OFAC — Recent Actions,https://ofac.treasury.gov/sanctions-list-service,2026-07-11T12:51:11.789Z,2026-07-11T12:51:11.789Z,A,official-enforcement,The cited record names Sanctions List Service.,"A textual mention does not establish guilt, control, ownership, payment, coordination or any other substantive relationship.",machine-extracted-unreviewed,organisation-suffix-regex,0.67
relationship-7f9158e70fbe2d1d40bc,mentions,finding-bbfc64a571405fe6c95d8632,entity-governmentagency-f51b169fda2820099741,federal-register-latest,Federal Register — Latest Documents,https://www.federalregister.gov/documents/2026/07/13/2026-14073/drug-establishment-registration-and-drug-listing-requirements-for-establishments-engaged-in,2026-07-13T00:00:00.000Z,2026-07-11T12:51:11.789Z,B,record-update,The cited record names Manufacturing and Certain Foreign Establishments The Food and Drug Administration.,"A textual mention does not establish guilt, control, ownership, payment, coordination or any other substantive relationship.",machine-extracted-unreviewed,organisation-suffix-regex,0.67
relationship-2613104766bcf7c94775,mentions,finding-bc9883db1469a0da18e34135,entity-governmentagency-7a08bc86d620fdaaea95,federal-register-latest,Federal Register — Latest Documents,https://www.federalregister.gov/documents/2026/07/13/2026-14020/common-alloy-aluminum-sheet-from-the-kingdom-of-bahrain-preliminary-results-of-antidumping-duty,2026-07-13T00:00:00.000Z,2026-07-11T12:51:11.789Z,B,record-update,The cited record names The U.S. Department.,"A textual mention does not establish guilt, control, ownership, payment, coordination or any other substantive relationship.",machine-extracted-unreviewed,organisation-suffix-regex,0.67
relationship-08ac8334ad7daa1545fe,mentions,finding-bc99b6b43afe4b9c4222d1b4,entity-governmentagency-6af1ecff21c09e5a6dc6,federal-register-latest,Federal Register — Latest Documents,https://www.federalregister.gov/documents/2026/07/13/2026-14032/self-regulatory-organizations-cboe-exchange-inc-notice-of-filing-and-immediate-effectiveness-of-a,2026-07-13T00:00:00.000Z,2026-07-11T12:51:11.789Z,B,record-update,The cited record names Clarify Language Regarding Certain Free Trials Securities and Exchange Commission.,"A textual mention does not establish guilt, control, ownership, payment, coordination or any other substantive relationship.",machine-extracted-unreviewed,organisation-suffix-regex,0.67
relationship-7be4bf4d088e50788f38,mentions,finding-bc99b6b43afe4b9c4222d1b4,entity-legalauthority-ed13e501648b89f945aa,federal-register-latest,Federal Register — Latest Documents,https://www.federalregister.gov/documents/2026/07/13/2026-14032/self-regulatory-organizations-cboe-exchange-inc-notice-of-filing-and-immediate-effectiveness-of-a,2026-07-13T00:00:00.000Z,2026-07-11T12:51:11.789Z,B,record-update,The cited record names Proposed Rule.,"A textual mention does not establish guilt, control, ownership, payment, coordination or any other substantive relationship.",machine-extracted-unreviewed,legal-authority-regex,0.64
relationship-bd8921d7e78fa7f75b4e,mentions,finding-bcd16861ddee1a6a114900fc,entity-governmentagency-5ea3493ef75278bdf8c2,sec-litigation-releases,U.S. Securities and Exchange Commission — Litigation Releases,https://www.sec.gov/files/litigation/litreleases/2026/judg26489-waugh.pdf,2026-07-11T12:51:11.789Z,2026-07-11T12:51:11.789Z,A,established-wrongdoing,The cited record names U.S. Securities and Exchange Commission.,"A textual mention does not establish guilt, control, ownership, payment, coordination or any other substantive relationship.",machine-extracted-unreviewed,organisation-suffix-regex,0.67
relationship-a316e33e1ffeebc0f215,mentions,finding-bcd3e2651586b44f296b1ef1,entity-organization-6e2bcb1596622dbd13b0,usaspending-recent-contracts,USAspending.gov — Recent Contract Awards,https://www.usaspending.gov/award/95315824C00011,2024-09-23T00:00:00.000Z,2026-07-11T12:51:11.789Z,B,record-update,The cited record names United States Chemical Safety Board.,"A textual mention does not establish guilt, control, ownership, payment, coordination or any other substantive relationship.",machine-extracted-unreviewed,organisation-suffix-regex,0.67
relationship-99243d208579a42dd7ce,mentions,finding-be650c5fb982d24e1b30cdca,entity-governmentagency-6727846bb16c07b7fcfe,doj-epstein-disclosures,U.S. Department of Justice — Epstein Disclosures,http://www.facebook.com/sharer/sharer.php?u=https://www.justice.gov/epstein/doj-disclosures,2026-07-11T12:51:11.789Z,2026-07-11T12:51:11.789Z,B,record-update,The cited record names Facebook Department.,"A textual mention does not establish guilt, control, ownership, payment, coordination or any other substantive relationship.",machine-extracted-unreviewed,organisation-suffix-regex,0.67
relationship-7fae1b5674025ca56e00,mentions,finding-be650c5fb982d24e1b30cdca,entity-governmentagency-6acdd63fe72ee7397259,doj-epstein-disclosures,U.S. Department of Justice — Epstein Disclosures,http://www.facebook.com/sharer/sharer.php?u=https://www.justice.gov/epstein/doj-disclosures,2026-07-11T12:51:11.789Z,2026-07-11T12:51:11.789Z,B,record-update,The cited record names United States Department.,"A textual mention does not establish guilt, control, ownership, payment, coordination or any other substantive relationship.",machine-extracted-unreviewed,organisation-suffix-regex,0.67
relationship-e2b2c3e12d9c879b1899,mentions,finding-bf283547c6adf0f566617d3a,entity-legalauthority-1c5d71bcc349dace0df2,federal-register-latest,Federal Register — Latest Documents,https://www.federalregister.gov/documents/2026/07/10/2026-13994/agency-information-collection-activities-comment-request-on-revenue-procedure-2014-49,2026-07-10T00:00:00.000Z,2026-07-11T12:51:11.789Z,B,record-update,The cited record names Paperwork Reduction Act.,"A textual mention does not establish guilt, control, ownership, payment, coordination or any other substantive relationship.",machine-extracted-unreviewed,legal-authority-regex,0.64
relationship-7a57538ad231a6e6ed8e,mentions,finding-bf3f50a41eaf993c7bf35ff0,entity-company-679162bc191c2d02f381,sec-litigation-releases,U.S. Securities and Exchange Commission — Litigation Releases,https://www.sec.gov/files/litigation/litreleases/2026/judg26549-daveglo.pdf,2026-07-11T12:51:11.789Z,2026-07-11T12:51:11.789Z,A,established-wrongdoing,The cited record names DaveGlo Investment Group.,"A textual mention does not establish guilt, control, ownership, payment, coordination or any other substantive relationship.",machine-extracted-unreviewed,company-suffix-regex,0.72
relationship-5c32c338150efced49e9,mentions,finding-bf3f50a41eaf993c7bf35ff0,entity-governmentagency-5ea3493ef75278bdf8c2,sec-litigation-releases,U.S. Securities and Exchange Commission — Litigation Releases,https://www.sec.gov/files/litigation/litreleases/2026/judg26549-daveglo.pdf,2026-07-11T12:51:11.789Z,2026-07-11T12:51:11.789Z,A,established-wrongdoing,The cited record names U.S. Securities and Exchange Commission.,"A textual mention does not establish guilt, control, ownership, payment, coordination or any other substantive relationship.",machine-extracted-unreviewed,organisation-suffix-regex,0.67
relationship-22f1acf2b1e4113749a9,mentions,finding-c022c6c16732bb0ad1abc191,entity-governmentagency-6acdd63fe72ee7397259,doj-epstein-disclosures,U.S. Department of Justice — Epstein Disclosures,https://www.justice.gov/epstein/doj-disclosures/court-records-doe-no-102-v-epstein-no-909-cv-80656-sd-fla-2009,2026-07-11T12:51:11.789Z,2026-07-11T12:51:11.789Z,B,record-update,The cited record names United States Department.,"A textual mention does not establish guilt, control, ownership, payment, coordination or any other substantive relationship.",machine-extracted-unreviewed,organisation-suffix-regex,0.67
relationship-ef1b8654d76942e0dd42,mentions,finding-c29233035ad81a92c3f6f754,entity-governmentagency-5ea3493ef75278bdf8c2,sec-litigation-releases,U.S. Securities and Exchange Commission — Litigation Releases,https://www.sec.gov/files/litigation/litreleases/2026/judg26489-lewis.pdf,2026-07-11T12:51:11.789Z,2026-07-11T12:51:11.789Z,A,established-wrongdoing,The cited record names U.S. Securities and Exchange Commission.,"A textual mention does not establish guilt, control, ownership, payment, coordination or any other substantive relationship.",machine-extracted-unreviewed,organisation-suffix-regex,0.67
relationship-6948bf9536f72e0e342f,mentions,finding-c3035e8d91c66b2d79f49d5e,entity-governmentagency-39dfca047304c24eb3b9,federal-register-latest,Federal Register — Latest Documents,https://www.federalregister.gov/documents/2026/07/13/2026-14074/new-agency-information-collection-activity-under-omb-review-insider-threat-incident-reporting-tool,2026-07-13T00:00:00.000Z,2026-07-11T12:51:11.789Z,B,record-update,The cited record names Transportation Security Administration.,"A textual mention does not establish guilt, control, ownership, payment, coordination or any other substantive relationship.",machine-extracted-unreviewed,organisation-suffix-regex,0.67
relationship-a595e4603b5ebb4e8a7f,mentions,finding-c3035e8d91c66b2d79f49d5e,entity-governmentagency-a3fbd04c211e50ec226c,federal-register-latest,Federal Register — Latest Documents,https://www.federalregister.gov/documents/2026/07/13/2026-14074/new-agency-information-collection-activity-under-omb-review-insider-threat-incident-reporting-tool,2026-07-13T00:00:00.000Z,2026-07-11T12:51:11.789Z,B,record-update,The cited record names New Agency.,"A textual mention does not establish guilt, control, ownership, payment, coordination or any other substantive relationship.",machine-extracted-unreviewed,organisation-suffix-regex,0.67
relationship-b708b34bb12587a7d999,mentions,finding-c3035e8d91c66b2d79f49d5e,entity-legalauthority-1c5d71bcc349dace0df2,federal-register-latest,Federal Register — Latest Documents,https://www.federalregister.gov/documents/2026/07/13/2026-14074/new-agency-information-collection-activity-under-omb-review-insider-threat-incident-reporting-tool,2026-07-13T00:00:00.000Z,2026-07-11T12:51:11.789Z,B,record-update,The cited record names Paperwork Reduction Act.,"A textual mention does not establish guilt, control, ownership, payment, coordination or any other substantive relationship.",machine-extracted-unreviewed,legal-authority-regex,0.64
relationship-bcebfb20b28c03d6a18e,mentions,finding-c352a671bc2ccedcb3b119b4,entity-contractor-99317e3ca3385501d531,usaspending-recent-contracts,USAspending.gov — Recent Contract Awards,https://www.usaspending.gov/award/95332426F0039,2026-05-05T00:00:00.000Z,2026-07-11T12:51:11.789Z,B,record-update,The cited record names LIMESTONE ANALYTICS LLC.,"A textual mention does not establish guilt, control, ownership, payment, coordination or any other substantive relationship.",machine-extracted-unreviewed,company-suffix-regex,0.72
relationship-be9d8e0175ea86f3154d,mentions,finding-c352a671bc2ccedcb3b119b4,entity-contractor-c8300b37dec6e556e8ce,usaspending-recent-contracts,USAspending.gov — Recent Contract Awards,https://www.usaspending.gov/award/95332426F0039,2026-05-05T00:00:00.000Z,2026-07-11T12:51:11.789Z,B,record-update,The cited record names Millennium Challenge Corporation.,"A textual mention does not establish guilt, control, ownership, payment, coordination or any other substantive relationship.",machine-extracted-unreviewed,company-suffix-regex,0.72
relationship-1e0bddaaa985ebe849f6,mentions,finding-c3ef92932cc4201392c7d30e,entity-governmentagency-5124abc8e7ea841d1aa8,usaspending-recent-contracts,USAspending.gov — Recent Contract Awards,https://www.usaspending.gov/award/89603026F0033,2026-07-24T00:00:00.000Z,2026-07-11T12:51:11.789Z,B,record-update,The cited record names Federal Energy Regulatory Commission.,"A textual mention does not establish guilt, control, ownership, payment, coordination or any other substantive relationship.",machine-extracted-unreviewed,organisation-suffix-regex,0.67
relationship-2d1618a2bf44082cae6f,mentions,finding-c465a503b00cfc994561363b,entity-governmentagency-5ea3493ef75278bdf8c2,sec-litigation-releases,U.S. Securities and Exchange Commission — Litigation Releases,https://www.sec.gov/files/litigation/litreleases/2026/judg26545-treusch.pdf,2026-07-11T12:51:11.789Z,2026-07-11T12:51:11.789Z,A,established-wrongdoing,The cited record names U.S. Securities and Exchange Commission.,"A textual mention does not establish guilt, control, ownership, payment, coordination or any other substantive relationship.",machine-extracted-unreviewed,organisation-suffix-regex,0.67
relationship-39b26fef5aaac8b7f8b8,mentions,finding-c4ee564de0e039915acf5e26,entity-legalauthority-1c5d71bcc349dace0df2,federal-register-latest,Federal Register — Latest Documents,https://www.federalregister.gov/documents/2026/07/13/2026-14053/agency-information-collection-activities-comment-request-public-service-loan-forgiveness-pslf-and,2026-07-13T00:00:00.000Z,2026-07-11T12:51:11.789Z,B,record-update,The cited record names Paperwork Reduction Act.,"A textual mention does not establish guilt, control, ownership, payment, coordination or any other substantive relationship.",machine-extracted-unreviewed,legal-authority-regex,0.64
relationship-f949bf19f7be34ce9d02,mentions,finding-c4ee564de0e039915acf5e26,entity-organization-4ceb25fbbfc839bb8820,federal-register-latest,Federal Register — Latest Documents,https://www.federalregister.gov/documents/2026/07/13/2026-14053/agency-information-collection-activities-comment-request-public-service-loan-forgiveness-pslf-and,2026-07-13T00:00:00.000Z,2026-07-11T12:51:11.789Z,B,record-update,The cited record names Public Service.,"A textual mention does not establish guilt, control, ownership, payment, coordination or any other substantive relationship.",machine-extracted-unreviewed,organisation-suffix-regex,0.67
relationship-f7d53ccbe4b231b0e845,mentions,finding-c5d436be00ce3c88937f47ae,entity-contractor-c436a50a7553a54d6c41,usaspending-recent-contracts,USAspending.gov — Recent Contract Awards,https://www.usaspending.gov/award/91990025F0015,2025-02-19T00:00:00.000Z,2026-07-11T12:51:11.789Z,B,record-update,The cited record names TACTILE DESIGN GROUP LLC.,"A textual mention does not establish guilt, control, ownership, payment, coordination or any other substantive relationship.",machine-extracted-unreviewed,company-suffix-regex,0.72
relationship-6d3eba9d9384141c8523,mentions,finding-c5f5b8ef0fa17a3fcbd4f46c,entity-governmentagency-a5ca68249597117c8784,usaspending-recent-contracts,USAspending.gov — Recent Contract Awards,https://www.usaspending.gov/award/DTRT5717P80026,2017-01-01T00:00:00.000Z,2026-07-11T12:51:11.789Z,B,record-update,The cited record names Immediate Office.,"A textual mention does not establish guilt, control, ownership, payment, coordination or any other substantive relationship.",machine-extracted-unreviewed,organisation-suffix-regex,0.67
relationship-e04ac4fa6dc560190513,mentions,finding-c6cf2744d8a41c539fe8872e,entity-governmentagency-5ea3493ef75278bdf8c2,sec-litigation-releases,U.S. Securities and Exchange Commission — Litigation Releases,https://www.sec.gov/files/litigation/litreleases/2026/judg26545-flagg.pdf,2026-07-11T12:51:11.789Z,2026-07-11T12:51:11.789Z,A,established-wrongdoing,The cited record names U.S. Securities and Exchange Commission.,"A textual mention does not establish guilt, control, ownership, payment, coordination or any other substantive relationship.",machine-extracted-unreviewed,organisation-suffix-regex,0.67
relationship-1676a191072ae1c9331f,mentions,finding-c6d54a0c85660b01489f2154,entity-governmentagency-5ea3493ef75278bdf8c2,sec-litigation-releases,U.S. Securities and Exchange Commission — Litigation Releases,https://www.sec.gov/files/litigation/litreleases/2026/judg26489-carter.pdf,2026-07-11T12:51:11.789Z,2026-07-11T12:51:11.789Z,A,established-wrongdoing,The cited record names U.S. Securities and Exchange Commission.,"A textual mention does not establish guilt, control, ownership, payment, coordination or any other substantive relationship.",machine-extracted-unreviewed,organisation-suffix-regex,0.67
relationship-f95041902ab997a5e074,mentions,finding-c70f05bda21615ed2ded28a6,entity-governmentagency-7a08bc86d620fdaaea95,federal-register-latest,Federal Register — Latest Documents,https://www.federalregister.gov/documents/2026/07/13/2026-14022/common-alloy-aluminum-sheet-from-the-republic-of-trkiye-preliminary-results-of-the-antidumping-duty,2026-07-13T00:00:00.000Z,2026-07-11T12:51:11.789Z,B,record-update,The cited record names The U.S. Department.,"A textual mention does not establish guilt, control, ownership, payment, coordination or any other substantive relationship.",machine-extracted-unreviewed,organisation-suffix-regex,0.67
relationship-b40e1935db1fc42a48f1,mentions,finding-c764ac7e122509f3988f5529,entity-company-4236534939dc023c58ba,federal-register-latest,Federal Register — Latest Documents,https://www.federalregister.gov/documents/2026/07/13/2026-14078/oswego-hydro-partners-lp-notice-of-waiver-of-water-quality-certification,2026-07-13T00:00:00.000Z,2026-07-11T12:51:11.789Z,B,record-update,The cited record names Oswego Hydro Partners.,"A textual mention does not establish guilt, control, ownership, payment, coordination or any other substantive relationship.",machine-extracted-unreviewed,company-suffix-regex,0.72
relationship-497666c5e318a8e5e29a,mentions,finding-c764ac7e122509f3988f5529,entity-governmentagency-5124abc8e7ea841d1aa8,federal-register-latest,Federal Register — Latest Documents,https://www.federalregister.gov/documents/2026/07/13/2026-14078/oswego-hydro-partners-lp-notice-of-waiver-of-water-quality-certification,2026-07-13T00:00:00.000Z,2026-07-11T12:51:11.789Z,B,record-update,The cited record names Federal Energy Regulatory Commission.,"A textual mention does not establish guilt, control, ownership, payment, coordination or any other substantive relationship.",machine-extracted-unreviewed,organisation-suffix-regex,0.67
relationship-db4e00e5141a300174af,mentions,finding-c764ac7e122509f3988f5529,entity-governmentagency-8c8dd29d0fd60bc0c9e3,federal-register-latest,Federal Register — Latest Documents,https://www.federalregister.gov/documents/2026/07/13/2026-14078/oswego-hydro-partners-lp-notice-of-waiver-of-water-quality-certification,2026-07-13T00:00:00.000Z,2026-07-11T12:51:11.789Z,B,record-update,The cited record names Notice of Waiver of Water Quality Certification Energy Department.,"A textual mention does not establish guilt, control, ownership, payment, coordination or any other substantive relationship.",machine-extracted-unreviewed,organisation-suffix-regex,0.67
relationship-aed0ae8610da7c96ac19,mentions,finding-c79dfedc829c895d2877ff01,entity-governmentagency-797985e00599a69778e5,doj-oig-reports,U.S. Department of Justice Office of Inspector General — Reports,https://oig.justice.gov/reports/audit-office-justice-programs-bureau-justice-assistance-students-teachers-and-officers,2026-07-11T12:51:11.789Z,2026-07-11T12:51:11.789Z,A,official-audit-finding,The cited record names Audit of the Office of Justice Programs Bureau.,"A textual mention does not establish guilt, control, ownership, payment, coordination or any other substantive relationship.",machine-extracted-unreviewed,organisation-suffix-regex,0.67
relationship-1ac6cf6dd71a91444802,mentions,finding-c79dfedc829c895d2877ff01,entity-legalauthority-1c4fcacdd2a6a30060ed,doj-oig-reports,U.S. Department of Justice Office of Inspector General — Reports,https://oig.justice.gov/reports/audit-office-justice-programs-bureau-justice-assistance-students-teachers-and-officers,2026-07-11T12:51:11.789Z,2026-07-11T12:51:11.789Z,A,official-audit-finding,The cited record names Officers Preventing School Violence Act.,"A textual mention does not establish guilt, control, ownership, payment, coordination or any other substantive relationship.",machine-extracted-unreviewed,legal-authority-regex,0.64
relationship-ed33f20fa4824e215e9b,mentions,finding-c7b000c40da5dc2381fd5b79,entity-contractor-eda0de6807f976ec8d41,usaspending-recent-contracts,USAspending.gov — Recent Contract Awards,https://www.usaspending.gov/award/89503426PWA002323,2026-07-08T00:00:00.000Z,2026-07-11T12:51:11.789Z,B,record-update,The cited record names PHOENIX CONTRACTING LLC.,"A textual mention does not establish guilt, control, ownership, payment, coordination or any other substantive relationship.",machine-extracted-unreviewed,company-suffix-regex,0.72
relationship-d12938e6f3d163a88ab2,mentions,finding-c8e4e1d2769612936d0b77da,entity-governmentagency-5ea3493ef75278bdf8c2,sec-litigation-releases,U.S. Securities and Exchange Commission — Litigation Releases,https://www.sec.gov/files/litigation/litreleases/2026/judg26549-ortiz.pdf,2026-07-11T12:51:11.789Z,2026-07-11T12:51:11.789Z,A,established-wrongdoing,The cited record names U.S. Securities and Exchange Commission.,"A textual mention does not establish guilt, control, ownership, payment, coordination or any other substantive relationship.",machine-extracted-unreviewed,organisation-suffix-regex,0.67
relationship-ba8c7d29388b9cb44a28,mentions,finding-c9fd74c4a15e63931f1e9d31,entity-governmentagency-101c838f7a336bfe8e2a,federal-register-latest,Federal Register — Latest Documents,https://www.federalregister.gov/documents/2026/07/13/2026-14000/center-for-scientific-review-notice-of-closed-meetings,2026-07-13T00:00:00.000Z,2026-07-11T12:51:11.789Z,B,record-update,The cited record names Notice of Closed Meetings Health and Human Services Department.,"A textual mention does not establish guilt, control, ownership, payment, coordination or any other substantive relationship.",machine-extracted-unreviewed,organisation-suffix-regex,0.67
relationship-e936deae3e5dc68a3029,mentions,finding-ca33bf88016d7ecfa0bd27f2,entity-governmentagency-5ea3493ef75278bdf8c2,sec-litigation-releases,U.S. Securities and Exchange Commission — Litigation Releases,https://www.sec.gov/files/litigation/litreleases/2026/judg26497.pdf,2026-07-11T12:51:11.789Z,2026-07-11T12:51:11.789Z,A,established-wrongdoing,The cited record names U.S. Securities and Exchange Commission.,"A textual mention does not establish guilt, control, ownership, payment, coordination or any other substantive relationship.",machine-extracted-unreviewed,organisation-suffix-regex,0.67
relationship-5de8c7578e9e4a68c5e0,mentions,finding-cbd46140f573612814a8aeba,entity-governmentagency-6acdd63fe72ee7397259,doj-epstein-disclosures,U.S. Department of Justice — Epstein Disclosures,https://www.justice.gov/epstein/doj-disclosures/court-records-doe-v-epstein-no-909-v-80469-sd-fla-2009,2026-07-11T12:51:11.789Z,2026-07-11T12:51:11.789Z,B,record-update,The cited record names United States Department.,"A textual mention does not establish guilt, control, ownership, payment, coordination or any other substantive relationship.",machine-extracted-unreviewed,organisation-suffix-regex,0.67
relationship-d4ccf4ff5f417daabce4,mentions,finding-cbe37998b4486fdf1f877814,entity-governmentagency-6605a26ee94d4461a660,doj-epstein-disclosures,U.S. Department of Justice — Epstein Disclosures,https://www.justice.gov/media/1426281/dl?inline,2026-07-11T12:51:11.789Z,2026-07-11T12:51:11.789Z,B,document-release,The cited record names Attorney Review Protocol for Epstein Files Department.,"A textual mention does not establish guilt, control, ownership, payment, coordination or any other substantive relationship.",machine-extracted-unreviewed,organisation-suffix-regex,0.67
relationship-e84c5ee0af9491ab966e,mentions,finding-cbe37998b4486fdf1f877814,entity-governmentagency-6acdd63fe72ee7397259,doj-epstein-disclosures,U.S. Department of Justice — Epstein Disclosures,https://www.justice.gov/media/1426281/dl?inline,2026-07-11T12:51:11.789Z,2026-07-11T12:51:11.789Z,B,document-release,The cited record names United States Department.,"A textual mention does not establish guilt, control, ownership, payment, coordination or any other substantive relationship.",machine-extracted-unreviewed,organisation-suffix-regex,0.67
relationship-687fd86e26b52c5a5cd0,mentions,finding-cdeecf8ebd2a1f8306018972,entity-governmentagency-5ea3493ef75278bdf8c2,sec-litigation-releases,U.S. Securities and Exchange Commission — Litigation Releases,https://www.sec.gov/files/litigation/litreleases/2026/judg26579-lamancha.pdf,2026-07-11T12:51:11.789Z,2026-07-11T12:51:11.789Z,B,record-update,The cited record names U.S. Securities and Exchange Commission.,"A textual mention does not establish guilt, control, ownership, payment, coordination or any other substantive relationship.",machine-extracted-unreviewed,organisation-suffix-regex,0.67
relationship-75af6fc671e9a40dd707,mentions,finding-ce6c89056460c0c0b4cff4e4,entity-governmentagency-5ea3493ef75278bdf8c2,sec-litigation-releases,U.S. Securities and Exchange Commission — Litigation Releases,https://www.sec.gov/files/litigation/litreleases/2026/26526-final-judgment-bongiorno.pdf,2026-07-11T12:51:11.789Z,2026-07-11T12:51:11.789Z,A,established-wrongdoing,The cited record names U.S. Securities and Exchange Commission.,"A textual mention does not establish guilt, control, ownership, payment, coordination or any other substantive relationship.",machine-extracted-unreviewed,organisation-suffix-regex,0.67
relationship-b57bf91614b5555c5707,mentions,finding-ceea92723ecaa0669313d213,entity-contractor-c4cd25f5d01f9a897f09,sec-current-filings,U.S. Securities and Exchange Commission — Current EDGAR Filings,https://www.sec.gov/Archives/edgar/data/1368801/000122520826006582/0001225208-26-006582-index.htm,2026-07-10T23:58:05.000Z,2026-07-11T12:51:11.789Z,B,record-update,The cited record names Adolph Coors CO LLC.,"A textual mention does not establish guilt, control, ownership, payment, coordination or any other substantive relationship.",machine-extracted-unreviewed,company-suffix-regex,0.72
relationship-ea9995c3ed3d54cad22b,mentions,finding-cefd7cbcd4a98e9aff0f56cf,entity-contractor-eff051e61b4f18d61f4c,sec-current-filings,U.S. Securities and Exchange Commission — Current EDGAR Filings,https://www.sec.gov/Archives/edgar/data/1720424/000106299326003613/0001062993-26-003613-index.htm,2026-07-11T00:09:26.000Z,2026-07-11T12:51:11.789Z,B,record-update,The cited record names HIVE Digital Technologies Ltd.,"A textual mention does not establish guilt, control, ownership, payment, coordination or any other substantive relationship.",machine-extracted-unreviewed,company-suffix-regex,0.72
relationship-39f5d9870bdee4ed19d7,mentions,finding-cf53bb9e78937f9225db689c,entity-governmentagency-5ea3493ef75278bdf8c2,sec-litigation-releases,U.S. Securities and Exchange Commission — Litigation Releases,https://www.sec.gov/files/litigation/litreleases/2026/judg26583-bajic.pdf,2026-07-11T12:51:11.789Z,2026-07-11T12:51:11.789Z,A,established-wrongdoing,The cited record names U.S. Securities and Exchange Commission.,"A textual mention does not establish guilt, control, ownership, payment, coordination or any other substantive relationship.",machine-extracted-unreviewed,organisation-suffix-regex,0.67
relationship-65a9f7756e3157652111,mentions,finding-cf70ba879e6062db069ee8a2,entity-organization-8c0e6dda3826abe7bea9,federal-register-latest,Federal Register — Latest Documents,https://www.federalregister.gov/documents/2026/07/10/2026-13985/national-register-of-historic-places-notification-of-pending-nominations-and-related-actions,2026-07-10T00:00:00.000Z,2026-07-11T12:51:11.789Z,B,record-update,The cited record names Pending Nominations and Related Actions The National Park Service.,"A textual mention does not establish guilt, control, ownership, payment, coordination or any other substantive relationship.",machine-extracted-unreviewed,organisation-suffix-regex,0.67
relationship-5675075e122b5ff4e63d,mentions,finding-d06aa1788dc71c25ccb64b42,entity-governmentagency-101c838f7a336bfe8e2a,federal-register-latest,Federal Register — Latest Documents,https://www.federalregister.gov/documents/2026/07/13/2026-14063/center-for-scientific-review-notice-of-closed-meetings,2026-07-13T00:00:00.000Z,2026-07-11T12:51:11.789Z,B,record-update,The cited record names Notice of Closed Meetings Health and Human Services Department.,"A textual mention does not establish guilt, control, ownership, payment, coordination or any other substantive relationship.",machine-extracted-unreviewed,organisation-suffix-regex,0.67
relationship-f1b0a1087a375c6df50e,mentions,finding-d0f40deb9bdcc8af49735de4,entity-governmentagency-5ea3493ef75278bdf8c2,sec-litigation-releases,U.S. Securities and Exchange Commission — Litigation Releases,https://www.sec.gov/files/litigation/litreleases/2026/judg26504.pdf,2026-07-11T12:51:11.789Z,2026-07-11T12:51:11.789Z,A,established-wrongdoing,The cited record names U.S. Securities and Exchange Commission.,"A textual mention does not establish guilt, control, ownership, payment, coordination or any other substantive relationship.",machine-extracted-unreviewed,organisation-suffix-regex,0.67
relationship-4f9a502a9612edc877e0,mentions,finding-d2b8825ad95d8d6c890e0b21,entity-governmentagency-6acdd63fe72ee7397259,doj-epstein-disclosures,U.S. Department of Justice — Epstein Disclosures,https://www.justice.gov/epstein/doj-disclosures/court-records-doe-v-epstein-no-908-cv-80069-sd-fla-2008,2026-07-11T12:51:11.789Z,2026-07-11T12:51:11.789Z,B,record-update,The cited record names United States Department.,"A textual mention does not establish guilt, control, ownership, payment, coordination or any other substantive relationship.",machine-extracted-unreviewed,organisation-suffix-regex,0.67
relationship-c74e8507e1b2b1427196,mentions,finding-d3589cf045e6d530b37381a9,entity-governmentagency-076bd64ce444d608be5f,usaspending-recent-contracts,USAspending.gov — Recent Contract Awards,https://www.usaspending.gov/award/HC101326FB587,2026-08-21T00:00:00.000Z,2026-07-11T12:51:11.789Z,B,record-update,The cited record names Defense Information Systems Agency.,"A textual mention does not establish guilt, control, ownership, payment, coordination or any other substantive relationship.",machine-extracted-unreviewed,organisation-suffix-regex,0.67
relationship-643adfdbeaf5871a3185,mentions,finding-d523f573454d7107b54eee44,entity-governmentagency-c41b019e97789a7fb84f,usaspending-recent-contracts,USAspending.gov — Recent Contract Awards,https://www.usaspending.gov/award/9531CB26F0031,2026-07-08T00:00:00.000Z,2026-07-11T12:51:11.789Z,B,record-update,The cited record names Consumer Financial Protection Bureau.,"A textual mention does not establish guilt, control, ownership, payment, coordination or any other substantive relationship.",machine-extracted-unreviewed,organisation-suffix-regex,0.67
relationship-c1ea35c991c0a7d81500,mentions,finding-d65be839500a5fe9813405d4,entity-governmentagency-6acdd63fe72ee7397259,doj-epstein-disclosures,U.S. Department of Justice — Epstein Disclosures,https://www.justice.gov/epstein/doj-disclosures/data-set-7-files,2026-07-11T12:51:11.789Z,2026-07-11T12:51:11.789Z,B,document-release,The cited record names United States Department.,"A textual mention does not establish guilt, control, ownership, payment, coordination or any other substantive relationship.",machine-extracted-unreviewed,organisation-suffix-regex,0.67
relationship-ea5360941241af7bf554,mentions,finding-d74135099a3c51ad034adc4d,entity-governmentagency-c11ea8f81c30fe865e8a,wikileaks-publications,WikiLeaks — Publications,https://wikileaks.org//ciav7p1,2026-07-11T12:51:11.789Z,2026-07-11T12:51:11.789Z,C,leak-or-document-lead,The cited record names U.S. Central Intelligence Agency.,"A textual mention does not establish guilt, control, ownership, payment, coordination or any other substantive relationship.",machine-extracted-unreviewed,organisation-suffix-regex,0.67
relationship-c1d357842edc7aa11cf8,mentions,finding-d7c85639da8303eaa059cfd2,entity-company-7c931747c8af9a236695,federal-register-latest,Federal Register — Latest Documents,https://www.federalregister.gov/documents/2026/07/13/2026-14064/formations-of-acquisitions-by-and-mergers-of-bank-holding-companies,2026-07-13T00:00:00.000Z,2026-07-11T12:51:11.789Z,B,record-update,The cited record names Bank Holding.,"A textual mention does not establish guilt, control, ownership, payment, coordination or any other substantive relationship.",machine-extracted-unreviewed,company-suffix-regex,0.72
relationship-20bba1199652e248b24c,mentions,finding-d8c28c563927801121a1e6a3,entity-governmentagency-5ea3493ef75278bdf8c2,sec-litigation-releases,U.S. Securities and Exchange Commission — Litigation Releases,https://www.sec.gov/files/litigation/litreleases/2026/judg26516.pdf,2026-07-11T12:51:11.789Z,2026-07-11T12:51:11.789Z,A,established-wrongdoing,The cited record names U.S. Securities and Exchange Commission.,"A textual mention does not establish guilt, control, ownership, payment, coordination or any other substantive relationship.",machine-extracted-unreviewed,organisation-suffix-regex,0.67
relationship-3628b2544f48f06d3f15,mentions,finding-d914b02fd230f718dd6b2fb7,entity-governmentagency-5ea3493ef75278bdf8c2,sec-litigation-releases,U.S. Securities and Exchange Commission — Litigation Releases,https://www.sec.gov/files/litigation/litreleases/2026/judg26506-samir-rao.pdf,2026-07-11T12:51:11.789Z,2026-07-11T12:51:11.789Z,A,established-wrongdoing,The cited record names U.S. Securities and Exchange Commission.,"A textual mention does not establish guilt, control, ownership, payment, coordination or any other substantive relationship.",machine-extracted-unreviewed,organisation-suffix-regex,0.67
relationship-d327a6a16ece26e34ec2,mentions,finding-dea2301f4b7a354af24238a4,entity-governmentagency-6acdd63fe72ee7397259,doj-epstein-disclosures,U.S. Department of Justice — Epstein Disclosures,https://www.justice.gov/epstein/doj-disclosures/foia-customs-and-border-protection-cbp,2026-07-11T12:51:11.789Z,2026-07-11T12:51:11.789Z,B,record-update,The cited record names United States Department.,"A textual mention does not establish guilt, control, ownership, payment, coordination or any other substantive relationship.",machine-extracted-unreviewed,organisation-suffix-regex,0.67
relationship-a739ae6b205e55c10883,mentions,finding-e02714039b1b3d31115ad625,entity-contractor-58928e650aed74436c25,usaspending-recent-contracts,USAspending.gov — Recent Contract Awards,https://www.usaspending.gov/award/91003119F0003,2019-02-20T00:00:00.000Z,2026-07-11T12:51:11.789Z,B,record-update,The cited record names ACCENTURE FEDERAL SERVICES LLC.,"A textual mention does not establish guilt, control, ownership, payment, coordination or any other substantive relationship.",machine-extracted-unreviewed,company-suffix-regex,0.72
relationship-ef2341bb1ca497b211ad,mentions,finding-e091e9ef03bc7d3d36969bf0,entity-governmentagency-6acdd63fe72ee7397259,doj-epstein-disclosures,U.S. Department of Justice — Epstein Disclosures,https://www.justice.gov/epstein/doj-disclosures/data-set-12-files,2026-07-11T12:51:11.789Z,2026-07-11T12:51:11.789Z,B,document-release,The cited record names United States Department.,"A textual mention does not establish guilt, control, ownership, payment, coordination or any other substantive relationship.",machine-extracted-unreviewed,organisation-suffix-regex,0.67
relationship-d973bf2ec14461c1418c,mentions,finding-e0931afeb6d45749a853c0de,entity-governmentagency-33a960164bebeacd9025,uk-sfo-news,UK Serious Fraud Office — News And Communications,https://www.gov.uk/search/all?organisations[]=serious-fraud-office&amp;order=updated-newest&amp;parent=serious-fraud-office,2026-07-11T12:51:11.789Z,2026-07-11T12:51:11.789Z,B,document-release,The cited record names Serious Fraud Office.,"A textual mention does not establish guilt, control, ownership, payment, coordination or any other substantive relationship.",machine-extracted-unreviewed,organisation-suffix-regex,0.67
relationship-8cde7c24d5c4851450fd,mentions,finding-e0e233197789c43920e8ded5,entity-governmentagency-5ea3493ef75278bdf8c2,sec-litigation-releases,U.S. Securities and Exchange Commission — Litigation Releases,https://www.sec.gov/files/litigation/litreleases/2026/judg26515-prisno.pdf,2026-07-11T12:51:11.789Z,2026-07-11T12:51:11.789Z,A,established-wrongdoing,The cited record names U.S. Securities and Exchange Commission.,"A textual mention does not establish guilt, control, ownership, payment, coordination or any other substantive relationship.",machine-extracted-unreviewed,organisation-suffix-regex,0.67
relationship-cba03c4890baeb84c85a,mentions,finding-e117d09ac91faef52b92faae,entity-governmentagency-63f7b437e36300e3c08c,doj-oig-reports,U.S. Department of Justice Office of Inspector General — Reports,https://oig.justice.gov/reports/audit-us-department-justices-fiscal-year-2025-compliance-payment-integrity-information-act,2026-07-11T12:51:11.789Z,2026-07-11T12:51:11.789Z,A,official-audit-finding,The cited record names Audit of the U.S. Department.,"A textual mention does not establish guilt, control, ownership, payment, coordination or any other substantive relationship.",machine-extracted-unreviewed,organisation-suffix-regex,0.67
relationship-c8757d4649bccc1d5f25,mentions,finding-e117d09ac91faef52b92faae,entity-legalauthority-8c3f2917ca1f018775f9,doj-oig-reports,U.S. Department of Justice Office of Inspector General — Reports,https://oig.justice.gov/reports/audit-us-department-justices-fiscal-year-2025-compliance-payment-integrity-information-act,2026-07-11T12:51:11.789Z,2026-07-11T12:51:11.789Z,A,official-audit-finding,The cited record names Payment Integrity Information Act.,"A textual mention does not establish guilt, control, ownership, payment, coordination or any other substantive relationship.",machine-extracted-unreviewed,legal-authority-regex,0.64
relationship-740dbcd86c05d5e0c3c4,mentions,finding-e163df47e5027c39764e4e97,entity-governmentagency-5124abc8e7ea841d1aa8,federal-register-latest,Federal Register — Latest Documents,https://www.federalregister.gov/documents/2026/07/13/2026-14050/combined-notice-of-filings,2026-07-13T00:00:00.000Z,2026-07-11T12:51:11.789Z,B,record-update,The cited record names Federal Energy Regulatory Commission.,"A textual mention does not establish guilt, control, ownership, payment, coordination or any other substantive relationship.",machine-extracted-unreviewed,organisation-suffix-regex,0.67
relationship-90634ac7daa9d18fc6f9,mentions,finding-e163df47e5027c39764e4e97,entity-governmentagency-59a22043b0c5cd6919d7,federal-register-latest,Federal Register — Latest Documents,https://www.federalregister.gov/documents/2026/07/13/2026-14050/combined-notice-of-filings,2026-07-13T00:00:00.000Z,2026-07-11T12:51:11.789Z,B,record-update,The cited record names Combined Notice of Filings Energy Department.,"A textual mention does not establish guilt, control, ownership, payment, coordination or any other substantive relationship.",machine-extracted-unreviewed,organisation-suffix-regex,0.67
relationship-18b7d7eea8e0d80c9b33,mentions,finding-e19f403793261923a3244e16,entity-governmentagency-6acdd63fe72ee7397259,doj-epstein-disclosures,U.S. Department of Justice — Epstein Disclosures,https://www.justice.gov/epstein/doj-disclosures/court-records-v-maxwell-no-115-cv-07433-sdny-2015,2026-07-11T12:51:11.789Z,2026-07-11T12:51:11.789Z,B,record-update,The cited record names United States Department.,"A textual mention does not establish guilt, control, ownership, payment, coordination or any other substantive relationship.",machine-extracted-unreviewed,organisation-suffix-regex,0.67
relationship-e3cc548c04bdf7e47e3c,mentions,finding-e28b45a27fd076768d165e35,entity-governmentagency-88347db8ba59a4d524f3,federal-register-latest,Federal Register — Latest Documents,https://www.federalregister.gov/documents/2026/07/13/2026-14051/agency-information-collection-activities-proposed-collection-public-comment-request-information,2026-07-13T00:00:00.000Z,2026-07-11T12:51:11.789Z,B,record-update,The cited record names Maternal and Child Health Bureau.,"A textual mention does not establish guilt, control, ownership, payment, coordination or any other substantive relationship.",machine-extracted-unreviewed,organisation-suffix-regex,0.67
relationship-a824b6600eca47e166f3,mentions,finding-e28b45a27fd076768d165e35,entity-legalauthority-1c5d71bcc349dace0df2,federal-register-latest,Federal Register — Latest Documents,https://www.federalregister.gov/documents/2026/07/13/2026-14051/agency-information-collection-activities-proposed-collection-public-comment-request-information,2026-07-13T00:00:00.000Z,2026-07-11T12:51:11.789Z,B,record-update,The cited record names Paperwork Reduction Act.,"A textual mention does not establish guilt, control, ownership, payment, coordination or any other substantive relationship.",machine-extracted-unreviewed,legal-authority-regex,0.64
relationship-3f2b2aa5b940918ffaa6,mentions,finding-e497bfc368cbe5342781e900,entity-governmentagency-d84b1657584861823934,usaspending-recent-contracts,USAspending.gov — Recent Contract Awards,https://www.usaspending.gov/award/DTFAWA12C00055,2012-09-13T00:00:00.000Z,2026-07-11T12:51:11.789Z,B,record-update,The cited record names Federal Aviation Administration.,"A textual mention does not establish guilt, control, ownership, payment, coordination or any other substantive relationship.",machine-extracted-unreviewed,organisation-suffix-regex,0.67
relationship-d16e2df658e44a23cf13,mentions,finding-e4d374fd2a41651d4de038cc,entity-governmentagency-6acdd63fe72ee7397259,doj-epstein-disclosures,U.S. Department of Justice — Epstein Disclosures,https://www.justice.gov/epstein/doj-disclosures/data-set-6-files,2026-07-11T12:51:11.789Z,2026-07-11T12:51:11.789Z,B,document-release,The cited record names United States Department.,"A textual mention does not establish guilt, control, ownership, payment, coordination or any other substantive relationship.",machine-extracted-unreviewed,organisation-suffix-regex,0.67
relationship-c0e3e69fd55aa6e172fc,mentions,finding-e67a5eb0d9c7413797d173d3,entity-governmentagency-5ea3493ef75278bdf8c2,sec-litigation-releases,U.S. Securities and Exchange Commission — Litigation Releases,https://www.sec.gov/files/litigation/litreleases/2026/judg26512-henry-abdo.pdf,2026-07-11T12:51:11.789Z,2026-07-11T12:51:11.789Z,A,established-wrongdoing,The cited record names U.S. Securities and Exchange Commission.,"A textual mention does not establish guilt, control, ownership, payment, coordination or any other substantive relationship.",machine-extracted-unreviewed,organisation-suffix-regex,0.67
relationship-55d8d11cbf3fd02f6a08,mentions,finding-e73b6048f1dd4f5716928e81,entity-contractor-1351075df59cb0cc6a5d,usaspending-recent-contracts,USAspending.gov — Recent Contract Awards,https://www.usaspending.gov/award/HC108426FB095,2026-07-23T00:00:00.000Z,2026-07-11T12:51:11.789Z,B,record-update,The cited record names ATT MOBILITY LLC.,"A textual mention does not establish guilt, control, ownership, payment, coordination or any other substantive relationship.",machine-extracted-unreviewed,company-suffix-regex,0.72
relationship-6bece9cf277fcb172857,mentions,finding-e73b6048f1dd4f5716928e81,entity-governmentagency-076bd64ce444d608be5f,usaspending-recent-contracts,USAspending.gov — Recent Contract Awards,https://www.usaspending.gov/award/HC108426FB095,2026-07-23T00:00:00.000Z,2026-07-11T12:51:11.789Z,B,record-update,The cited record names Defense Information Systems Agency.,"A textual mention does not establish guilt, control, ownership, payment, coordination or any other substantive relationship.",machine-extracted-unreviewed,organisation-suffix-regex,0.67
relationship-d5cb1f0b28f3b175d43c,mentions,finding-e7ec714af3a517ae0b8fe68c,entity-governmentagency-6acdd63fe72ee7397259,doj-epstein-disclosures,U.S. Department of Justice — Epstein Disclosures,https://www.justice.gov/epstein/doj-disclosures/court-records-maxwell-v-united-states-no-24-1073-us-2025-petition-cert,2026-07-11T12:51:11.789Z,2026-07-11T12:51:11.789Z,B,record-update,The cited record names United States Department.,"A textual mention does not establish guilt, control, ownership, payment, coordination or any other substantive relationship.",machine-extracted-unreviewed,organisation-suffix-regex,0.67
relationship-4b4b5323cbdc5d82838c,mentions,finding-e82d8c38d4193cf40e6d293c,entity-governmentagency-5ea3493ef75278bdf8c2,sec-litigation-releases,U.S. Securities and Exchange Commission — Litigation Releases,https://www.sec.gov/files/litigation/litreleases/2026/judg26579-kushner.pdf,2026-07-11T12:51:11.789Z,2026-07-11T12:51:11.789Z,B,record-update,The cited record names U.S. Securities and Exchange Commission.,"A textual mention does not establish guilt, control, ownership, payment, coordination or any other substantive relationship.",machine-extracted-unreviewed,organisation-suffix-regex,0.67
relationship-75fb669fcfb0e8b1bea5,mentions,finding-e8cead27215965f4536632d7,entity-contractor-94940e9dfbb4dcedd21b,usaspending-recent-contracts,USAspending.gov — Recent Contract Awards,https://www.usaspending.gov/award/89304223FEM400000,2023-10-01T00:00:00.000Z,2026-07-11T12:51:11.789Z,B,record-update,The cited record names IDAHO ENVIRONMENTAL COALITION LLC.,"A textual mention does not establish guilt, control, ownership, payment, coordination or any other substantive relationship.",machine-extracted-unreviewed,company-suffix-regex,0.72
relationship-ac4f72292ba391c3004b,mentions,finding-e8f82512ea94077d82a25012,entity-organization-878cc2c4d1c9d326968c,usaspending-recent-contracts,USAspending.gov — Recent Contract Awards,https://www.usaspending.gov/award/9531BM25F0037,2025-08-01T00:00:00.000Z,2026-07-11T12:51:11.789Z,B,record-update,The cited record names National Transportation Safety Board.,"A textual mention does not establish guilt, control, ownership, payment, coordination or any other substantive relationship.",machine-extracted-unreviewed,organisation-suffix-regex,0.67
relationship-6cb44605ab10ef24e645,mentions,finding-e97224f060ca3a2d473765cc,entity-company-eb54a15aefb7fb7adc8f,federal-register-latest,Federal Register — Latest Documents,https://www.federalregister.gov/documents/2026/07/13/2026-14090/airworthiness-directives-the-boeing-company-airplanes,2026-07-13T00:00:00.000Z,2026-07-11T12:51:11.789Z,B,record-update,The cited record names The Boeing Company.,"A textual mention does not establish guilt, control, ownership, payment, coordination or any other substantive relationship.",machine-extracted-unreviewed,company-suffix-regex,0.72
relationship-99f4256ad4559ad3f7cc,mentions,finding-e986f2f565b8f10ac56cd395,entity-governmentagency-6acdd63fe72ee7397259,doj-epstein-disclosures,U.S. Department of Justice — Epstein Disclosures,https://www.justice.gov/epstein/doj-disclosures/court-records-maxwell-v-estate-jeffrey-epstein-no-st-20-cv-155-vi-super-ct-2020,2026-07-11T12:51:11.789Z,2026-07-11T12:51:11.789Z,B,record-update,The cited record names United States Department.,"A textual mention does not establish guilt, control, ownership, payment, coordination or any other substantive relationship.",machine-extracted-unreviewed,organisation-suffix-regex,0.67
relationship-119724d84fa0b832fad2,mentions,finding-ea8c73c16b9786dddbc75149,entity-governmentagency-5ea3493ef75278bdf8c2,sec-litigation-releases,U.S. Securities and Exchange Commission — Litigation Releases,https://www.sec.gov/files/litigation/litreleases/2026/judg26485.pdf,2026-07-11T12:51:11.789Z,2026-07-11T12:51:11.789Z,A,established-wrongdoing,The cited record names U.S. Securities and Exchange Commission.,"A textual mention does not establish guilt, control, ownership, payment, coordination or any other substantive relationship.",machine-extracted-unreviewed,organisation-suffix-regex,0.67
relationship-eeec058ccca6149f1e3d,mentions,finding-eaad3dc64f4b0d872ee31372,entity-governmentagency-5ea3493ef75278bdf8c2,sec-litigation-releases,U.S. Securities and Exchange Commission — Litigation Releases,https://www.sec.gov/files/litigation/litreleases/2026/judg26553.pdf,2026-07-11T12:51:11.789Z,2026-07-11T12:51:11.789Z,A,established-wrongdoing,The cited record names U.S. Securities and Exchange Commission.,"A textual mention does not establish guilt, control, ownership, payment, coordination or any other substantive relationship.",machine-extracted-unreviewed,organisation-suffix-regex,0.67
relationship-69bc0ecb53d9090214d0,mentions,finding-eb9a91493c5bec05512fa1c1,payment-cbc9114ce1520de57581,usaspending-recent-contracts,USAspending.gov — Recent Contract Awards,https://www.usaspending.gov/award/95C67826P0281,2026-07-09T00:00:00.000Z,2026-07-11T12:51:11.789Z,B,record-update,"The cited record names $53,867.07 money event.","A textual mention does not establish guilt, control, ownership, payment, coordination or any other substantive relationship.",machine-extracted-unreviewed,money-regex,0.78
relationship-0528e4dc6cf29bc28993,mentions,finding-ec7e00713fa1c00bebcab5b8,entity-contractor-1351075df59cb0cc6a5d,usaspending-recent-contracts,USAspending.gov — Recent Contract Awards,https://www.usaspending.gov/award/HC108426FB015,2026-06-26T00:00:00.000Z,2026-07-11T12:51:11.789Z,B,record-update,The cited record names ATT MOBILITY LLC.,"A textual mention does not establish guilt, control, ownership, payment, coordination or any other substantive relationship.",machine-extracted-unreviewed,company-suffix-regex,0.72
relationship-ad3db4a44b5cc15fefe1,mentions,finding-ec7e00713fa1c00bebcab5b8,entity-governmentagency-076bd64ce444d608be5f,usaspending-recent-contracts,USAspending.gov — Recent Contract Awards,https://www.usaspending.gov/award/HC108426FB015,2026-06-26T00:00:00.000Z,2026-07-11T12:51:11.789Z,B,record-update,The cited record names Defense Information Systems Agency.,"A textual mention does not establish guilt, control, ownership, payment, coordination or any other substantive relationship.",machine-extracted-unreviewed,organisation-suffix-regex,0.67
relationship-11664994296d0c98963a,mentions,finding-ec968f2ec6ba82128b4cd91b,payment-7babd6241b31a48ae49e,usaspending-recent-contracts,USAspending.gov — Recent Contract Awards,https://www.usaspending.gov/award/95C67826P0279,2026-09-30T00:00:00.000Z,2026-07-11T12:51:11.789Z,B,record-update,"The cited record names $10,990.20 money event.","A textual mention does not establish guilt, control, ownership, payment, coordination or any other substantive relationship.",machine-extracted-unreviewed,money-regex,0.78
relationship-f398efe7ae9535c88c06,mentions,finding-ed0ea038df1656aae85f9da0,entity-governmentagency-56b5cee5cc1a0f3af9be,doj-epstein-disclosures,U.S. Department of Justice — Epstein Disclosures,https://www.justice.gov/epstein/search,2026-07-11T12:51:11.789Z,2026-07-11T12:51:11.789Z,B,record-update,The cited record names Search Full Library Department.,"A textual mention does not establish guilt, control, ownership, payment, coordination or any other substantive relationship.",machine-extracted-unreviewed,organisation-suffix-regex,0.67
relationship-b5da9446281dabab7935,mentions,finding-ed0ea038df1656aae85f9da0,entity-governmentagency-6acdd63fe72ee7397259,doj-epstein-disclosures,U.S. Department of Justice — Epstein Disclosures,https://www.justice.gov/epstein/search,2026-07-11T12:51:11.789Z,2026-07-11T12:51:11.789Z,B,record-update,The cited record names United States Department.,"A textual mention does not establish guilt, control, ownership, payment, coordination or any other substantive relationship.",machine-extracted-unreviewed,organisation-suffix-regex,0.67
relationship-4f9775236cead081eb02,mentions,finding-ed87f65bc12bd79a66cbbce3,entity-governmentagency-33a960164bebeacd9025,uk-sfo-news,UK Serious Fraud Office — News And Communications,https://www.gov.uk/search/transparency-and-freedom-of-information-releases?organisations[]=serious-fraud-office&amp;parent=serious-fraud-office,2026-07-11T12:51:11.789Z,2026-07-11T12:51:11.789Z,B,wrongdoing-lead,The cited record names Serious Fraud Office.,"A textual mention does not establish guilt, control, ownership, payment, coordination or any other substantive relationship.",machine-extracted-unreviewed,organisation-suffix-regex,0.67
relationship-c8dec75eeb3cdc48e438,mentions,finding-eea08e12995de57c7b8f279d,entity-governmentagency-6acdd63fe72ee7397259,doj-epstein-disclosures,U.S. Department of Justice — Epstein Disclosures,https://www.justice.gov/epstein/doj-disclosures/data-set-4-files,2026-07-11T12:51:11.789Z,2026-07-11T12:51:11.789Z,B,document-release,The cited record names United States Department.,"A textual mention does not establish guilt, control, ownership, payment, coordination or any other substantive relationship.",machine-extracted-unreviewed,organisation-suffix-regex,0.67
relationship-d5a0f4745c560c2e7dea,mentions,finding-eeeed8767c8aa9e359b536ba,entity-company-5a84d6db4bcac3e4d882,federal-register-latest,Federal Register — Latest Documents,https://www.federalregister.gov/documents/2026/07/13/2026-14082/northern-natural-gas-company-notice-of-scoping-period-requesting-comments-on-environmental-issues,2026-07-13T00:00:00.000Z,2026-07-11T12:51:11.789Z,B,record-update,The cited record names Northern Natural Gas Company.,"A textual mention does not establish guilt, control, ownership, payment, coordination or any other substantive relationship.",machine-extracted-unreviewed,company-suffix-regex,0.72
relationship-e17f7f3406f2b86edb37,mentions,finding-eeeed8767c8aa9e359b536ba,entity-governmentagency-48c1f8fc13050967eaa0,federal-register-latest,Federal Register — Latest Documents,https://www.federalregister.gov/documents/2026/07/13/2026-14082/northern-natural-gas-company-notice-of-scoping-period-requesting-comments-on-environmental-issues,2026-07-13T00:00:00.000Z,2026-07-11T12:51:11.789Z,B,record-update,The cited record names Issues for the Proposed Permian Basin Expansion Project Energy Department.,"A textual mention does not establish guilt, control, ownership, payment, coordination or any other substantive relationship.",machine-extracted-unreviewed,organisation-suffix-regex,0.67
relationship-fc36f9539a00c2025598,mentions,finding-eeeed8767c8aa9e359b536ba,entity-governmentagency-5124abc8e7ea841d1aa8,federal-register-latest,Federal Register — Latest Documents,https://www.federalregister.gov/documents/2026/07/13/2026-14082/northern-natural-gas-company-notice-of-scoping-period-requesting-comments-on-environmental-issues,2026-07-13T00:00:00.000Z,2026-07-11T12:51:11.789Z,B,record-update,The cited record names Federal Energy Regulatory Commission.,"A textual mention does not establish guilt, control, ownership, payment, coordination or any other substantive relationship.",machine-extracted-unreviewed,organisation-suffix-regex,0.67
relationship-b4f073e2342387f7d4e8,mentions,finding-f130e8f7befd5e6494e04c9e,entity-governmentagency-0348ccf37ea0bc086fe7,federal-register-latest,Federal Register — Latest Documents,https://www.federalregister.gov/documents/2026/07/13/2026-14013/self-regulatory-organizations-miami-international-securities-exchange-llc-notice-of-filing-and,2026-07-13T00:00:00.000Z,2026-07-11T12:51:11.789Z,B,record-update,The cited record names Quarterly Review of Professional Interest Orders Securities and Exchange Commission.,"A textual mention does not establish guilt, control, ownership, payment, coordination or any other substantive relationship.",machine-extracted-unreviewed,organisation-suffix-regex,0.67
relationship-e88c52b38cdc0f700fea,mentions,finding-f130e8f7befd5e6494e04c9e,entity-legalauthority-4ff169e0d32a0f994f83,federal-register-latest,Federal Register — Latest Documents,https://www.federalregister.gov/documents/2026/07/13/2026-14013/self-regulatory-organizations-miami-international-securities-exchange-llc-notice-of-filing-and,2026-07-13T00:00:00.000Z,2026-07-11T12:51:11.789Z,B,record-update,The cited record names Proposed Rule Change To Amend Rule.,"A textual mention does not establish guilt, control, ownership, payment, coordination or any other substantive relationship.",machine-extracted-unreviewed,legal-authority-regex,0.64
relationship-644c25a2c44611704f24,mentions,finding-f3300dd4dbd88dfcfeef6587,entity-governmentagency-0e7fb6230952be0a9664,doj-epstein-disclosures,U.S. Department of Justice — Epstein Disclosures,http://www.linkedin.com/shareArticle?mini=true&amp;url=https://www.justice.gov/epstein/doj-disclosures&amp;title=DOJ%20Disclosures,2026-07-11T12:51:11.789Z,2026-07-11T12:51:11.789Z,B,record-update,The cited record names LinkedIn Department.,"A textual mention does not establish guilt, control, ownership, payment, coordination or any other substantive relationship.",machine-extracted-unreviewed,organisation-suffix-regex,0.67
relationship-7d36522c8bc6264c575a,mentions,finding-f3300dd4dbd88dfcfeef6587,entity-governmentagency-6acdd63fe72ee7397259,doj-epstein-disclosures,U.S. Department of Justice — Epstein Disclosures,http://www.linkedin.com/shareArticle?mini=true&amp;url=https://www.justice.gov/epstein/doj-disclosures&amp;title=DOJ%20Disclosures,2026-07-11T12:51:11.789Z,2026-07-11T12:51:11.789Z,B,record-update,The cited record names United States Department.,"A textual mention does not establish guilt, control, ownership, payment, coordination or any other substantive relationship.",machine-extracted-unreviewed,organisation-suffix-regex,0.67
relationship-a0a07b0e6909752b3515,mentions,finding-f35e0416dece6a9b28697803,entity-governmentagency-6acdd63fe72ee7397259,doj-epstein-disclosures,U.S. Department of Justice — Epstein Disclosures,https://www.justice.gov/epstein/doj-disclosures/court-records-v-indyke-no-119-cv-10476-sdny-2019,2026-07-11T12:51:11.789Z,2026-07-11T12:51:11.789Z,B,record-update,The cited record names United States Department.,"A textual mention does not establish guilt, control, ownership, payment, coordination or any other substantive relationship.",machine-extracted-unreviewed,organisation-suffix-regex,0.67
relationship-a437a41de08724c1550e,mentions,finding-f41e966100b29dee3d0b5859,entity-governmentagency-33a960164bebeacd9025,uk-sfo-news,UK Serious Fraud Office — News And Communications,https://www.gov.uk/government/organisations/serious-fraud-office/about/complaints-procedure,2026-07-11T12:51:11.789Z,2026-07-11T12:51:11.789Z,B,wrongdoing-lead,The cited record names Serious Fraud Office.,"A textual mention does not establish guilt, control, ownership, payment, coordination or any other substantive relationship.",machine-extracted-unreviewed,organisation-suffix-regex,0.67
relationship-db945bb7ee1e890c9375,mentions,finding-f5819a590feeb685967290db,entity-governmentagency-c41b019e97789a7fb84f,usaspending-recent-contracts,USAspending.gov — Recent Contract Awards,https://www.usaspending.gov/award/9531CB26F0033,2026-07-28T00:00:00.000Z,2026-07-11T12:51:11.789Z,B,record-update,The cited record names Consumer Financial Protection Bureau.,"A textual mention does not establish guilt, control, ownership, payment, coordination or any other substantive relationship.",machine-extracted-unreviewed,organisation-suffix-regex,0.67
relationship-1850f58b32c9e3130f2c,mentions,finding-f71442bccefdb117a7ffd354,payment-9ef3f6cc16ad112f949b,eppo-news,European Public Prosecutor's Office — News,https://www.eppo.europa.eu/media/news/bulgaria-eppo-detains-eight-suspects-over-eur900-000-subsidy-fraud-involving-employment-benefits-2026-06-30_en,2026-07-11T12:51:11.789Z,2026-07-11T12:51:11.789Z,B,wrongdoing-lead,The cited record names €900 money event.,"A textual mention does not establish guilt, control, ownership, payment, coordination or any other substantive relationship.",machine-extracted-unreviewed,money-regex,0.78
relationship-a7624b588be7bc3e6254,mentions,finding-f74b5d8b537d683ed68a5e18,entity-governmentagency-5ea3493ef75278bdf8c2,sec-litigation-releases,U.S. Securities and Exchange Commission — Litigation Releases,https://www.sec.gov/files/litigation/litreleases/2026/order26512-granting-sec-motion-summer-judgment-henry-abdo.pdf,2026-07-11T12:51:11.789Z,2026-07-11T12:51:11.789Z,B,record-update,The cited record names U.S. Securities and Exchange Commission.,"A textual mention does not establish guilt, control, ownership, payment, coordination or any other substantive relationship.",machine-extracted-unreviewed,organisation-suffix-regex,0.67
relationship-4d2bc22b31d521a1a87c,mentions,finding-f78e4714e4a35cbefcf810eb,entity-legalauthority-1c5d71bcc349dace0df2,federal-register-latest,Federal Register — Latest Documents,https://www.federalregister.gov/documents/2026/07/13/2026-14054/agency-information-collection-activities-submission-to-the-office-of-management-and-budget-for,2026-07-13T00:00:00.000Z,2026-07-11T12:51:11.789Z,B,record-update,The cited record names Paperwork Reduction Act.,"A textual mention does not establish guilt, control, ownership, payment, coordination or any other substantive relationship.",machine-extracted-unreviewed,legal-authority-regex,0.64
relationship-8e54395c7b19ad5dfc09,mentions,finding-f8ffdb97b928c01e16940372,entity-governmentagency-d84b1657584861823934,usaspending-recent-contracts,USAspending.gov — Recent Contract Awards,https://www.usaspending.gov/award/DTFAWA12C00040,2012-05-02T00:00:00.000Z,2026-07-11T12:51:11.789Z,B,record-update,The cited record names Federal Aviation Administration.,"A textual mention does not establish guilt, control, ownership, payment, coordination or any other substantive relationship.",machine-extracted-unreviewed,organisation-suffix-regex,0.67
relationship-8dc43df80b6890033e18,mentions,finding-f93a549de8c747914558b6b2,entity-governmentagency-5ea3493ef75278bdf8c2,sec-litigation-releases,U.S. Securities and Exchange Commission — Litigation Releases,https://www.sec.gov/files/litigation/litreleases/2026/judg26536.pdf,2026-07-11T12:51:11.789Z,2026-07-11T12:51:11.789Z,A,established-wrongdoing,The cited record names U.S. Securities and Exchange Commission.,"A textual mention does not establish guilt, control, ownership, payment, coordination or any other substantive relationship.",machine-extracted-unreviewed,organisation-suffix-regex,0.67
relationship-13a840294354f2e10f96,mentions,finding-fa96f7b05fc88177b7556b23,entity-governmentagency-6acdd63fe72ee7397259,doj-epstein-disclosures,U.S. Department of Justice — Epstein Disclosures,https://www.justice.gov/epstein/doj-disclosures/court-records-v-indyke-no-119-cv-10475-sdny-2019,2026-07-11T12:51:11.789Z,2026-07-11T12:51:11.789Z,B,record-update,The cited record names United States Department.,"A textual mention does not establish guilt, control, ownership, payment, coordination or any other substantive relationship.",machine-extracted-unreviewed,organisation-suffix-regex,0.67
relationship-411b5acecffe72d08ded,mentions,finding-fa98106d7b17f4ae9a98f2d8,entity-contractor-8ad83d3ebf688f47b0de,sec-current-filings,U.S. Securities and Exchange Commission — Current EDGAR Filings,https://www.sec.gov/Archives/edgar/data/1482541/000135979426000004/0001359794-26-000004-index.htm,2026-07-11T00:48:52.000Z,2026-07-11T12:51:11.789Z,B,record-update,The cited record names CEA Industries Inc.,"A textual mention does not establish guilt, control, ownership, payment, coordination or any other substantive relationship.",machine-extracted-unreviewed,company-suffix-regex,0.72
relationship-0cebc97a0d98dc36fd86,mentions,finding-fab40c3ed27b9a14218b09df,entity-governmentagency-6acdd63fe72ee7397259,doj-epstein-disclosures,U.S. Department of Justice — Epstein Disclosures,https://www.justice.gov/epstein/doj-disclosures/court-records-united-states-v-maxwell-no-20-3061-2d-cir-2020,2026-07-11T12:51:11.789Z,2026-07-11T12:51:11.789Z,B,record-update,The cited record names United States Department.,"A textual mention does not establish guilt, control, ownership, payment, coordination or any other substantive relationship.",machine-extracted-unreviewed,organisation-suffix-regex,0.67
relationship-a35e8afcbe8d28f8a4c7,mentions,finding-fb8bc3e6e5e5baac3f97d5b3,entity-governmentagency-6acdd63fe72ee7397259,doj-epstein-disclosures,U.S. Department of Justice — Epstein Disclosures,https://www.justice.gov/epstein/doj-disclosures/court-records-doe-no-3-v-epstein-no-908-cv-80232-sd-fla-2008,2026-07-11T12:51:11.789Z,2026-07-11T12:51:11.789Z,B,record-update,The cited record names United States Department.,"A textual mention does not establish guilt, control, ownership, payment, coordination or any other substantive relationship.",machine-extracted-unreviewed,organisation-suffix-regex,0.67
relationship-dae019fb281bb5e2852a,mentions,finding-fbe62155f2122548101fe9f0,entity-company-d1cc9bf5b41e13a265ae,federal-register-latest,Federal Register — Latest Documents,https://www.federalregister.gov/documents/2026/07/10/2026-13993/certain-pre-stretched-synthetic-braiding-hair-and-packaging-therefor-notice-of-commission,2026-07-10T00:00:00.000Z,2026-07-11T12:51:11.789Z,B,record-update,The cited record names Dae Do Inc.,"A textual mention does not establish guilt, control, ownership, payment, coordination or any other substantive relationship.",machine-extracted-unreviewed,company-suffix-regex,0.72
relationship-36d9d4178fa6b465abb5,mentions,finding-fbe62155f2122548101fe9f0,entity-governmentagency-6cc39397d08de64fc44f,federal-register-latest,Federal Register — Latest Documents,https://www.federalregister.gov/documents/2026/07/10/2026-13993/certain-pre-stretched-synthetic-braiding-hair-and-packaging-therefor-notice-of-commission,2026-07-10T00:00:00.000Z,2026-07-11T12:51:11.789Z,B,record-update,The cited record names Notice of Commission.,"A textual mention does not establish guilt, control, ownership, payment, coordination or any other substantive relationship.",machine-extracted-unreviewed,organisation-suffix-regex,0.67
relationship-6bd778cec3cf71ee7359,mentions,finding-fbe62155f2122548101fe9f0,entity-governmentagency-ab21b0d2d02b0e4db632,federal-register-latest,Federal Register — Latest Documents,https://www.federalregister.gov/documents/2026/07/10/2026-13993/certain-pre-stretched-synthetic-braiding-hair-and-packaging-therefor-notice-of-commission,2026-07-10T00:00:00.000Z,2026-07-11T12:51:11.789Z,B,record-update,The cited record names U.S. International Trade Commission.,"A textual mention does not establish guilt, control, ownership, payment, coordination or any other substantive relationship.",machine-extracted-unreviewed,organisation-suffix-regex,0.67
relationship-106dfe1230a499e6537a,mentions,finding-fbe62155f2122548101fe9f0,entity-person-60c8466cafd8889b1f7d,federal-register-latest,Federal Register — Latest Documents,https://www.federalregister.gov/documents/2026/07/10/2026-13993/certain-pre-stretched-synthetic-braiding-hair-and-packaging-therefor-notice-of-commission,2026-07-10T00:00:00.000Z,2026-07-11T12:51:11.789Z,B,record-update,The cited record names Dae Do Inc.,"A textual mention does not establish guilt, control, ownership, payment, coordination or any other substantive relationship.",machine-extracted-unreviewed,contextual-person-regex,0.62
relationship-c15d9fb9aa358b306292,mentions,finding-fc026698a96569fd80bdd359,entity-legalauthority-8f3e001bdc52b85225d6,federal-register-latest,Federal Register — Latest Documents,https://www.federalregister.gov/documents/2026/07/13/2026-14060/inflation-adjustments-for-civil-money-penalties,2026-07-13T00:00:00.000Z,2026-07-11T12:51:11.789Z,B,record-update,The cited record names Federal Civil Penalties Inflation Adjustment Act Improvements Act.,"A textual mention does not establish guilt, control, ownership, payment, coordination or any other substantive relationship.",machine-extracted-unreviewed,legal-authority-regex,0.64
relationship-ad7db444004e75ac675d,mentions,finding-fc026698a96569fd80bdd359,entity-organization-eeed646d06b1d72030db,federal-register-latest,Federal Register — Latest Documents,https://www.federalregister.gov/documents/2026/07/13/2026-14060/inflation-adjustments-for-civil-money-penalties,2026-07-13T00:00:00.000Z,2026-07-11T12:51:11.789Z,B,record-update,The cited record names Inflation Adjustments for Civil Money Penalties The Board.,"A textual mention does not establish guilt, control, ownership, payment, coordination or any other substantive relationship.",machine-extracted-unreviewed,organisation-suffix-regex,0.67
relationship-d6bd931109dd0afb8232,mentions,finding-fc5ac22f918f609e4dadff7e,entity-governmentagency-464da6d48548e5f8abb4,doj-oig-reports,U.S. Department of Justice Office of Inspector General — Reports,https://oig.justice.gov/reports/audit-office-justice-programs-victim-assistance-funds-subawarded-delaware-criminal-0,2026-07-11T12:51:11.789Z,2026-07-11T12:51:11.789Z,A,official-audit-finding,The cited record names Delaware Criminal Justice Council.,"A textual mention does not establish guilt, control, ownership, payment, coordination or any other substantive relationship.",machine-extracted-unreviewed,organisation-suffix-regex,0.67
relationship-1230e6323cd6ecf5f429,mentions,finding-fc5ac22f918f609e4dadff7e,entity-governmentagency-59f7062a018039d4dcb6,doj-oig-reports,U.S. Department of Justice Office of Inspector General — Reports,https://oig.justice.gov/reports/audit-office-justice-programs-victim-assistance-funds-subawarded-delaware-criminal-0,2026-07-11T12:51:11.789Z,2026-07-11T12:51:11.789Z,A,official-audit-finding,The cited record names Audit of the Office.,"A textual mention does not establish guilt, control, ownership, payment, coordination or any other substantive relationship.",machine-extracted-unreviewed,organisation-suffix-regex,0.67
relationship-c535916038b2cadcfd08,mentions,finding-fd0bd0d092ec5e7ef84616da,entity-governmentagency-5ea3493ef75278bdf8c2,sec-litigation-releases,U.S. Securities and Exchange Commission — Litigation Releases,https://www.sec.gov/files/litigation/litreleases/2026/judg26557.pdf,2026-07-11T12:51:11.789Z,2026-07-11T12:51:11.789Z,A,established-wrongdoing,The cited record names U.S. Securities and Exchange Commission.,"A textual mention does not establish guilt, control, ownership, payment, coordination or any other substantive relationship.",machine-extracted-unreviewed,organisation-suffix-regex,0.67
relationship-8ef2767d0721b6f8c6d4,mentions,finding-fd7ff5fb4b01c9edc8b36b1c,entity-governmentagency-6acdd63fe72ee7397259,doj-epstein-disclosures,U.S. Department of Justice — Epstein Disclosures,https://www.justice.gov/epstein/doj-disclosures/data-set-1-files,2026-07-11T12:51:11.789Z,2026-07-11T12:51:11.789Z,B,document-release,The cited record names United States Department.,"A textual mention does not establish guilt, control, ownership, payment, coordination or any other substantive relationship.",machine-extracted-unreviewed,organisation-suffix-regex,0.67
relationship-482b8ec2963e8799ec50,mentions,finding-fea132b97462e80957699ca2,entity-governmentagency-7bec7beeb2c94eaa7bcd,federal-register-latest,Federal Register — Latest Documents,https://www.federalregister.gov/documents/2026/07/13/2026-14012/commercial-customs-operations-advisory-committee,2026-07-13T00:00:00.000Z,2026-07-11T12:51:11.789Z,B,record-update,The cited record names Commercial Customs Operations Advisory Committee.,"A textual mention does not establish guilt, control, ownership, payment, coordination or any other substantive relationship.",machine-extracted-unreviewed,organisation-suffix-regex,0.67
relationship-08d99558a3fcb269ef7f,operatedBy,source-cia-reading-room,entity-governmentagency-474b64164dd53609cc0d,cia-reading-room,CIA Freedom of Information Act Electronic Reading Room,https://www.cia.gov/readingroom/,,2026-07-11T14:36:09.251Z,B,registered-source-operator,The source registry identifies CIA Freedom of Information Act Electronic Reading Room as the named publisher or operator associated with this source route.,"Operating or publishing a source does not establish wrongdoing, endorsement of every record, control of named subjects or responsibility for conduct described in individual documents.",registry-defined,registered-source-label,1
relationship-eb3281884a6c7aa6e483,operatedBy,source-cour-des-comptes-publications,entity-governmentagency-a23c60163c2d5b28eeb6,cour-des-comptes-publications,France Cour des comptes — Publications,https://www.ccomptes.fr/fr/publications,,2026-07-11T14:36:09.251Z,B,registered-source-operator,The source registry identifies France Cour des comptes as the named publisher or operator associated with this source route.,"Operating or publishing a source does not establish wrongdoing, endorsement of every record, control of named subjects or responsibility for conduct described in individual documents.",registry-defined,registered-source-label,1
relationship-7dfd8279931cc3ea8ee1,operatedBy,source-doj-epstein-disclosures,entity-governmentagency-de44f651d7482e2cdce5,doj-epstein-disclosures,U.S. Department of Justice — Epstein Disclosures,https://www.justice.gov/epstein/doj-disclosures,,2026-07-11T14:36:09.251Z,B,registered-source-operator,The source registry identifies U.S. Department of Justice as the named publisher or operator associated with this source route.,"Operating or publishing a source does not establish wrongdoing, endorsement of every record, control of named subjects or responsibility for conduct described in individual documents.",registry-defined,registered-source-label,1
relationship-d623682eb7e806daf98b,operatedBy,source-doj-justice-news,entity-governmentagency-de44f651d7482e2cdce5,doj-justice-news,U.S. Department of Justice — Justice News,https://www.justice.gov/news,,2026-07-11T14:36:09.251Z,B,registered-source-operator,The source registry identifies U.S. Department of Justice as the named publisher or operator associated with this source route.,"Operating or publishing a source does not establish wrongdoing, endorsement of every record, control of named subjects or responsibility for conduct described in individual documents.",registry-defined,registered-source-label,1
relationship-0710349d231f1e3f5a79,operatedBy,source-doj-oig-reports,entity-governmentagency-4e2721b9edd1ed6b1a08,doj-oig-reports,U.S. Department of Justice Office of Inspector General — Reports,https://oig.justice.gov/reports,,2026-07-11T14:36:09.251Z,B,registered-source-operator,The source registry identifies U.S. Department of Justice Office of Inspector General as the named publisher or operator associated with this source route.,"Operating or publishing a source does not establish wrongdoing, endorsement of every record, control of named subjects or responsibility for conduct described in individual documents.",registry-defined,registered-source-label,1
relationship-ecfa17bf56735c743631,operatedBy,source-eppo-news,entity-governmentagency-52265817f5d47791b9e7,eppo-news,European Public Prosecutor's Office — News,https://www.eppo.europa.eu/media/news_en,,2026-07-11T14:36:09.251Z,B,registered-source-operator,The source registry identifies European Public Prosecutor's Office as the named publisher or operator associated with this source route.,"Operating or publishing a source does not establish wrongdoing, endorsement of every record, control of named subjects or responsibility for conduct described in individual documents.",registry-defined,registered-source-label,1
relationship-277ac5346a8ccef0ff6f,operatedBy,source-fbi-vault-recent,entity-governmentagency-4ef5d6653c958046d157,fbi-vault-recent,FBI Vault — Recently Added,https://vault.fbi.gov/recently-added,,2026-07-11T14:36:09.251Z,B,registered-source-operator,The source registry identifies FBI Vault as the named publisher or operator associated with this source route.,"Operating or publishing a source does not establish wrongdoing, endorsement of every record, control of named subjects or responsibility for conduct described in individual documents.",registry-defined,registered-source-label,1
relationship-e9c70107fffbe4cd946a,operatedBy,source-fec-updates,entity-governmentagency-750590835b27129cb169,fec-updates,U.S. Federal Election Commission — Updates,https://www.fec.gov/updates/,,2026-07-11T14:36:09.251Z,B,registered-source-operator,The source registry identifies U.S. Federal Election Commission as the named publisher or operator associated with this source route.,"Operating or publishing a source does not establish wrongdoing, endorsement of every record, control of named subjects or responsibility for conduct described in individual documents.",registry-defined,registered-source-label,1
relationship-05b46e70b41d8d810d27,operatedBy,source-federal-register-latest,entity-governmentagency-4313eec53a8b2d96fc33,federal-register-latest,Federal Register — Latest Documents,https://www.federalregister.gov/api/v1/documents.json?per_page=100&order=newest,,2026-07-11T14:36:09.251Z,B,registered-source-operator,The source registry identifies Federal Register as the named publisher or operator associated with this source route.,"Operating or publishing a source does not establish wrongdoing, endorsement of every record, control of named subjects or responsibility for conduct described in individual documents.",registry-defined,registered-source-label,1
relationship-194444e0732bdcd1faa8,operatedBy,source-gao-reports,entity-governmentagency-fdf8c47e8a4a1f0558f3,gao-reports,U.S. Government Accountability Office — Reports And Testimonies,https://www.gao.gov/reports-testimonies,,2026-07-11T14:36:09.251Z,B,registered-source-operator,The source registry identifies U.S. Government Accountability Office as the named publisher or operator associated with this source route.,"Operating or publishing a source does not establish wrongdoing, endorsement of every record, control of named subjects or responsibility for conduct described in individual documents.",registry-defined,registered-source-label,1
relationship-9ab4f464496083e144b2,operatedBy,source-hatvp-open-data,entity-governmentagency-b0490ec09be421dd04a5,hatvp-open-data,France HATVP — Open Data,https://www.hatvp.fr/open-data/,,2026-07-11T14:36:09.251Z,B,registered-source-operator,The source registry identifies France HATVP as the named publisher or operator associated with this source route.,"Operating or publishing a source does not establish wrongdoing, endorsement of every record, control of named subjects or responsibility for conduct described in individual documents.",registry-defined,registered-source-label,1
relationship-809d1549ed0b1a33cb48,operatedBy,source-house-oversight-releases,entity-governmentagency-dee5de186366f9eba6f1,house-oversight-releases,U.S. House Committee on Oversight and Government Reform — Releases,https://oversight.house.gov/release/,,2026-07-11T14:36:09.251Z,B,registered-source-operator,The source registry identifies U.S. House Committee on Oversight and Government Reform as the named publisher or operator associated with this source route.,"Operating or publishing a source does not establish wrongdoing, endorsement of every record, control of named subjects or responsibility for conduct described in individual documents.",registry-defined,registered-source-label,1
relationship-ec13feca25ca0eebe5d2,operatedBy,source-icij-offshore-leaks,entity-organization-d63103cfed0e7c0f806b,icij-offshore-leaks,ICIJ Offshore Leaks Database,https://offshoreleaks.icij.org/,,2026-07-11T14:36:09.251Z,C,registered-source-operator,The source registry identifies ICIJ Offshore Leaks Database as the named publisher or operator associated with this source route.,"Operating or publishing a source does not establish wrongdoing, endorsement of every record, control of named subjects or responsibility for conduct described in individual documents.",registry-defined,registered-source-label,1
relationship-1523c87cec207a0b10f3,operatedBy,source-openfec-api,entity-governmentagency-f135358256af94d0c565,openfec-api,OpenFEC API — Political Money,https://api.open.fec.gov/v1/schedules/schedule_a/by_date/?api_key={{FEC_API_KEY}}&min_date={{START_DATE}}&max_date={{END_DATE}}&per_page=100,,2026-07-11T14:36:09.251Z,B,registered-source-operator,The source registry identifies OpenFEC API as the named publisher or operator associated with this source route.,"Operating or publishing a source does not establish wrongdoing, endorsement of every record, control of named subjects or responsibility for conduct described in individual documents.",registry-defined,registered-source-label,1
relationship-c4989c311bc16d4f93cc,operatedBy,source-sec-current-filings,entity-governmentagency-5ea3493ef75278bdf8c2,sec-current-filings,U.S. Securities and Exchange Commission — Current EDGAR Filings,https://www.sec.gov/cgi-bin/browse-edgar?action=getcurrent&output=atom,,2026-07-11T14:36:09.251Z,B,registered-source-operator,The source registry identifies U.S. Securities and Exchange Commission as the named publisher or operator associated with this source route.,"Operating or publishing a source does not establish wrongdoing, endorsement of every record, control of named subjects or responsibility for conduct described in individual documents.",registry-defined,registered-source-label,1
relationship-026d5f986b54f5351a36,operatedBy,source-sec-litigation-releases,entity-governmentagency-5ea3493ef75278bdf8c2,sec-litigation-releases,U.S. Securities and Exchange Commission — Litigation Releases,https://www.sec.gov/enforcement-litigation/litigation-releases,,2026-07-11T14:36:09.251Z,B,registered-source-operator,The source registry identifies U.S. Securities and Exchange Commission as the named publisher or operator associated with this source route.,"Operating or publishing a source does not establish wrongdoing, endorsement of every record, control of named subjects or responsibility for conduct described in individual documents.",registry-defined,registered-source-label,1
relationship-b2a1e3634b3d843f5549,operatedBy,source-treasury-ofac-recent-actions,entity-governmentagency-cbdd30f1dfef10814d91,treasury-ofac-recent-actions,U.S. Treasury OFAC — Recent Actions,https://ofac.treasury.gov/recent-actions,,2026-07-11T14:36:09.251Z,B,registered-source-operator,The source registry identifies U.S. Treasury OFAC as the named publisher or operator associated with this source route.,"Operating or publishing a source does not establish wrongdoing, endorsement of every record, control of named subjects or responsibility for conduct described in individual documents.",registry-defined,registered-source-label,1
relationship-0605da71ec29f376810a,operatedBy,source-uk-sfo-news,entity-governmentagency-8f4c979eb771027344e6,uk-sfo-news,UK Serious Fraud Office — News And Communications,https://www.gov.uk/government/organisations/serious-fraud-office,,2026-07-11T14:36:09.251Z,B,registered-source-operator,The source registry identifies UK Serious Fraud Office as the named publisher or operator associated with this source route.,"Operating or publishing a source does not establish wrongdoing, endorsement of every record, control of named subjects or responsibility for conduct described in individual documents.",registry-defined,registered-source-label,1
relationship-9e99f39e08c1fa003012,operatedBy,source-usaspending-recent-contracts,entity-governmentagency-d1b189399623fd473eb0,usaspending-recent-contracts,USAspending.gov — Recent Contract Awards,https://api.usaspending.gov/api/v2/search/spending_by_award/,,2026-07-11T14:36:09.251Z,B,registered-source-operator,The source registry identifies USAspending.gov as the named publisher or operator associated with this source route.,"Operating or publishing a source does not establish wrongdoing, endorsement of every record, control of named subjects or responsibility for conduct described in individual documents.",registry-defined,registered-source-label,1
relationship-0f8c1717e78c1fb6bf17,operatedBy,source-wikileaks-publications,entity-organization-95d24cdfe2337f461182,wikileaks-publications,WikiLeaks — Publications,https://wikileaks.org/-Leaks-.html,,2026-07-11T14:36:09.251Z,C,registered-source-operator,The source registry identifies WikiLeaks as the named publisher or operator associated with this source route.,"Operating or publishing a source does not establish wrongdoing, endorsement of every record, control of named subjects or responsibility for conduct described in individual documents.",registry-defined,registered-source-label,1
relationship-91ac8b81bfa8613a161c,published,source-doj-epstein-disclosures,finding-004b54a319a896c84a534e30,doj-epstein-disclosures,U.S. Department of Justice — Epstein Disclosures,https://www.justice.gov/epstein/doj-disclosures/court-records-v-indyke-no-119-cv-10788-sdny-2019,2026-07-11T12:51:11.789Z,2026-07-11T12:51:11.789Z,B,record-update,"The registered source published or hosts the record titled “[redacted] v. Indyke , No. 1:19-cv-10788 (S.D.N.Y. 2019)”.","This update alone does not establish wrongdoing, intent or coordinated action.",registry-linked,source-id-link,1
relationship-43328ceab56cd2776b13,published,source-doj-epstein-disclosures,finding-0135f68d0846e600b495a4f0,doj-epstein-disclosures,U.S. Department of Justice — Epstein Disclosures,https://www.justice.gov/epstein/doj-disclosures/court-records-united-states-v-maxwell-no-21-0770-2d-cir-2021,2026-07-11T12:51:11.789Z,2026-07-11T12:51:11.789Z,B,record-update,"The registered source published or hosts the record titled “United States v. Maxwell, No. 21-0770 (2d Cir. 2021)”.","This update alone does not establish wrongdoing, intent or coordinated action.",registry-linked,source-id-link,1
relationship-3270562373a152af2e00,published,source-doj-epstein-disclosures,finding-04c6b72a1420bdc18a7613a1,doj-epstein-disclosures,U.S. Department of Justice — Epstein Disclosures,https://www.justice.gov/epstein/doj-disclosures/court-records-doe-17-v-indyke-no-119-cv-09610-sdny-2019,2026-07-11T12:51:11.789Z,2026-07-11T12:51:11.789Z,B,record-update,"The registered source published or hosts the record titled “Doe 17 v. Indyke , No. 1:19-cv-09610 (S.D.N.Y. 2019)”.","This update alone does not establish wrongdoing, intent or coordinated action.",registry-linked,source-id-link,1
relationship-abc3b89d6bf9517540e8,published,source-doj-epstein-disclosures,finding-082965d46ebe0197c48b4983,doj-epstein-disclosures,U.S. Department of Justice — Epstein Disclosures,https://www.justice.gov/epstein/doj-disclosures/data-set-8-files,2026-07-11T12:51:11.789Z,2026-07-11T12:51:11.789Z,B,document-release,The registered source published or hosts the record titled “View files”.,"The document must be authenticated, dated, contextualised and corroborated before it supports an accusation.",registry-linked,source-id-link,1
relationship-debe2da5f7a716961d7d,published,source-doj-epstein-disclosures,finding-0dd56539eddec2288a6ba0b9,doj-epstein-disclosures,U.S. Department of Justice — Epstein Disclosures,https://www.justice.gov/epstein,2026-07-11T12:51:11.789Z,2026-07-11T12:51:11.789Z,B,record-update,The registered source published or hosts the record titled “Epstein Library”.,"This update alone does not establish wrongdoing, intent or coordinated action.",registry-linked,source-id-link,1
relationship-ad91a75b282ece2ff20c,published,source-doj-epstein-disclosures,finding-1362ff063308acf7a1d207a3,doj-epstein-disclosures,U.S. Department of Justice — Epstein Disclosures,https://www.justice.gov/epstein/doj-disclosures/court-records-doe-v-epstein-no-908-cv-80804-sd-fla-2008,2026-07-11T12:51:11.789Z,2026-07-11T12:51:11.789Z,B,record-update,"The registered source published or hosts the record titled “Doe v. Epstein , No. 9:08-cv-80804 (S.D. Fla. 2008)”.","This update alone does not establish wrongdoing, intent or coordinated action.",registry-linked,source-id-link,1
relationship-e8f4d191f471ba7c2e03,published,source-doj-epstein-disclosures,finding-151385790745459ca9a5cc73,doj-epstein-disclosures,U.S. Department of Justice — Epstein Disclosures,https://www.justice.gov/epstein/doj-disclosures/court-records-united-states-v-maxwell-no-21-0058-2d-cir-2021,2026-07-11T12:51:11.789Z,2026-07-11T12:51:11.789Z,B,record-update,"The registered source published or hosts the record titled “United States v. Maxwell , No. 21-0058 (2d Cir. 2021)”.","This update alone does not establish wrongdoing, intent or coordinated action.",registry-linked,source-id-link,1
relationship-22ab1e657215afb4b7da,published,source-doj-epstein-disclosures,finding-1ca08ac1f645338e39f9723d,doj-epstein-disclosures,U.S. Department of Justice — Epstein Disclosures,https://www.justice.gov/epstein/doj-disclosures/foia-federal-bureau-investigation-fbi,2026-07-11T12:51:11.789Z,2026-07-11T12:51:11.789Z,B,record-update,The registered source published or hosts the record titled “Federal Bureau of Investigation (FBI)”.,"This update alone does not establish wrongdoing, intent or coordinated action.",registry-linked,source-id-link,1
relationship-b656203995a075cad3c7,published,source-doj-epstein-disclosures,finding-1db72545198150ca0100e704,doj-epstein-disclosures,U.S. Department of Justice — Epstein Disclosures,https://www.justice.gov/epstein/doj-disclosures/data-set-10-files,2026-07-11T12:51:11.789Z,2026-07-11T12:51:11.789Z,B,document-release,The registered source published or hosts the record titled “View files”.,"The document must be authenticated, dated, contextualised and corroborated before it supports an accusation.",registry-linked,source-id-link,1
relationship-e16b54422ace9c80d425,published,source-doj-epstein-disclosures,finding-1e60d3cb3f56638e58426d77,doj-epstein-disclosures,U.S. Department of Justice — Epstein Disclosures,https://www.justice.gov/epstein/doj-disclosures/court-records-doe-v-epstein-no-908-cv-80119-sd-fla-2008,2026-07-11T12:51:11.789Z,2026-07-11T12:51:11.789Z,B,record-update,"The registered source published or hosts the record titled “Doe v. Epstein , No. 9:08-cv-80119 (S.D. Fla. 2008)”.","This update alone does not establish wrongdoing, intent or coordinated action.",registry-linked,source-id-link,1
relationship-7a7bc5df2235f39917ae,published,source-doj-epstein-disclosures,finding-1e9580ff63e3f1f5d9551d97,doj-epstein-disclosures,U.S. Department of Justice — Epstein Disclosures,https://www.justice.gov/epstein/doj-disclosures/court-records-v-epstein-no-910-cv-81111-sd-fla-2010,2026-07-11T12:51:11.789Z,2026-07-11T12:51:11.789Z,B,record-update,"The registered source published or hosts the record titled “[redacted] v. Epstein , No. 9:10-cv-81111 (S.D. Fla. 2010)”.","This update alone does not establish wrongdoing, intent or coordinated action.",registry-linked,source-id-link,1
relationship-86d929e89d0338d1f47e,published,source-doj-epstein-disclosures,finding-1ee8aa917958365896c482aa,doj-epstein-disclosures,U.S. Department of Justice — Epstein Disclosures,https://www.justice.gov/epstein/doj-disclosures/court-records-re-grand-jury-05-02-wpb-07-103-wpb-no-925-mc-80920-sd-fla-2025,2026-07-11T12:51:11.789Z,2026-07-11T12:51:11.789Z,B,record-update,"The registered source published or hosts the record titled “In re: Grand Jury 05-02 (WPB) & 07-103 (WPB) , No. 9:25-mc-80920 (S.D. Fla. 2025)”.","This update alone does not establish wrongdoing, intent or coordinated action.",registry-linked,source-id-link,1
relationship-6995b8452442fd284e62,published,source-doj-epstein-disclosures,finding-220a7be0486b20e7994834bf,doj-epstein-disclosures,U.S. Department of Justice — Epstein Disclosures,https://www.justice.gov/epstein/doj-disclosures/memoranda-and-correspondence,2026-07-11T12:51:11.789Z,2026-07-11T12:51:11.789Z,B,record-update,The registered source published or hosts the record titled “Memoranda and Correspondence”.,"This update alone does not establish wrongdoing, intent or coordinated action.",registry-linked,source-id-link,1
relationship-c7084dc7180a7675ec5b,published,source-doj-epstein-disclosures,finding-28d4c404aecdcea4089e9ed2,doj-epstein-disclosures,U.S. Department of Justice — Epstein Disclosures,https://www.justice.gov/epstein/doj-disclosures/court-records-doe-v-indyke-no-120-cv-02365-sdny-2020,2026-07-11T12:51:11.789Z,2026-07-11T12:51:11.789Z,B,record-update,"The registered source published or hosts the record titled “Doe v. Indyke , No. 1:20-cv-02365 (S.D.N.Y. 2020)”.","This update alone does not establish wrongdoing, intent or coordinated action.",registry-linked,source-id-link,1
relationship-bff0b02ea317fefbae54,published,source-doj-epstein-disclosures,finding-2fc4b446e5fb62c5bc2360d1,doj-epstein-disclosures,U.S. Department of Justice — Epstein Disclosures,https://www.justice.gov/epstein/doj-disclosures/court-records-doe-v-indyke-no-120-cv-00484-sdny-2020,2026-07-11T12:51:11.789Z,2026-07-11T12:51:11.789Z,B,record-update,"The registered source published or hosts the record titled “Doe v. Indyke , No. 1:20-cv-00484 (S.D.N.Y. 2020)”.","This update alone does not establish wrongdoing, intent or coordinated action.",registry-linked,source-id-link,1
relationship-bc9c848e36e9aacb0847,published,source-doj-epstein-disclosures,finding-3066a0de9bdf82ce01ddd38e,doj-epstein-disclosures,U.S. Department of Justice — Epstein Disclosures,https://oversight.house.gov/release/oversight-committee-releases-epstein-records-provided-by-the-department-of-justice/,2026-07-11T12:51:11.789Z,2026-07-11T12:51:11.789Z,B,record-update,The registered source published or hosts the record titled “House Disclosures”.,"This update alone does not establish wrongdoing, intent or coordinated action.",registry-linked,source-id-link,1
relationship-0dcc73b43d47f64c961d,published,source-doj-epstein-disclosures,finding-326264d1e1c0b114db61b8bf,doj-epstein-disclosures,U.S. Department of Justice — Epstein Disclosures,https://www.justice.gov/epstein/doj-disclosures/court-records-state-florida-v-epstein-no-50-2006-cf-009454-axxx-mb-fla-15th-cir-ct-2006,2026-07-11T12:51:11.789Z,2026-07-11T12:51:11.789Z,B,record-update,"The registered source published or hosts the record titled “State of Florida v. Epstein , No. 50-2006-CF-009454-AXXX-MB (Fla. 15th Cir. Ct. 2006)”.","This update alone does not establish wrongdoing, intent or coordinated action.",registry-linked,source-id-link,1
relationship-129f617bbb0bdb6948bb,published,source-doj-epstein-disclosures,finding-3369f7cbbbd92ca2343c48c2,doj-epstein-disclosures,U.S. Department of Justice — Epstein Disclosures,https://www.justice.gov/epstein/doj-disclosures,2026-07-11T12:51:11.789Z,2026-07-11T12:51:11.789Z,B,record-update,The registered source published or hosts the record titled “DOJ Disclosures”.,"This update alone does not establish wrongdoing, intent or coordinated action.",registry-linked,source-id-link,1
relationship-265a941ce9fde09ef3e2,published,source-doj-epstein-disclosures,finding-3584d83dd217305542320584,doj-epstein-disclosures,U.S. Department of Justice — Epstein Disclosures,https://www.justice.gov/epstein/doj-disclosures/court-records-united-states-v-noel-no-119-cr-00830-sdny-2019,2026-07-11T12:51:11.789Z,2026-07-11T12:51:11.789Z,B,record-update,"The registered source published or hosts the record titled “United States v. Noel , No. 1:19-cr-00830 (S.D.N.Y. 2019)”.","This update alone does not establish wrongdoing, intent or coordinated action.",registry-linked,source-id-link,1
relationship-82591619e0add24c16d3,published,source-doj-epstein-disclosures,finding-37b5afe9bd8190ff8e8aeb64,doj-epstein-disclosures,U.S. Department of Justice — Epstein Disclosures,https://www.justice.gov/epstein/doj-disclosures/court-records-doe-no-5-v-epstein-no-908-cv-80381-sd-fla-2008,2026-07-11T12:51:11.789Z,2026-07-11T12:51:11.789Z,B,record-update,"The registered source published or hosts the record titled “Doe No. 5 v. Epstein , No. 9:08-cv-80381 (S.D. Fla. 2008)”.","This update alone does not establish wrongdoing, intent or coordinated action.",registry-linked,source-id-link,1
relationship-6463c871ddf7b583ae49,published,source-doj-epstein-disclosures,finding-382aa48843bb101c6dbd534b,doj-epstein-disclosures,U.S. Department of Justice — Epstein Disclosures,https://www.justice.gov/epstein/doj-disclosures/court-records-v-epstein-no-910-cv-80447-sd-fla-2010,2026-07-11T12:51:11.789Z,2026-07-11T12:51:11.789Z,B,record-update,"The registered source published or hosts the record titled “[redacted] v. Epstein , No. 9:10-cv-80447 (S.D. Fla. 2010)”.","This update alone does not establish wrongdoing, intent or coordinated action.",registry-linked,source-id-link,1
relationship-65579e8a3c74d358a315,published,source-doj-epstein-disclosures,finding-39b579af6438fd96704306a9,doj-epstein-disclosures,U.S. Department of Justice — Epstein Disclosures,https://www.justice.gov/epstein/doj-disclosures/court-records-doe-v-united-states-no-908-cv-80736-sd-fla-2008,2026-07-11T12:51:11.789Z,2026-07-11T12:51:11.789Z,B,record-update,"The registered source published or hosts the record titled “Doe v. United States , No. 9:08-cv-80736 (S.D. Fla. 2008)”.","This update alone does not establish wrongdoing, intent or coordinated action.",registry-linked,source-id-link,1
relationship-c92be37f159191e3f63d,published,source-doj-epstein-disclosures,finding-3b99d718e9dd4294c4f003f4,doj-epstein-disclosures,U.S. Department of Justice — Epstein Disclosures,https://www.justice.gov/epstein/doj-disclosures/court-records-united-states-v-maxwell-no-22-1426-2d-cir-2022,2026-07-11T12:51:11.789Z,2026-07-11T12:51:11.789Z,B,record-update,"The registered source published or hosts the record titled “United States v. Maxwell , No. 22-1426 (2d Cir. 2022)”.","This update alone does not establish wrongdoing, intent or coordinated action.",registry-linked,source-id-link,1
relationship-6dfe4f7715d0b03cdde6,published,source-doj-epstein-disclosures,finding-3c9a07efa8a2571114ff516c,doj-epstein-disclosures,U.S. Department of Justice — Epstein Disclosures,https://www.justice.gov/epstein/doj-disclosures/court-records-jane-doe-43-v-epstein-no-117-cv-00616-sdny-2017,2026-07-11T12:51:11.789Z,2026-07-11T12:51:11.789Z,B,record-update,"The registered source published or hosts the record titled “Jane Doe 43 v. Epstein , No. 1:17-cv-00616 (S.D.N.Y. 2017)”.","This update alone does not establish wrongdoing, intent or coordinated action.",registry-linked,source-id-link,1
relationship-bc8c94ad60d46a31123c,published,source-doj-epstein-disclosures,finding-3db20bff474c8f74511b1d29,doj-epstein-disclosures,U.S. Department of Justice — Epstein Disclosures,https://www.justice.gov/epstein/doj-disclosures/foia-florida,2026-07-11T12:51:11.789Z,2026-07-11T12:51:11.789Z,B,record-update,The registered source published or hosts the record titled “Florida”.,"This update alone does not establish wrongdoing, intent or coordinated action.",registry-linked,source-id-link,1
relationship-9c7d6ec2f0a9514dbed3,published,source-doj-epstein-disclosures,finding-3e7cedda981cdeefee8bfbaf,doj-epstein-disclosures,U.S. Department of Justice — Epstein Disclosures,https://www.justice.gov/epstein/doj-disclosures/court-records-united-states-v-epstein-no-119-cr-00490-sdny-2019,2026-07-11T12:51:11.789Z,2026-07-11T12:51:11.789Z,B,record-update,"The registered source published or hosts the record titled “United States v. Epstein , No. 1:19-cr-00490 (S.D.N.Y. 2019)”.","This update alone does not establish wrongdoing, intent or coordinated action.",registry-linked,source-id-link,1
relationship-b6258fe28e146e21afe7,published,source-doj-epstein-disclosures,finding-4812aa0c228c623c55fd3f6a,doj-epstein-disclosures,U.S. Department of Justice — Epstein Disclosures,https://www.justice.gov/epstein/doj-disclosures/court-records-doe-no-4-v-epstein-no-908-cv-80380-sd-fla-2008,2026-07-11T12:51:11.789Z,2026-07-11T12:51:11.789Z,B,record-update,"The registered source published or hosts the record titled “Doe No. 4 v. Epstein , No. 9:08-cv-80380 (S.D. Fla. 2008)”.","This update alone does not establish wrongdoing, intent or coordinated action.",registry-linked,source-id-link,1
relationship-d9861ff45cc2cfb36d70,published,source-doj-epstein-disclosures,finding-4ae04c302be77393d3102e4a,doj-epstein-disclosures,U.S. Department of Justice — Epstein Disclosures,https://www.justice.gov/epstein/doj-disclosures/court-records-doe-no-8-v-epstein-no-909-cv-80802-sd-fla-2009,2026-07-11T12:51:11.789Z,2026-07-11T12:51:11.789Z,B,record-update,"The registered source published or hosts the record titled “Doe No. 8 v. Epstein , No. 9:09-cv-80802 (S.D. Fla.)”.","This update alone does not establish wrongdoing, intent or coordinated action.",registry-linked,source-id-link,1
relationship-ba1f8e516a91814130c1,published,source-doj-epstein-disclosures,finding-4d1178946fce26a6a5e8f720,doj-epstein-disclosures,U.S. Department of Justice — Epstein Disclosures,https://www.justice.gov/epstein/doj-disclosures/court-records-doe-v-indyke-no-119-cv-11869-sdny-2019,2026-07-11T12:51:11.789Z,2026-07-11T12:51:11.789Z,B,record-update,"The registered source published or hosts the record titled “Doe v. Indyke , No. 1:19-cv-11869 (S.D.N.Y. 2019)”.","This update alone does not establish wrongdoing, intent or coordinated action.",registry-linked,source-id-link,1
relationship-ecece216f5c16dc86667,published,source-doj-epstein-disclosures,finding-4fcbcd42d1f1071dae897dbf,doj-epstein-disclosures,U.S. Department of Justice — Epstein Disclosures,https://www.justice.gov/epstein/doj-disclosures/foia-federal-bureau-prisons-bop,2026-07-11T12:51:11.789Z,2026-07-11T12:51:11.789Z,B,record-update,The registered source published or hosts the record titled “Federal Bureau of Prisons (BOP)”.,"This update alone does not establish wrongdoing, intent or coordinated action.",registry-linked,source-id-link,1
relationship-a456c842448b12d473aa,published,source-doj-epstein-disclosures,finding-50d0146d2e93de664ed427b4,doj-epstein-disclosures,U.S. Department of Justice — Epstein Disclosures,https://www.justice.gov/epstein/doj-disclosures/first-phase-declassified-epstein-files,2026-07-11T12:51:11.789Z,2026-07-11T12:51:11.789Z,B,document-release,The registered source published or hosts the record titled “First Phase of Declassified Epstein Files”.,"The document must be authenticated, dated, contextualised and corroborated before it supports an accusation.",registry-linked,source-id-link,1
relationship-5e243684857f8ef8d586,published,source-doj-epstein-disclosures,finding-527c4610afef184832bffc34,doj-epstein-disclosures,U.S. Department of Justice — Epstein Disclosures,https://www.justice.gov/epstein/doj-disclosures/court-records-epstein-v-no-sc15-2286-fla-sup-ct-2015,2026-07-11T12:51:11.789Z,2026-07-11T12:51:11.789Z,B,record-update,"The registered source published or hosts the record titled “Epstein v. [redacted] , No. SC15-2286 (Fla. Sup. Ct. 2015)”.","This update alone does not establish wrongdoing, intent or coordinated action.",registry-linked,source-id-link,1
relationship-5f7955f03aad22f84b16,published,source-doj-epstein-disclosures,finding-580476645c3c4f084b9427dd,doj-epstein-disclosures,U.S. Department of Justice — Epstein Disclosures,https://www.justice.gov/epstein/doj-disclosures/court-records-v-epstein-909-cv-81092-sd-fla-2009,2026-07-11T12:51:11.789Z,2026-07-11T12:51:11.789Z,B,record-update,"The registered source published or hosts the record titled “[redacted] v. Epstein , 9:09-cv-81092 (S.D. Fla. 2009)”.","This update alone does not establish wrongdoing, intent or coordinated action.",registry-linked,source-id-link,1
relationship-f9ff3fcf811733d13b7a,published,source-doj-epstein-disclosures,finding-58a8d2f9ddc676bc6c575053,doj-epstein-disclosures,U.S. Department of Justice — Epstein Disclosures,https://www.justice.gov/epstein/doj-disclosures/data-set-9-files,2026-07-11T12:51:11.789Z,2026-07-11T12:51:11.789Z,B,document-release,The registered source published or hosts the record titled “View files”.,"The document must be authenticated, dated, contextualised and corroborated before it supports an accusation.",registry-linked,source-id-link,1
relationship-8d4615bfe400dc28060c,published,source-doj-epstein-disclosures,finding-58b70a0201a8b0301acc9b4c,doj-epstein-disclosures,U.S. Department of Justice — Epstein Disclosures,https://www.justice.gov/epstein/doj-disclosures/data-set-5-files,2026-07-11T12:51:11.789Z,2026-07-11T12:51:11.789Z,B,document-release,The registered source published or hosts the record titled “View files”.,"The document must be authenticated, dated, contextualised and corroborated before it supports an accusation.",registry-linked,source-id-link,1
relationship-20e5c643fa01634954b4,published,source-doj-epstein-disclosures,finding-61b7eb9ffc5009da34e2975a,doj-epstein-disclosures,U.S. Department of Justice — Epstein Disclosures,https://www.justice.gov/epstein/doj-disclosures#main-content,2026-07-11T12:51:11.789Z,2026-07-11T12:51:11.789Z,B,record-update,The registered source published or hosts the record titled “Skip to main content”.,"This update alone does not establish wrongdoing, intent or coordinated action.",registry-linked,source-id-link,1
relationship-8a39ad334a4c52e440f4,published,source-doj-epstein-disclosures,finding-67423a41727ab0f989b498fd,doj-epstein-disclosures,U.S. Department of Justice — Epstein Disclosures,https://www.justice.gov/epstein/doj-disclosures/court-records-government-united-states-virgin-islands-v-jpmorgan-chase-bank-na-no-122-cv-10904-sdny-2022,2026-07-11T12:51:11.789Z,2026-07-11T12:51:11.789Z,B,record-update,"The registered source published or hosts the record titled “Government of the United States Virgin Islands v. JPMorgan Chase Bank , N.A., No. 1:22-cv-10904 (S.D.N.Y. 2022)”.","This update alone does not establish wrongdoing, intent or coordinated action.",registry-linked,source-id-link,1
relationship-ce50ee95828e4e192104,published,source-doj-epstein-disclosures,finding-6aa174d9e44246806f0e27d2,doj-epstein-disclosures,U.S. Department of Justice — Epstein Disclosures,https://www.justice.gov/epstein/doj-disclosures/data-set-11-files,2026-07-11T12:51:11.789Z,2026-07-11T12:51:11.789Z,B,document-release,The registered source published or hosts the record titled “View files”.,"The document must be authenticated, dated, contextualised and corroborated before it supports an accusation.",registry-linked,source-id-link,1
relationship-ccda5f3d19ad6a23f58f,published,source-doj-epstein-disclosures,finding-6b584347f3bc2b675c3f7bd2,doj-epstein-disclosures,U.S. Department of Justice — Epstein Disclosures,https://www.justice.gov/epstein/doj-disclosures/court-records-v-nine-east-71st-street-no-119-cv-07625-sdny-2019,2026-07-11T12:51:11.789Z,2026-07-11T12:51:11.789Z,B,record-update,"The registered source published or hosts the record titled “[redacted] v. Nine East 71st Street , No. 1:19-cv-07625 (S.D.N.Y. 2019)”.","This update alone does not establish wrongdoing, intent or coordinated action.",registry-linked,source-id-link,1
relationship-85f411c44b681384ff8b,published,source-doj-epstein-disclosures,finding-6da7bc5c0e901486c3247584,doj-epstein-disclosures,U.S. Department of Justice — Epstein Disclosures,https://www.justice.gov/epstein/doj-disclosures/court-records-doe-no-101-v-epstein-no-909-cv-80591-sd-fla-2009,2026-07-11T12:51:11.789Z,2026-07-11T12:51:11.789Z,B,record-update,"The registered source published or hosts the record titled “Doe No. 101 v. Epstein , No. 9:09-cv-80591 (S.D. Fla. 2009)”.","This update alone does not establish wrongdoing, intent or coordinated action.",registry-linked,source-id-link,1
relationship-4cd7076d1bd7c069a278,published,source-doj-epstein-disclosures,finding-76695ba4416b15324b90fc56,doj-epstein-disclosures,U.S. Department of Justice — Epstein Disclosures,https://www.justice.gov/epstein/doj-disclosures/court-records-v-indyke-no-119-cv-10479-sdny-2019,2026-07-11T12:51:11.789Z,2026-07-11T12:51:11.789Z,B,record-update,"The registered source published or hosts the record titled “[redacted] v. Indyke , No. 1:19-cv-10479 (S.D.N.Y. 2019)”.","This update alone does not establish wrongdoing, intent or coordinated action.",registry-linked,source-id-link,1
relationship-3c8d98e7efa783b0f764,published,source-doj-epstein-disclosures,finding-789052cd46551658a29a03c5,doj-epstein-disclosures,U.S. Department of Justice — Epstein Disclosures,https://www.justice.gov/epstein/doj-disclosures/maxwell-proffer,2026-07-11T12:51:11.789Z,2026-07-11T12:51:11.789Z,B,record-update,The registered source published or hosts the record titled “Maxwell Proffer”.,"This update alone does not establish wrongdoing, intent or coordinated action.",registry-linked,source-id-link,1
relationship-7ffd45a981744d9771b7,published,source-doj-epstein-disclosures,finding-7a60937558fedb552a156d6c,doj-epstein-disclosures,U.S. Department of Justice — Epstein Disclosures,https://www.justice.gov/epstein/doj-disclosures/court-records-ca-florida-holdings-llc-publisher-palm-beach-post-v-aronberg-no-50-2019-ca-014681-xxxx-mb,2026-07-11T12:51:11.789Z,2026-07-11T12:51:11.789Z,B,record-update,"The registered source published or hosts the record titled “CA Florida Holdings, LLC, Publisher of the Palm Beach Post v. Aronberg , No. 50-2019-CA-014681-XXXX-MB (Fla. 15th Cir. Ct. 2019)”.","This update alone does not establish wrongdoing, intent or coordinated action.",registry-linked,source-id-link,1
relationship-9c628ce1dba8be5e5727,published,source-doj-epstein-disclosures,finding-7b7038e1538f2d2c4bdfaa70,doj-epstein-disclosures,U.S. Department of Justice — Epstein Disclosures,https://www.justice.gov/epstein/doj-disclosures/court-records-united-states-v-epstein-no-19-2221-2d-cir-2019,2026-07-11T12:51:11.789Z,2026-07-11T12:51:11.789Z,B,record-update,"The registered source published or hosts the record titled “United States v. Epstein , No. 19-2221 (2d Cir. 2019)”.","This update alone does not establish wrongdoing, intent or coordinated action.",registry-linked,source-id-link,1
relationship-bea342cb553698023464,published,source-doj-epstein-disclosures,finding-7e24ede6753bcfaccd2af89c,doj-epstein-disclosures,U.S. Department of Justice — Epstein Disclosures,https://www.justice.gov/epstein/doj-disclosures/court-records-doe-no-103-v-epstein-no-910-cv-80309-sd-fla-2010,2026-07-11T12:51:11.789Z,2026-07-11T12:51:11.789Z,B,record-update,"The registered source published or hosts the record titled “Doe No. 103 v. Epstein , No. 9:10-cv-80309 (S.D. Fla 2010)”.","This update alone does not establish wrongdoing, intent or coordinated action.",registry-linked,source-id-link,1
relationship-40b2222b839d70186a91,published,source-doj-epstein-disclosures,finding-81bb12ffb67e4cd04cf56381,doj-epstein-disclosures,U.S. Department of Justice — Epstein Disclosures,https://www.justice.gov/epstein/doj-disclosures/court-records-doe-v-indyke-no-119-cv-08673-sdny-2019,2026-07-11T12:51:11.789Z,2026-07-11T12:51:11.789Z,B,record-update,"The registered source published or hosts the record titled “Doe v. Indyke , No. 1:19-cv-08673 (S.D.N.Y. 2019)”.","This update alone does not establish wrongdoing, intent or coordinated action.",registry-linked,source-id-link,1
relationship-b2e11566067944e6a491,published,source-doj-epstein-disclosures,finding-82b222bc942f00109559778e,doj-epstein-disclosures,U.S. Department of Justice — Epstein Disclosures,https://www.justice.gov/epstein/doj-disclosures/court-records-operating-engineers-construction-industry-and-miscellaneous-pension-fund-v-dimon-no-123-cv-03903,2026-07-11T12:51:11.789Z,2026-07-11T12:51:11.789Z,B,record-update,"The registered source published or hosts the record titled “Operating Engineers Construction Industry and Miscellaneous Pension Fund v. Dimon , No. 1:23-cv-03903”.","This update alone does not establish wrongdoing, intent or coordinated action.",registry-linked,source-id-link,1
relationship-ec359796c01bfb98bb4b,published,source-doj-epstein-disclosures,finding-8d70f67622b7206cf5b3f175,doj-epstein-disclosures,U.S. Department of Justice — Epstein Disclosures,https://www.justice.gov/epstein/doj-disclosures/court-records-epstein-v-rothstein-no-50-2009-ca-040800-xxxx-mb-fla-15th-cir-ct-2009,2026-07-11T12:51:11.789Z,2026-07-11T12:51:11.789Z,B,record-update,"The registered source published or hosts the record titled “Epstein v. Rothstein , No. 50-2009-CA-040800-XXXX-MB (Fla. 15th Cir. Ct. 2009)”.","This update alone does not establish wrongdoing, intent or coordinated action.",registry-linked,source-id-link,1
relationship-71553f253caec3f2ff67,published,source-doj-epstein-disclosures,finding-943304e449d24176112e3973,doj-epstein-disclosures,U.S. Department of Justice — Epstein Disclosures,https://www.justice.gov/epstein/doj-disclosures/court-records-doe-no-6-v-epstein-no-908-cv-80994-sd-fla-2008,2026-07-11T12:51:11.789Z,2026-07-11T12:51:11.789Z,B,record-update,"The registered source published or hosts the record titled “Doe No. 6 v. Epstein , No. 9:08-cv-80994 (S.D. Fla. 2008)”.","This update alone does not establish wrongdoing, intent or coordinated action.",registry-linked,source-id-link,1
relationship-4023aac73941438581ca,published,source-doj-epstein-disclosures,finding-9631b6d463cf1226af57353c,doj-epstein-disclosures,U.S. Department of Justice — Epstein Disclosures,https://www.justice.gov/opa/pr/department-justice-publishes-35-million-responsive-pages-compliance-epstein-files,2026-07-11T12:51:11.789Z,2026-07-11T12:51:11.789Z,B,document-release,The registered source published or hosts the record titled “Department of Justice Publishes 3.5 Million Responsive Pages in Compliance with the Epstein Files Transparency Act”.,"The document must be authenticated, dated, contextualised and corroborated before it supports an accusation.",registry-linked,source-id-link,1
relationship-c0723a6208be2607720f,published,source-doj-epstein-disclosures,finding-9a958437e50a2bb261dfb681,doj-epstein-disclosures,U.S. Department of Justice — Epstein Disclosures,https://www.justice.gov/epstein/doj-disclosures/court-records-united-states-v-maxwell-no-120-cr-00330-sdny-2020,2026-07-11T12:51:11.789Z,2026-07-11T12:51:11.789Z,B,record-update,"The registered source published or hosts the record titled “United States v. Maxwell , No. 1:20-cr-00330 (S.D.N.Y. 2020)”.","This update alone does not establish wrongdoing, intent or coordinated action.",registry-linked,source-id-link,1
relationship-f1c72cd4cefcc5f11420,published,source-doj-epstein-disclosures,finding-9da4b7bbdd81696ece0628fe,doj-epstein-disclosures,U.S. Department of Justice — Epstein Disclosures,https://www.justice.gov/epstein/doj-disclosures/court-records-doe-1000-v-indyke-no-119-cv-10577-sdny-2019,2026-07-11T12:51:11.789Z,2026-07-11T12:51:11.789Z,B,record-update,"The registered source published or hosts the record titled “Doe 1000 v. Indyke , No. 1:19-cv-10577 (S.D.N.Y. 2019)”.","This update alone does not establish wrongdoing, intent or coordinated action.",registry-linked,source-id-link,1
relationship-17f296405115f41c9d42,published,source-doj-epstein-disclosures,finding-a0f522c2384cc895ec05df53,doj-epstein-disclosures,U.S. Department of Justice — Epstein Disclosures,https://www.justice.gov/epstein/doj-disclosures/court-records-v-maxwell-no-117-mc-00025-sdny-2016,2026-07-11T12:51:11.789Z,2026-07-11T12:51:11.789Z,B,record-update,"The registered source published or hosts the record titled “[redacted] v. Maxwell , No. 1:17-mc-00025 (S.D.N.Y. 2016)”.","This update alone does not establish wrongdoing, intent or coordinated action.",registry-linked,source-id-link,1
relationship-fd84368a4a5a91de0184,published,source-doj-epstein-disclosures,finding-a45f1867dc1464bf90c6e61c,doj-epstein-disclosures,U.S. Department of Justice — Epstein Disclosures,https://www.justice.gov/epstein/doj-disclosures/court-records-v-indyke-no-119-cv-10474-sdny-2019,2026-07-11T12:51:11.789Z,2026-07-11T12:51:11.789Z,B,record-update,"The registered source published or hosts the record titled “[redacted] v. Indyke , No. 1:19-cv-10474 (S.D.N.Y. 2019)”.","This update alone does not establish wrongdoing, intent or coordinated action.",registry-linked,source-id-link,1
relationship-7c91cf80e10bdd57eac5,published,source-doj-epstein-disclosures,finding-a686c1895495c9d09960946f,doj-epstein-disclosures,U.S. Department of Justice — Epstein Disclosures,https://www.justice.gov/epstein/doj-disclosures/bop-video-footage,2026-07-11T12:51:11.789Z,2026-07-11T12:51:11.789Z,B,record-update,The registered source published or hosts the record titled “BOP Video Footage”.,"This update alone does not establish wrongdoing, intent or coordinated action.",registry-linked,source-id-link,1
relationship-304906c7f3324a7d8427,published,source-doj-epstein-disclosures,finding-a7105482b520092289b997f6,doj-epstein-disclosures,U.S. Department of Justice — Epstein Disclosures,https://www.justice.gov/epstein/doj-disclosures/court-records-state-florida-v-epstein-no-50-2008-cf-009381-axxx-mb-fla-15th-cir-ct-2008,2026-07-11T12:51:11.789Z,2026-07-11T12:51:11.789Z,B,record-update,"The registered source published or hosts the record titled “State of Florida v. Epstein , No. 50-2008-CF-009381-AXXX-MB (Fla. 15th Cir. Ct. 2008)”.","This update alone does not establish wrongdoing, intent or coordinated action.",registry-linked,source-id-link,1
relationship-7cda8dd9049931d87fc2,published,source-doj-epstein-disclosures,finding-b03056213cc10a2476cda438,doj-epstein-disclosures,U.S. Department of Justice — Epstein Disclosures,https://www.justice.gov/epstein/doj-disclosures/data-set-3-files,2026-07-11T12:51:11.789Z,2026-07-11T12:51:11.789Z,B,document-release,The registered source published or hosts the record titled “View files”.,"The document must be authenticated, dated, contextualised and corroborated before it supports an accusation.",registry-linked,source-id-link,1
relationship-33fcf51a09333f229481,published,source-doj-epstein-disclosures,finding-b4d03b1ddc5dfe58d7fd652e,doj-epstein-disclosures,U.S. Department of Justice — Epstein Disclosures,https://www.justice.gov/epstein/doj-disclosures/court-records-matter-estate-jeffrey-e-epstein-deceased-no-st-21-rv-00005-vi-super-ct-2021,2026-07-11T12:51:11.789Z,2026-07-11T12:51:11.789Z,B,record-update,"The registered source published or hosts the record titled “Matter of the Estate of Jeffrey E. Epstein, Deceased , No. ST-21-RV-00005 (V.I. Super. Ct. 2021)”.","This update alone does not establish wrongdoing, intent or coordinated action.",registry-linked,source-id-link,1
relationship-2999f8a8a4f041eba815,published,source-doj-epstein-disclosures,finding-b6cea3e082955199ac1ce775,doj-epstein-disclosures,U.S. Department of Justice — Epstein Disclosures,https://www.justice.gov/epstein/doj-disclosures/data-set-2-files,2026-07-11T12:51:11.789Z,2026-07-11T12:51:11.789Z,B,document-release,The registered source published or hosts the record titled “View files”.,"The document must be authenticated, dated, contextualised and corroborated before it supports an accusation.",registry-linked,source-id-link,1
relationship-d3937f1739a7241cc9f3,published,source-doj-epstein-disclosures,finding-b6ffa72678720ed7406ccfa3,doj-epstein-disclosures,U.S. Department of Justice — Epstein Disclosures,https://www.justice.gov/epstein/doj-disclosures/court-records-united-states-v-maxwell-no-120-mj-00132-dnh-2020,2026-07-11T12:51:11.789Z,2026-07-11T12:51:11.789Z,B,record-update,"The registered source published or hosts the record titled “United States v. Maxwell , No. 1:20-mj-00132 (D.N.H. 2020)”.","This update alone does not establish wrongdoing, intent or coordinated action.",registry-linked,source-id-link,1
relationship-dabca88feda21b459574,published,source-doj-epstein-disclosures,finding-be650c5fb982d24e1b30cdca,doj-epstein-disclosures,U.S. Department of Justice — Epstein Disclosures,http://www.facebook.com/sharer/sharer.php?u=https://www.justice.gov/epstein/doj-disclosures,2026-07-11T12:51:11.789Z,2026-07-11T12:51:11.789Z,B,record-update,The registered source published or hosts the record titled “Facebook”.,"This update alone does not establish wrongdoing, intent or coordinated action.",registry-linked,source-id-link,1
relationship-7a969e9228be33d75972,published,source-doj-epstein-disclosures,finding-c022c6c16732bb0ad1abc191,doj-epstein-disclosures,U.S. Department of Justice — Epstein Disclosures,https://www.justice.gov/epstein/doj-disclosures/court-records-doe-no-102-v-epstein-no-909-cv-80656-sd-fla-2009,2026-07-11T12:51:11.789Z,2026-07-11T12:51:11.789Z,B,record-update,"The registered source published or hosts the record titled “Doe No. 102 v. Epstein , No. 9:09-cv-80656 (S.D. Fla. 2009)”.","This update alone does not establish wrongdoing, intent or coordinated action.",registry-linked,source-id-link,1
relationship-8cc6588cb9ab4e6f66fe,published,source-doj-epstein-disclosures,finding-cbd46140f573612814a8aeba,doj-epstein-disclosures,U.S. Department of Justice — Epstein Disclosures,https://www.justice.gov/epstein/doj-disclosures/court-records-doe-v-epstein-no-909-v-80469-sd-fla-2009,2026-07-11T12:51:11.789Z,2026-07-11T12:51:11.789Z,B,record-update,"The registered source published or hosts the record titled “Doe v. Epstein , No. 9:09-v-80469 (S.D. Fla. 2009)”.","This update alone does not establish wrongdoing, intent or coordinated action.",registry-linked,source-id-link,1
relationship-066f3108612b322537f7,published,source-doj-epstein-disclosures,finding-cbe37998b4486fdf1f877814,doj-epstein-disclosures,U.S. Department of Justice — Epstein Disclosures,https://www.justice.gov/media/1426281/dl?inline,2026-07-11T12:51:11.789Z,2026-07-11T12:51:11.789Z,B,document-release,The registered source published or hosts the record titled “Attorney Review Protocol for Epstein Files”.,"The document must be authenticated, dated, contextualised and corroborated before it supports an accusation.",registry-linked,source-id-link,1
relationship-72aaf2b1018ca0cfe235,published,source-doj-epstein-disclosures,finding-d2b8825ad95d8d6c890e0b21,doj-epstein-disclosures,U.S. Department of Justice — Epstein Disclosures,https://www.justice.gov/epstein/doj-disclosures/court-records-doe-v-epstein-no-908-cv-80069-sd-fla-2008,2026-07-11T12:51:11.789Z,2026-07-11T12:51:11.789Z,B,record-update,"The registered source published or hosts the record titled “Doe v. Epstein , No. 9:08-cv-80069 (S.D. Fla. 2008)”.","This update alone does not establish wrongdoing, intent or coordinated action.",registry-linked,source-id-link,1
relationship-b4c724f51c7da646099d,published,source-doj-epstein-disclosures,finding-d65be839500a5fe9813405d4,doj-epstein-disclosures,U.S. Department of Justice — Epstein Disclosures,https://www.justice.gov/epstein/doj-disclosures/data-set-7-files,2026-07-11T12:51:11.789Z,2026-07-11T12:51:11.789Z,B,document-release,The registered source published or hosts the record titled “View files”.,"The document must be authenticated, dated, contextualised and corroborated before it supports an accusation.",registry-linked,source-id-link,1
relationship-05ea321a0b88fe7a3e8b,published,source-doj-epstein-disclosures,finding-dea2301f4b7a354af24238a4,doj-epstein-disclosures,U.S. Department of Justice — Epstein Disclosures,https://www.justice.gov/epstein/doj-disclosures/foia-customs-and-border-protection-cbp,2026-07-11T12:51:11.789Z,2026-07-11T12:51:11.789Z,B,record-update,The registered source published or hosts the record titled “Customs and Border Protection (CBP)”.,"This update alone does not establish wrongdoing, intent or coordinated action.",registry-linked,source-id-link,1
relationship-18007a7d344699bf9894,published,source-doj-epstein-disclosures,finding-e091e9ef03bc7d3d36969bf0,doj-epstein-disclosures,U.S. Department of Justice — Epstein Disclosures,https://www.justice.gov/epstein/doj-disclosures/data-set-12-files,2026-07-11T12:51:11.789Z,2026-07-11T12:51:11.789Z,B,document-release,The registered source published or hosts the record titled “View files”.,"The document must be authenticated, dated, contextualised and corroborated before it supports an accusation.",registry-linked,source-id-link,1
relationship-14e224c3bccce2b1d2d9,published,source-doj-epstein-disclosures,finding-e19f403793261923a3244e16,doj-epstein-disclosures,U.S. Department of Justice — Epstein Disclosures,https://www.justice.gov/epstein/doj-disclosures/court-records-v-maxwell-no-115-cv-07433-sdny-2015,2026-07-11T12:51:11.789Z,2026-07-11T12:51:11.789Z,B,record-update,"The registered source published or hosts the record titled “[redacted] v. Maxwell , No. 1:15-cv-07433 (S.D.N.Y. 2015)”.","This update alone does not establish wrongdoing, intent or coordinated action.",registry-linked,source-id-link,1
relationship-57b657df96cb19059141,published,source-doj-epstein-disclosures,finding-e4d374fd2a41651d4de038cc,doj-epstein-disclosures,U.S. Department of Justice — Epstein Disclosures,https://www.justice.gov/epstein/doj-disclosures/data-set-6-files,2026-07-11T12:51:11.789Z,2026-07-11T12:51:11.789Z,B,document-release,The registered source published or hosts the record titled “View files”.,"The document must be authenticated, dated, contextualised and corroborated before it supports an accusation.",registry-linked,source-id-link,1
relationship-198fd0acfca0797ae8bf,published,source-doj-epstein-disclosures,finding-e7ec714af3a517ae0b8fe68c,doj-epstein-disclosures,U.S. Department of Justice — Epstein Disclosures,https://www.justice.gov/epstein/doj-disclosures/court-records-maxwell-v-united-states-no-24-1073-us-2025-petition-cert,2026-07-11T12:51:11.789Z,2026-07-11T12:51:11.789Z,B,record-update,"The registered source published or hosts the record titled “Maxwell v. United States , No. 24-1073 (U.S. 2025) (petition for cert.)”.","This update alone does not establish wrongdoing, intent or coordinated action.",registry-linked,source-id-link,1
relationship-e70411c29b4d3694b424,published,source-doj-epstein-disclosures,finding-e986f2f565b8f10ac56cd395,doj-epstein-disclosures,U.S. Department of Justice — Epstein Disclosures,https://www.justice.gov/epstein/doj-disclosures/court-records-maxwell-v-estate-jeffrey-epstein-no-st-20-cv-155-vi-super-ct-2020,2026-07-11T12:51:11.789Z,2026-07-11T12:51:11.789Z,B,record-update,"The registered source published or hosts the record titled “Maxwell v. Estate of Jeffrey Epstein , No. ST-20-CV-155 (V.I. Super. Ct. 2020)”.","This update alone does not establish wrongdoing, intent or coordinated action.",registry-linked,source-id-link,1
relationship-32f90f85cd88cd57e6f0,published,source-doj-epstein-disclosures,finding-ed0ea038df1656aae85f9da0,doj-epstein-disclosures,U.S. Department of Justice — Epstein Disclosures,https://www.justice.gov/epstein/search,2026-07-11T12:51:11.789Z,2026-07-11T12:51:11.789Z,B,record-update,The registered source published or hosts the record titled “Search Full Library”.,"This update alone does not establish wrongdoing, intent or coordinated action.",registry-linked,source-id-link,1
relationship-9b3c3255233417e86ac6,published,source-doj-epstein-disclosures,finding-eea08e12995de57c7b8f279d,doj-epstein-disclosures,U.S. Department of Justice — Epstein Disclosures,https://www.justice.gov/epstein/doj-disclosures/data-set-4-files,2026-07-11T12:51:11.789Z,2026-07-11T12:51:11.789Z,B,document-release,The registered source published or hosts the record titled “View files”.,"The document must be authenticated, dated, contextualised and corroborated before it supports an accusation.",registry-linked,source-id-link,1
relationship-9d77ef563ed244b2a53a,published,source-doj-epstein-disclosures,finding-f3300dd4dbd88dfcfeef6587,doj-epstein-disclosures,U.S. Department of Justice — Epstein Disclosures,http://www.linkedin.com/shareArticle?mini=true&amp;url=https://www.justice.gov/epstein/doj-disclosures&amp;title=DOJ%20Disclosures,2026-07-11T12:51:11.789Z,2026-07-11T12:51:11.789Z,B,record-update,The registered source published or hosts the record titled “LinkedIn”.,"This update alone does not establish wrongdoing, intent or coordinated action.",registry-linked,source-id-link,1
relationship-1fccb4272844363d3aaa,published,source-doj-epstein-disclosures,finding-f35e0416dece6a9b28697803,doj-epstein-disclosures,U.S. Department of Justice — Epstein Disclosures,https://www.justice.gov/epstein/doj-disclosures/court-records-v-indyke-no-119-cv-10476-sdny-2019,2026-07-11T12:51:11.789Z,2026-07-11T12:51:11.789Z,B,record-update,"The registered source published or hosts the record titled “[redacted] v. Indyke , No. 1:19-cv-10476 (S.D.N.Y. 2019)”.","This update alone does not establish wrongdoing, intent or coordinated action.",registry-linked,source-id-link,1
relationship-2dec87e8dc5672f268fa,published,source-doj-epstein-disclosures,finding-fa96f7b05fc88177b7556b23,doj-epstein-disclosures,U.S. Department of Justice — Epstein Disclosures,https://www.justice.gov/epstein/doj-disclosures/court-records-v-indyke-no-119-cv-10475-sdny-2019,2026-07-11T12:51:11.789Z,2026-07-11T12:51:11.789Z,B,record-update,"The registered source published or hosts the record titled “[redacted] v. Indyke , No. 1:19-cv-10475 (S.D.N.Y. 2019)”.","This update alone does not establish wrongdoing, intent or coordinated action.",registry-linked,source-id-link,1
relationship-35b32e29739a5c0a6933,published,source-doj-epstein-disclosures,finding-fab40c3ed27b9a14218b09df,doj-epstein-disclosures,U.S. Department of Justice — Epstein Disclosures,https://www.justice.gov/epstein/doj-disclosures/court-records-united-states-v-maxwell-no-20-3061-2d-cir-2020,2026-07-11T12:51:11.789Z,2026-07-11T12:51:11.789Z,B,record-update,"The registered source published or hosts the record titled “United States v. Maxwell , No. 20-3061 (2d Cir. 2020)”.","This update alone does not establish wrongdoing, intent or coordinated action.",registry-linked,source-id-link,1
relationship-d3d7304d77c57805e3eb,published,source-doj-epstein-disclosures,finding-fb8bc3e6e5e5baac3f97d5b3,doj-epstein-disclosures,U.S. Department of Justice — Epstein Disclosures,https://www.justice.gov/epstein/doj-disclosures/court-records-doe-no-3-v-epstein-no-908-cv-80232-sd-fla-2008,2026-07-11T12:51:11.789Z,2026-07-11T12:51:11.789Z,B,record-update,"The registered source published or hosts the record titled “Doe No. 3 v. Epstein , No. 9:08-cv-80232 (S.D. Fla. 2008)”.","This update alone does not establish wrongdoing, intent or coordinated action.",registry-linked,source-id-link,1
relationship-362d602a06b1f5fb105a,published,source-doj-epstein-disclosures,finding-fd7ff5fb4b01c9edc8b36b1c,doj-epstein-disclosures,U.S. Department of Justice — Epstein Disclosures,https://www.justice.gov/epstein/doj-disclosures/data-set-1-files,2026-07-11T12:51:11.789Z,2026-07-11T12:51:11.789Z,B,document-release,The registered source published or hosts the record titled “View files”.,"The document must be authenticated, dated, contextualised and corroborated before it supports an accusation.",registry-linked,source-id-link,1
relationship-eb1e48c77195016e2a26,published,source-doj-justice-news,finding-b2440144f917a2ad008b8101,doj-justice-news,U.S. Department of Justice — Justice News,https://www.justice.gov/news,2026-07-11T12:51:11.789Z,2026-07-11T12:51:11.789Z,B,record-update,The registered source published or hosts the record titled “U.S. Department of Justice — Justice News source page checked”.,"This update alone does not establish wrongdoing, intent or coordinated action.",registry-linked,source-id-link,1
relationship-fd81aa48204785180c44,published,source-doj-oig-reports,finding-15dffef48a581fade619e3f3,doj-oig-reports,U.S. Department of Justice Office of Inspector General — Reports,https://oig.justice.gov/reports/audit-office-community-oriented-policing-services-technology-and-equipment-program-grant,2026-07-11T12:51:11.789Z,2026-07-11T12:51:11.789Z,A,official-audit-finding,"The registered source published or hosts the record titled “Audit of the Office of Community Oriented Policing Services Technology and Equipment Program Grant Awarded to Ramsey County, Ramsey County, Minnesota”.","An audit finding may describe control failure, waste or misconduct without establishing a criminal offence.",registry-linked,source-id-link,1
relationship-2ea8c1b1942380af66ec,published,source-doj-oig-reports,finding-24320a02f214ed14e90559e9,doj-oig-reports,U.S. Department of Justice Office of Inspector General — Reports,https://oig.justice.gov/reports/audit-department-justices-information-system-inventory-management,2026-07-11T12:51:11.789Z,2026-07-11T12:51:11.789Z,A,official-audit-finding,The registered source published or hosts the record titled “Audit of the Department of Justice&#039;s Information System Inventory Management”.,"An audit finding may describe control failure, waste or misconduct without establishing a criminal offence.",registry-linked,source-id-link,1
relationship-cda4fe536a375784275c,published,source-doj-oig-reports,finding-788d34968a553c21b453392e,doj-oig-reports,U.S. Department of Justice Office of Inspector General — Reports,https://oig.justice.gov/reports/audit-utilization-office-violence-against-womens-stop-services-training-officers-and,2026-07-11T12:51:11.789Z,2026-07-11T12:51:11.789Z,A,official-audit-finding,"The registered source published or hosts the record titled “Audit of the Utilization of the Office on Violence Against Women&#039;s STOP (Services, Training, Officers, and Prosecutors) Violence Against Women and Sexual Assault Services Formula Grant Programs”.","An audit finding may describe control failure, waste or misconduct without establishing a criminal offence.",registry-linked,source-id-link,1
relationship-462e1d1b50b8723d3dbc,published,source-doj-oig-reports,finding-8b1fb687716942f38d1f5698,doj-oig-reports,U.S. Department of Justice Office of Inspector General — Reports,https://oig.justice.gov/reports/audit-broward-sheriffs-office-equitable-sharing-program-activities-broward-county-florida,2026-07-11T12:51:11.789Z,2026-07-11T12:51:11.789Z,A,official-audit-finding,"The registered source published or hosts the record titled “Audit of the Broward Sheriff&#039;s Office Equitable Sharing Program Activities, Broward County, Florida”.","An audit finding may describe control failure, waste or misconduct without establishing a criminal offence.",registry-linked,source-id-link,1
relationship-df78dd90fae919a4da10,published,source-doj-oig-reports,finding-9c5d605a945dd4ee64d0704d,doj-oig-reports,U.S. Department of Justice Office of Inspector General — Reports,https://oig.justice.gov/reports/audit-drug-enforcement-administrations-registration-process-medical-practitioners,2026-07-11T12:51:11.789Z,2026-07-11T12:51:11.789Z,A,official-audit-finding,The registered source published or hosts the record titled “Audit of the Drug Enforcement Administration’s Registration Process for Medical Practitioners”.,"An audit finding may describe control failure, waste or misconduct without establishing a criminal offence.",registry-linked,source-id-link,1
relationship-12d0dc63c6c108990532,published,source-doj-oig-reports,finding-9e059c64ab03f9499cfe4d3b,doj-oig-reports,U.S. Department of Justice Office of Inspector General — Reports,https://oig.justice.gov/investigations/criminal_and_civil_cases,2026-07-11T12:51:11.789Z,2026-07-11T12:51:11.789Z,B,record-update,The registered source published or hosts the record titled “Criminal and Civil Cases”.,"This update alone does not establish wrongdoing, intent or coordinated action.",registry-linked,source-id-link,1
relationship-ff9fd8c6de9dcc86416d,published,source-doj-oig-reports,finding-b1b23ce406d595f69cad6128,doj-oig-reports,U.S. Department of Justice Office of Inspector General — Reports,https://oig.justice.gov/reports/audit-office-justice-programs-victim-assistance-grants-awarded-executive-office-state,2026-07-11T12:51:11.789Z,2026-07-11T12:51:11.789Z,A,official-audit-finding,"The registered source published or hosts the record titled “Audit of the Office of Justice Programs Victim Assistance Grants Awarded to the Executive Office of the State of Kansas Governor&#039;s Grants Program, Topeka, Kansas”.","An audit finding may describe control failure, waste or misconduct without establishing a criminal offence.",registry-linked,source-id-link,1
relationship-e14c79e93cdf7ff79350,published,source-doj-oig-reports,finding-b37c9a412361f2d7a25f808f,doj-oig-reports,U.S. Department of Justice Office of Inspector General — Reports,https://oig.justice.gov/recommendations,2026-07-11T12:51:11.789Z,2026-07-11T12:51:11.789Z,B,record-update,The registered source published or hosts the record titled “Recommendations”.,"This update alone does not establish wrongdoing, intent or coordinated action.",registry-linked,source-id-link,1
relationship-ebd779fd43a4b788da93,published,source-doj-oig-reports,finding-b7e2c1d50c596623743f851b,doj-oig-reports,U.S. Department of Justice Office of Inspector General — Reports,https://oig.justice.gov/reports/investigative-summary-finding-misconduct-then-fbi-assistant-director-dereliction,2026-07-11T12:51:11.789Z,2026-07-11T12:51:11.789Z,B,wrongdoing-lead,The registered source published or hosts the record titled “Investigative Summary: Finding of Misconduct by a then FBI Assistant Director for Dereliction of Supervisory Responsibility”.,"Keyword matching is triage, not a verdict. The underlying record controls the conclusion.",registry-linked,source-id-link,1
relationship-8baaf75e29592a887043,published,source-doj-oig-reports,finding-c79dfedc829c895d2877ff01,doj-oig-reports,U.S. Department of Justice Office of Inspector General — Reports,https://oig.justice.gov/reports/audit-office-justice-programs-bureau-justice-assistance-students-teachers-and-officers,2026-07-11T12:51:11.789Z,2026-07-11T12:51:11.789Z,A,official-audit-finding,"The registered source published or hosts the record titled “Audit of the Office of Justice Programs Bureau of Justice Assistance Students, Teachers, and Officers Preventing School Violence Act Grant Awarded to the University of Alabama, Tuscaloosa, Alabama”.","An audit finding may describe control failure, waste or misconduct without establishing a criminal offence.",registry-linked,source-id-link,1
relationship-26ea311ba5283b960b4f,published,source-doj-oig-reports,finding-cc8f59352eadaf0bcb09933a,doj-oig-reports,U.S. Department of Justice Office of Inspector General — Reports,https://oig.justice.gov/about/grant-audits,2026-07-11T12:51:11.789Z,2026-07-11T12:51:11.789Z,A,official-audit-finding,The registered source published or hosts the record titled “Webinar for Grantees: The Audit Process”.,"An audit finding may describe control failure, waste or misconduct without establishing a criminal offence.",registry-linked,source-id-link,1
relationship-90fce9086bad9e698ffa,published,source-doj-oig-reports,finding-e117d09ac91faef52b92faae,doj-oig-reports,U.S. Department of Justice Office of Inspector General — Reports,https://oig.justice.gov/reports/audit-us-department-justices-fiscal-year-2025-compliance-payment-integrity-information-act,2026-07-11T12:51:11.789Z,2026-07-11T12:51:11.789Z,A,official-audit-finding,The registered source published or hosts the record titled “Audit of the U.S. Department of Justice&#039;s Fiscal Year 2025 Compliance with the Payment Integrity Information Act of 2019 Reporting Requirements”.,"An audit finding may describe control failure, waste or misconduct without establishing a criminal offence.",registry-linked,source-id-link,1
relationship-44db76a814a22c8649f2,published,source-doj-oig-reports,finding-f399699069f8a2c66489cee3,doj-oig-reports,U.S. Department of Justice Office of Inspector General — Reports,https://oig.justice.gov/reports/type/investigation,2026-07-11T12:51:11.789Z,2026-07-11T12:51:11.789Z,B,wrongdoing-lead,The registered source published or hosts the record titled “Misconduct Findings”.,"Keyword matching is triage, not a verdict. The underlying record controls the conclusion.",registry-linked,source-id-link,1
relationship-b73556fafce8c40cf34a,published,source-doj-oig-reports,finding-fc5ac22f918f609e4dadff7e,doj-oig-reports,U.S. Department of Justice Office of Inspector General — Reports,https://oig.justice.gov/reports/audit-office-justice-programs-victim-assistance-funds-subawarded-delaware-criminal-0,2026-07-11T12:51:11.789Z,2026-07-11T12:51:11.789Z,A,official-audit-finding,"The registered source published or hosts the record titled “Audit of the Office of Justice Programs Victim Assistance Funds Subawarded by the Delaware Criminal Justice Council to the YWCA Delaware, Inc. Wilmington, Delaware”.","An audit finding may describe control failure, waste or misconduct without establishing a criminal offence.",registry-linked,source-id-link,1
relationship-ebdf40b25b70fec32e15,published,source-eppo-news,finding-0b718521918db4043f65fa12,eppo-news,European Public Prosecutor's Office — News,https://www.eppo.europa.eu/media/news/investigation-water-wine-11-arrests-probe-international-criminal-organisation-suspected-multi-2026-06-29_en,2026-07-11T12:51:11.789Z,2026-07-11T12:51:11.789Z,B,wrongdoing-lead,The registered source published or hosts the record titled “Investigation Water into Wine: 11 arrests as probe into international criminal organisation suspected of multi-million-euro VAT fraud involving sales of diesel expands”.,"Keyword matching is triage, not a verdict. The underlying record controls the conclusion.",registry-linked,source-id-link,1
relationship-db877437feddb2b4c4ec,published,source-eppo-news,finding-12c7ff2a30b38675cb1048c3,eppo-news,European Public Prosecutor's Office — News,https://www.eppo.europa.eu/media/news/france-eppo-conducts-searches-probe-large-scale-vat-carousel-fraud-2026-06-29_en,2026-07-11T12:51:11.789Z,2026-07-11T12:51:11.789Z,B,wrongdoing-lead,The registered source published or hosts the record titled “France: EPPO conducts searches in probe into large-scale VAT carousel fraud”.,"Keyword matching is triage, not a verdict. The underlying record controls the conclusion.",registry-linked,source-id-link,1
relationship-9ae2d459c2b1211b385b,published,source-eppo-news,finding-4e47bc95f9c748f74a144169,eppo-news,European Public Prosecutor's Office — News,https://www.eppo.europa.eu/media/news/greece-57-convicted-eur17-million-agricultural-subsidy-fraud-involving-national-reserve-payments-2026-07-08_en,2026-07-11T12:51:11.789Z,2026-07-11T12:51:11.789Z,A,established-wrongdoing,The registered source published or hosts the record titled “Greece: 57 convicted in €1.7 million agricultural subsidy fraud involving National Reserve payments”.,"The finding applies only to the conduct, parties and legal outcome stated in the official record. It does not justify unrelated accusations.",registry-linked,source-id-link,1
relationship-b0818f8440dff482bec0,published,source-eppo-news,finding-61c566f5ca2f10c17fb3bbcf,eppo-news,European Public Prosecutor's Office — News,https://www.eppo.europa.eu/media/news/italy-eppo-seizes-over-eur235-million-investigation-vat-fraud-fuel-sector-2026-07-01_en,2026-07-11T12:51:11.789Z,2026-07-11T12:51:11.789Z,B,wrongdoing-lead,The registered source published or hosts the record titled “Italy: EPPO seizes over €23.5 million in investigation into VAT fraud in the fuel sector”.,"Keyword matching is triage, not a verdict. The underlying record controls the conclusion.",registry-linked,source-id-link,1
relationship-8703d990ae349185b73e,published,source-eppo-news,finding-667a15fb611f896c3d723b54,eppo-news,European Public Prosecutor's Office — News,https://www.eppo.europa.eu/media/news/italy-one-suspect-pleads-guilty-yacht-import-customs-fraud-case-another-indicted-2026-06-26_en,2026-07-11T12:51:11.789Z,2026-07-11T12:51:11.789Z,B,official-charge-or-allegation,"The registered source published or hosts the record titled “Italy: One suspect pleads guilty in yacht import customs fraud case, another indicted”.",A charge or allegation is not proof of guilt. The presumption of innocence and later court outcome must remain visible.,registry-linked,source-id-link,1
relationship-eb429a9e2ecd8e186324,published,source-eppo-news,finding-8bc7d34cb44aa76bf9bb2db1,eppo-news,European Public Prosecutor's Office — News,https://www.eppo.europa.eu/media/news/investigation-huracan-searches-seizures-and-arrests-germany-poland-and-netherlands-large-scale-vat-2026-07-10_en,2026-07-11T12:51:11.789Z,2026-07-11T12:51:11.789Z,B,wrongdoing-lead,"The registered source published or hosts the record titled “Investigation Huracán: Searches, seizures and arrests in Germany, Poland and the Netherlands in large-scale VAT fraud”.","Keyword matching is triage, not a verdict. The underlying record controls the conclusion.",registry-linked,source-id-link,1
relationship-28da55eff6f3f940f79a,published,source-eppo-news,finding-96b05c92e631496231657f3b,eppo-news,European Public Prosecutor's Office — News,https://www.eppo.europa.eu/media/news/croatia-first-verdict-corruption-and-eu-funds-misuse-case-involving-ministry-culture-and-faculty-2026-07-07_en,2026-07-11T12:51:11.789Z,2026-07-11T12:51:11.789Z,B,wrongdoing-lead,The registered source published or hosts the record titled “Croatia: First verdict in corruption and EU funds misuse case involving Ministry of Culture and Faculty of Geodesy”.,"Keyword matching is triage, not a verdict. The underlying record controls the conclusion.",registry-linked,source-id-link,1
relationship-3d443519a12db4f55cc7,published,source-eppo-news,finding-c60a27ccfee7fa248cf1c35b,eppo-news,European Public Prosecutor's Office — News,https://www.eppo.europa.eu/media/news/germany-eppo-carries-out-searches-probe-subsidy-fraud-involving-eu-migration-and-integration-funds-2026-07-01_en,2026-07-11T12:51:11.789Z,2026-07-11T12:51:11.789Z,B,wrongdoing-lead,The registered source published or hosts the record titled “Germany: EPPO carries out searches in probe into subsidy fraud involving EU migration and integration funds”.,"Keyword matching is triage, not a verdict. The underlying record controls the conclusion.",registry-linked,source-id-link,1
relationship-b47b8011755a03a4d199,published,source-eppo-news,finding-f71442bccefdb117a7ffd354,eppo-news,European Public Prosecutor's Office — News,https://www.eppo.europa.eu/media/news/bulgaria-eppo-detains-eight-suspects-over-eur900-000-subsidy-fraud-involving-employment-benefits-2026-06-30_en,2026-07-11T12:51:11.789Z,2026-07-11T12:51:11.789Z,B,wrongdoing-lead,The registered source published or hosts the record titled “Bulgaria: EPPO detains eight suspects over €900 000 subsidy fraud involving employment benefits”.,"Keyword matching is triage, not a verdict. The underlying record controls the conclusion.",registry-linked,source-id-link,1
relationship-afa3a4b832304ed64cde,published,source-federal-register-latest,finding-00ab7c945252e9fbab490867,federal-register-latest,Federal Register — Latest Documents,https://www.federalregister.gov/documents/2026/07/10/2026-13998/facilitating-implementation-of-next-generation-911-services-ng911-improving-911-reliability,2026-07-10T00:00:00.000Z,2026-07-11T12:51:11.789Z,B,record-update,The registered source published or hosts the record titled “Facilitating Implementation of Next Generation 911 Services (NG911); Improving 911 Reliability”.,"This update alone does not establish wrongdoing, intent or coordinated action.",registry-linked,source-id-link,1
relationship-9c338fe52f03e1db90cb,published,source-federal-register-latest,finding-0509388288a2d4d3d0437661,federal-register-latest,Federal Register — Latest Documents,https://www.federalregister.gov/documents/2026/07/13/2026-14009/agency-information-collection-activities-proposed-collection-comment-request-extension-form-2-e,2026-07-13T00:00:00.000Z,2026-07-11T12:51:11.789Z,B,record-update,"The registered source published or hosts the record titled “Agency Information Collection Activities; Proposed Collection; Comment Request; Extension: Form 2-E, Report Pursuant to Rule 609 and Regulation E”.","This update alone does not establish wrongdoing, intent or coordinated action.",registry-linked,source-id-link,1
relationship-3ea7cb7ad764a408b713,published,source-federal-register-latest,finding-055cb11595ad841e8cdf691b,federal-register-latest,Federal Register — Latest Documents,https://www.federalregister.gov/documents/2026/07/13/2026-14067/large-diameter-graphite-electrodes-from-india-postponement-of-preliminary-determination-in-the,2026-07-13T00:00:00.000Z,2026-07-11T12:51:11.789Z,B,record-update,The registered source published or hosts the record titled “Large Diameter Graphite Electrodes From India: Postponement of Preliminary Determination in the Less-Than-Fair-Value Investigation”.,"This update alone does not establish wrongdoing, intent or coordinated action.",registry-linked,source-id-link,1
relationship-274d00d5dda7b545f713,published,source-federal-register-latest,finding-0937e7b7df8b3ff2cd4cdaa0,federal-register-latest,Federal Register — Latest Documents,https://www.federalregister.gov/documents/2026/07/13/2026-14001/national-human-genome-research-institute-notice-of-meeting,2026-07-13T00:00:00.000Z,2026-07-11T12:51:11.789Z,B,record-update,The registered source published or hosts the record titled “National Human Genome Research Institute; Notice of Meeting”.,"This update alone does not establish wrongdoing, intent or coordinated action.",registry-linked,source-id-link,1
relationship-e16b8c1dca3e6285afae,published,source-federal-register-latest,finding-0b1fa9c42cf6c8ea61c396fe,federal-register-latest,Federal Register — Latest Documents,https://www.federalregister.gov/documents/2026/07/13/2026-14033/self-regulatory-organizations-miax-sapphire-llc-notice-of-filing-and-immediate-effectiveness-of-a,2026-07-13T00:00:00.000Z,2026-07-11T12:51:11.789Z,B,record-update,"The registered source published or hosts the record titled “Self-Regulatory Organizations; MIAX Sapphire, LLC; Notice of Filing and Immediate Effectiveness of a Proposed Rule Change To Amend Exchange Rule 100, Definitions, To Amend the Quarterly Review of Professional Interest O…”.","This update alone does not establish wrongdoing, intent or coordinated action.",registry-linked,source-id-link,1
relationship-58160a033ade0be06579,published,source-federal-register-latest,finding-0e6e82af1576ce299b2ab727,federal-register-latest,Federal Register — Latest Documents,https://www.federalregister.gov/documents/2026/07/13/2026-14068/office-of-government-information-services-annual-meeting,2026-07-13T00:00:00.000Z,2026-07-11T12:51:11.789Z,B,record-update,The registered source published or hosts the record titled “Office of Government Information Services Annual Meeting”.,"This update alone does not establish wrongdoing, intent or coordinated action.",registry-linked,source-id-link,1
relationship-721b323f498200f56d5a,published,source-federal-register-latest,finding-10eb3bbd06a46214d127564b,federal-register-latest,Federal Register — Latest Documents,https://www.federalregister.gov/documents/2026/07/13/2026-14080/molitor-llc-notice-of-intent-to-file-license-application-filing-of-pre-application-document-and,2026-07-13T00:00:00.000Z,2026-07-11T12:51:11.789Z,B,record-update,"The registered source published or hosts the record titled “Molitor, LLC; Notice of Intent To File License Application, Filing of Pre-Application Document, and Approving Use of the Traditional Licensing Process”.","This update alone does not establish wrongdoing, intent or coordinated action.",registry-linked,source-id-link,1
relationship-2561cff4898ec9f58b91,published,source-federal-register-latest,finding-11b1b525fb2c04e923f71bcb,federal-register-latest,Federal Register — Latest Documents,https://www.federalregister.gov/documents/2026/07/13/2026-14081/steel-reef-pipelines-us-llc-notice-of-application-and-establishing-intervention-deadline,2026-07-13T00:00:00.000Z,2026-07-11T12:51:11.789Z,B,record-update,The registered source published or hosts the record titled “Steel Reef Pipelines US LLC; Notice of Application and Establishing Intervention Deadline”.,"This update alone does not establish wrongdoing, intent or coordinated action.",registry-linked,source-id-link,1
relationship-886f08b7fe1a792ff1a2,published,source-federal-register-latest,finding-13c527c04956ccdf4b5a79dc,federal-register-latest,Federal Register — Latest Documents,https://www.federalregister.gov/documents/2026/07/13/2026-14048/fisheries-of-the-caribbean-gulf-of-america-and-south-atlantic-snapper-grouper-fishery-of-the-south,2026-07-13T00:00:00.000Z,2026-07-11T12:51:11.789Z,B,record-update,"The registered source published or hosts the record titled “Fisheries of the Caribbean, Gulf of America, and South Atlantic; Snapper-Grouper Fishery of the South Atlantic Region; Abbreviated Framework Amendment 5”.","This update alone does not establish wrongdoing, intent or coordinated action.",registry-linked,source-id-link,1
relationship-82ac3e6c709dddb84149,published,source-federal-register-latest,finding-18a98843bb6c1abe9ddef38c,federal-register-latest,Federal Register — Latest Documents,https://www.federalregister.gov/documents/2026/07/13/2026-14010/agency-information-collection-activities-requests-for-comments-clearance-of-renewed-approval-of,2026-07-13T00:00:00.000Z,2026-07-11T12:51:11.789Z,B,record-update,The registered source published or hosts the record titled “Agency Information Collection Activities: Requests for Comments; Clearance of Renewed Approval of Information Collection: Domestic and International Flight Plans”.,"This update alone does not establish wrongdoing, intent or coordinated action.",registry-linked,source-id-link,1
relationship-005ba27860e9f94cf787,published,source-federal-register-latest,finding-1b8b20d4acad24202b8cb04e,federal-register-latest,Federal Register — Latest Documents,https://www.federalregister.gov/documents/2026/07/13/2026-14029/polyethylene-terephthalate-film-sheet-and-strip-from-india-final-results-of-countervailing-duty,2026-07-13T00:00:00.000Z,2026-07-11T12:51:11.789Z,B,record-update,"The registered source published or hosts the record titled “Polyethylene Terephthalate Film, Sheet, and Strip From India: Final Results of Countervailing Duty Administrative Review; 2023”.","This update alone does not establish wrongdoing, intent or coordinated action.",registry-linked,source-id-link,1
relationship-52fddd0f90fcbcb432cc,published,source-federal-register-latest,finding-1e5e5d1abb0585c4e00f6ade,federal-register-latest,Federal Register — Latest Documents,https://www.federalregister.gov/documents/2026/07/13/2026-14083/duke-energy-carolinas-llc-notice-of-application-for-temporary-variance-accepted-for-filing,2026-07-13T00:00:00.000Z,2026-07-11T12:51:11.789Z,B,record-update,"The registered source published or hosts the record titled “Duke Energy Carolinas, LLC; Notice of Application for Temporary Variance Accepted for Filing, Soliciting Comments, Motions To Intervene, and Protests”.","This update alone does not establish wrongdoing, intent or coordinated action.",registry-linked,source-id-link,1
relationship-b1c37655ef6226ee8749,published,source-federal-register-latest,finding-2272b4c994010ebbbcedefd9,federal-register-latest,Federal Register — Latest Documents,https://www.federalregister.gov/documents/2026/07/13/2026-14069/carbon-and-alloy-steel-threaded-rod-from-india-preliminary-results-and-rescission-in-part-of,2026-07-13T00:00:00.000Z,2026-07-11T12:51:11.789Z,B,record-update,"The registered source published or hosts the record titled “Carbon and Alloy Steel Threaded Rod From India: Preliminary Results and Rescission, in Part, of Antidumping Duty Administrative Review; 2024-2025”.","This update alone does not establish wrongdoing, intent or coordinated action.",registry-linked,source-id-link,1
relationship-81e96aa5b83c00d0b8b2,published,source-federal-register-latest,finding-24baaf93065b1400e2394c90,federal-register-latest,Federal Register — Latest Documents,https://www.federalregister.gov/documents/2026/07/13/2026-14086/statistical-policy-directive-no-8-north-american-industry-classification-system-naics-request-for,2026-07-13T00:00:00.000Z,2026-07-11T12:51:11.789Z,B,record-update,The registered source published or hosts the record titled “Statistical Policy Directive No. 8: North American Industry Classification System (NAICS)-Request for Comments on Proposed Updates for 2027”.,"This update alone does not establish wrongdoing, intent or coordinated action.",registry-linked,source-id-link,1
relationship-5e71eae2bf614dd3db95,published,source-federal-register-latest,finding-2c492dd68efab2a85ffc0414,federal-register-latest,Federal Register — Latest Documents,https://www.federalregister.gov/documents/2026/07/13/2026-14055/sunshine-act-meetings,2026-07-13T00:00:00.000Z,2026-07-11T12:51:11.789Z,B,record-update,The registered source published or hosts the record titled “Sunshine Act Meetings”.,"This update alone does not establish wrongdoing, intent or coordinated action.",registry-linked,source-id-link,1
relationship-7d3b7dc362885149e3bb,published,source-federal-register-latest,finding-2d8fafb733d3d4584b2c19ac,federal-register-latest,Federal Register — Latest Documents,https://www.federalregister.gov/documents/2026/07/13/2026-14021/common-alloy-aluminum-sheet-from-bahrain-preliminary-results-of-countervailing-duty-administrative,2026-07-13T00:00:00.000Z,2026-07-11T12:51:11.789Z,B,record-update,The registered source published or hosts the record titled “Common Alloy Aluminum Sheet From Bahrain: Preliminary Results of Countervailing Duty Administrative Review; 2024”.,"This update alone does not establish wrongdoing, intent or coordinated action.",registry-linked,source-id-link,1
relationship-4b9aecdd7814a02d1251,published,source-federal-register-latest,finding-2e92b3eb4192f5681090a2c7,federal-register-latest,Federal Register — Latest Documents,https://www.federalregister.gov/documents/2026/07/13/2026-14014/self-regulatory-organizations-the-nasdaq-stock-market-llc-notice-of-filing-and-immediate,2026-07-13T00:00:00.000Z,2026-07-11T12:51:11.789Z,B,record-update,The registered source published or hosts the record titled “Self-Regulatory Organizations; The Nasdaq Stock Market LLC; Notice of Filing and Immediate Effectiveness of Proposed Rule Change To Amend Rule 4120 Regarding Regulatory Halts for Corporate Actions and Issuer-Related Eve…”.,"This update alone does not establish wrongdoing, intent or coordinated action.",registry-linked,source-id-link,1
relationship-aae62196345a9ccac42e,published,source-federal-register-latest,finding-2fa15e28bf1b4f3306603d09,federal-register-latest,Federal Register — Latest Documents,https://www.federalregister.gov/documents/2026/07/13/2026-14049/combined-notice-of-filings-1,2026-07-13T00:00:00.000Z,2026-07-11T12:51:11.789Z,B,record-update,The registered source published or hosts the record titled “Combined Notice of Filings #1”.,"This update alone does not establish wrongdoing, intent or coordinated action.",registry-linked,source-id-link,1
relationship-84101879b9eca5b9255a,published,source-federal-register-latest,finding-3318d5495e3e22b61c98069c,federal-register-latest,Federal Register — Latest Documents,https://www.federalregister.gov/documents/2026/07/13/2026-14003/center-for-scientific-review-notice-of-closed-meetings,2026-07-13T00:00:00.000Z,2026-07-11T12:51:11.789Z,B,record-update,The registered source published or hosts the record titled “Center for Scientific Review; Notice of Closed Meetings”.,"This update alone does not establish wrongdoing, intent or coordinated action.",registry-linked,source-id-link,1
relationship-a4c9daa8b5531209492d,published,source-federal-register-latest,finding-33bbb8429ac7806e75e0e260,federal-register-latest,Federal Register — Latest Documents,https://www.federalregister.gov/documents/2026/07/13/2026-14008/agency-information-collection-activities-proposed-collection-comment-request-extension-form-15f,2026-07-13T00:00:00.000Z,2026-07-11T12:51:11.789Z,B,record-update,The registered source published or hosts the record titled “Agency Information Collection Activities; Proposed Collection; Comment Request; Extension: Form 15F”.,"This update alone does not establish wrongdoing, intent or coordinated action.",registry-linked,source-id-link,1
relationship-9451825e4b2ec55a17b3,published,source-federal-register-latest,finding-3543c000d357bbcfa106d38e,federal-register-latest,Federal Register — Latest Documents,https://www.federalregister.gov/documents/2026/07/10/2026-13999/facilitating-implementation-of-next-generation-911-services-ng911-improving-911-reliability,2026-07-10T00:00:00.000Z,2026-07-11T12:51:11.789Z,B,record-update,The registered source published or hosts the record titled “Facilitating Implementation of Next Generation 911 Services (NG911); Improving 911 Reliability”.,"This update alone does not establish wrongdoing, intent or coordinated action.",registry-linked,source-id-link,1
relationship-0af9b1e143b2b049f6c8,published,source-federal-register-latest,finding-381d685bcdf8a621bc43ced0,federal-register-latest,Federal Register — Latest Documents,https://www.federalregister.gov/documents/2026/07/13/2026-14046/notice-senior-executive-service-performance-review-board-membership,2026-07-13T00:00:00.000Z,2026-07-11T12:51:11.789Z,B,record-update,The registered source published or hosts the record titled “Notice; Senior Executive Service Performance Review Board Membership”.,"This update alone does not establish wrongdoing, intent or coordinated action.",registry-linked,source-id-link,1
relationship-150162511eaaf118ccde,published,source-federal-register-latest,finding-39407a7d3e74f138669e11ee,federal-register-latest,Federal Register — Latest Documents,https://www.federalregister.gov/documents/2026/07/13/2026-14076/transcontinental-gas-pipe-line-company-llc-notice-notice-of-request-of-extension-of-time,2026-07-13T00:00:00.000Z,2026-07-11T12:51:11.789Z,B,record-update,"The registered source published or hosts the record titled “Transcontinental Gas Pipe Line Company, LLC; Notice; Notice of Request of Extension of Time”.","This update alone does not establish wrongdoing, intent or coordinated action.",registry-linked,source-id-link,1
relationship-137068e4e1d270abbddd,published,source-federal-register-latest,finding-3a046f461d2705ed0bb49e5c,federal-register-latest,Federal Register — Latest Documents,https://www.federalregister.gov/documents/2026/07/13/2026-14042/proposed-data-collection-submitted-for-public-comment-and-recommendations,2026-07-13T00:00:00.000Z,2026-07-11T12:51:11.789Z,B,record-update,The registered source published or hosts the record titled “Proposed Data Collection Submitted for Public Comment and Recommendations”.,"This update alone does not establish wrongdoing, intent or coordinated action.",registry-linked,source-id-link,1
relationship-3708c4eb2e01cd89b2aa,published,source-federal-register-latest,finding-4295d51369fff83bbe3e7a8a,federal-register-latest,Federal Register — Latest Documents,https://www.federalregister.gov/documents/2026/07/13/2026-14019/self-regulatory-organizations-ice-clear-credit-llc-notice-of-designation-of-longer-period-for,2026-07-13T00:00:00.000Z,2026-07-11T12:51:11.789Z,B,record-update,The registered source published or hosts the record titled “Self-Regulatory Organizations; ICE Clear Credit LLC; Notice of Designation of Longer Period for Commission Action on Proposed Rule Change Relating to the Clearance of Additional Credit Default Swap Contracts”.,"This update alone does not establish wrongdoing, intent or coordinated action.",registry-linked,source-id-link,1
relationship-d3fc75ca2f524b86cc5a,published,source-federal-register-latest,finding-45a938fa6134aec01fc602a4,federal-register-latest,Federal Register — Latest Documents,https://www.federalregister.gov/documents/2026/07/13/2026-14015/self-regulatory-organizations-cboe-exchange-inc-notice-of-designation-of-a-longer-period-for,2026-07-13T00:00:00.000Z,2026-07-11T12:51:11.789Z,B,record-update,"The registered source published or hosts the record titled “Self-Regulatory Organizations; Cboe Exchange, Inc.; Notice of Designation of a Longer Period for Commission Action on a Proposed Rule Change To Permit VIX Future-Option Orders”.","This update alone does not establish wrongdoing, intent or coordinated action.",registry-linked,source-id-link,1
relationship-4d3b3340ee6eb110eb2f,published,source-federal-register-latest,finding-4670905a6edb18e1a843ea1d,federal-register-latest,Federal Register — Latest Documents,https://www.federalregister.gov/documents/2026/07/10/2026-13990/mariana-moualem-fnp-decision-and-order,2026-07-10T00:00:00.000Z,2026-07-11T12:51:11.789Z,B,record-update,"The registered source published or hosts the record titled “Mariana Moualem, F.N.P.; Decision and Order”.","This update alone does not establish wrongdoing, intent or coordinated action.",registry-linked,source-id-link,1
relationship-37e1a5c9928593b315b8,published,source-federal-register-latest,finding-48ed7f6b645289610d627dea,federal-register-latest,Federal Register — Latest Documents,https://www.federalregister.gov/documents/2026/07/13/2026-14065/notice-of-proposals-to-engage-in-or-to-acquire-companies-engaged-in-permissible-nonbanking,2026-07-13T00:00:00.000Z,2026-07-11T12:51:11.789Z,B,record-update,The registered source published or hosts the record titled “Notice of Proposals To Engage in or To Acquire Companies Engaged in Permissible Nonbanking Activities”.,"This update alone does not establish wrongdoing, intent or coordinated action.",registry-linked,source-id-link,1
relationship-fdde505d8aa0e201a238,published,source-federal-register-latest,finding-4a3f0698e5d7f81599ad13cf,federal-register-latest,Federal Register — Latest Documents,https://www.federalregister.gov/documents/2026/07/10/2026-13996/determination-of-rates-and-terms-for-making-and-distributing-phonorecords-phonorecords-v,2026-07-10T00:00:00.000Z,2026-07-11T12:51:11.789Z,B,record-update,The registered source published or hosts the record titled “Determination of Rates and Terms for Making and Distributing Phonorecords (Phonorecords V)”.,"This update alone does not establish wrongdoing, intent or coordinated action.",registry-linked,source-id-link,1
relationship-d51797c8fc6b2ec33d21,published,source-federal-register-latest,finding-4c740da64792aad6ca01c233,federal-register-latest,Federal Register — Latest Documents,https://www.federalregister.gov/documents/2026/07/13/2026-14043/administrative-false-claims-and-procedures,2026-07-13T00:00:00.000Z,2026-07-11T12:51:11.789Z,B,wrongdoing-lead,The registered source published or hosts the record titled “Administrative False Claims and Procedures”.,"Keyword matching is triage, not a verdict. The underlying record controls the conclusion.",registry-linked,source-id-link,1
relationship-c5e451695fbc008f40ba,published,source-federal-register-latest,finding-4d08a2ada41965268b20ed46,federal-register-latest,Federal Register — Latest Documents,https://www.federalregister.gov/documents/2026/07/13/2026-14066/certain-aluminum-foil-from-the-peoples-republic-of-china-preliminary-results-of-antidumping-duty,2026-07-13T00:00:00.000Z,2026-07-11T12:51:11.789Z,B,record-update,The registered source published or hosts the record titled “Certain Aluminum Foil From the People's Republic of China: Preliminary Results of Antidumping Duty Administrative Review; 2024-2025”.,"This update alone does not establish wrongdoing, intent or coordinated action.",registry-linked,source-id-link,1
relationship-a5ed6f78f0289a4984d7,published,source-federal-register-latest,finding-5871c7a05542c65b3b6f65e0,federal-register-latest,Federal Register — Latest Documents,https://www.federalregister.gov/documents/2026/07/13/2026-14025/certain-cold-rolled-steel-flat-products-from-the-republic-of-korea-final-results-of-antidumping-duty,2026-07-13T00:00:00.000Z,2026-07-11T12:51:11.789Z,B,record-update,The registered source published or hosts the record titled “Certain Cold-Rolled Steel Flat Products From the Republic of Korea: Final Results of Antidumping Duty Administrative Review; 2023-2024”.,"This update alone does not establish wrongdoing, intent or coordinated action.",registry-linked,source-id-link,1
relationship-fc86c3bb983ef198f9ea,published,source-federal-register-latest,finding-5bfcd59d221e34d29a1a122b,federal-register-latest,Federal Register — Latest Documents,https://www.federalregister.gov/documents/2026/07/10/2026-13986/agency-information-collection-extension,2026-07-10T00:00:00.000Z,2026-07-11T12:51:11.789Z,B,record-update,The registered source published or hosts the record titled “Agency Information Collection Extension”.,"This update alone does not establish wrongdoing, intent or coordinated action.",registry-linked,source-id-link,1
relationship-290e4a4bf0cf65d5a3f7,published,source-federal-register-latest,finding-5c2f00c59d0e99e43d9171ec,federal-register-latest,Federal Register — Latest Documents,https://www.federalregister.gov/documents/2026/07/13/2026-14041/proposed-data-collection-submitted-for-public-comment-and-recommendations,2026-07-13T00:00:00.000Z,2026-07-11T12:51:11.789Z,B,record-update,The registered source published or hosts the record titled “Proposed Data Collection Submitted for Public Comment and Recommendations”.,"This update alone does not establish wrongdoing, intent or coordinated action.",registry-linked,source-id-link,1
relationship-c10aff3df1d63206c4f2,published,source-federal-register-latest,finding-5c561dbca0f4f66c64012fce,federal-register-latest,Federal Register — Latest Documents,https://www.federalregister.gov/documents/2026/07/13/2026-14072/safety-zone-chicago-sanitary-and-ship-canal-chicago-il,2026-07-13T00:00:00.000Z,2026-07-11T12:51:11.789Z,B,record-update,"The registered source published or hosts the record titled “Safety Zone; Chicago Sanitary and Ship Canal, Chicago, IL”.","This update alone does not establish wrongdoing, intent or coordinated action.",registry-linked,source-id-link,1
relationship-519f346a2f10807e2c3c,published,source-federal-register-latest,finding-5d75befad6da80ef54bcc9fa,federal-register-latest,Federal Register — Latest Documents,https://www.federalregister.gov/documents/2026/07/13/2026-14007/agency-information-collection-activities-submission-for-omb-review-comment-request-extension-rule,2026-07-13T00:00:00.000Z,2026-07-11T12:51:11.789Z,B,record-update,"The registered source published or hosts the record titled “Agency Information Collection Activities; Submission for OMB Review; Comment Request; Extension: Rule 30b1-10, Form N-RN”.","This update alone does not establish wrongdoing, intent or coordinated action.",registry-linked,source-id-link,1
relationship-adbd15667af6a5f10b17,published,source-federal-register-latest,finding-60933648be60df23298eab31,federal-register-latest,Federal Register — Latest Documents,https://www.federalregister.gov/documents/2026/07/13/2026-14036/suspended-counterparty-program,2026-07-13T00:00:00.000Z,2026-07-11T12:51:11.789Z,B,record-update,The registered source published or hosts the record titled “Suspended Counterparty Program”.,"This update alone does not establish wrongdoing, intent or coordinated action.",registry-linked,source-id-link,1
relationship-e532e36af82560ed1cf9,published,source-federal-register-latest,finding-615cf97d645b98fa8b8ffe9a,federal-register-latest,Federal Register — Latest Documents,https://www.federalregister.gov/documents/2026/07/13/2026-14024/carbon-and-alloy-steel-threaded-rod-from-india-preliminary-results-and-rescission-in-part-of,2026-07-13T00:00:00.000Z,2026-07-11T12:51:11.789Z,B,record-update,"The registered source published or hosts the record titled “Carbon and Alloy Steel Threaded Rod From India: Preliminary Results and Rescission, in Part, of Countervailing Duty Administrative Review; 2024”.","This update alone does not establish wrongdoing, intent or coordinated action.",registry-linked,source-id-link,1
relationship-99c0e8887c4bc65ecc70,published,source-federal-register-latest,finding-63cf8ab285b70c1eb6640ce7,federal-register-latest,Federal Register — Latest Documents,https://www.federalregister.gov/documents/2026/07/13/2026-14031/wooden-cabinets-and-vanities-and-components-thereof-from-peoples-republic-of-china-preliminary,2026-07-13T00:00:00.000Z,2026-07-11T12:51:11.789Z,B,record-update,The registered source published or hosts the record titled “Wooden Cabinets and Vanities and Components Thereof From People's Republic of China: Preliminary Results and Partial Rescission of Countervailing Duty Administrative Review; 2024”.,"This update alone does not establish wrongdoing, intent or coordinated action.",registry-linked,source-id-link,1
relationship-fb7d25d3bbd700f5cbba,published,source-federal-register-latest,finding-64c90a32b1f6e3f64433376b,federal-register-latest,Federal Register — Latest Documents,https://www.federalregister.gov/documents/2026/07/13/2026-14070/pipeline-safety-information-collection-activities,2026-07-13T00:00:00.000Z,2026-07-11T12:51:11.789Z,B,record-update,The registered source published or hosts the record titled “Pipeline Safety: Information Collection Activities”.,"This update alone does not establish wrongdoing, intent or coordinated action.",registry-linked,source-id-link,1
relationship-4733335e34fce108bcaf,published,source-federal-register-latest,finding-65df2ade023ee66a216e67ab,federal-register-latest,Federal Register — Latest Documents,https://www.federalregister.gov/documents/2026/07/13/2026-14028/certain-activated-carbon-from-the-peoples-republic-of-china-preliminary-results-and-rescission-in,2026-07-13T00:00:00.000Z,2026-07-11T12:51:11.789Z,B,record-update,"The registered source published or hosts the record titled “Certain Activated Carbon From the People's Republic of China: Preliminary Results and Rescission, in Part, of Antidumping Duty Administrative Review; 2024-2025”.","This update alone does not establish wrongdoing, intent or coordinated action.",registry-linked,source-id-link,1
relationship-195e40fd4398b9be887a,published,source-federal-register-latest,finding-67d4395c4a08283d5cedbcd8,federal-register-latest,Federal Register — Latest Documents,https://www.federalregister.gov/documents/2026/07/13/2026-14062/new-postal-products,2026-07-13T00:00:00.000Z,2026-07-11T12:51:11.789Z,B,record-update,The registered source published or hosts the record titled “New Postal Products”.,"This update alone does not establish wrongdoing, intent or coordinated action.",registry-linked,source-id-link,1
relationship-25a0c60fa2f6be8413f0,published,source-federal-register-latest,finding-685319d50d086691539ff2b6,federal-register-latest,Federal Register — Latest Documents,https://www.federalregister.gov/documents/2026/07/13/2026-14045/safety-zone-fireworks-display-lavaca-bay-point-comfort-tx,2026-07-13T00:00:00.000Z,2026-07-11T12:51:11.789Z,B,record-update,"The registered source published or hosts the record titled “Safety Zone; Fireworks Display, Lavaca Bay, Point Comfort, TX”.","This update alone does not establish wrongdoing, intent or coordinated action.",registry-linked,source-id-link,1
relationship-a81f3667c1964f9ad8b1,published,source-federal-register-latest,finding-6a31b950764d81706c629d13,federal-register-latest,Federal Register — Latest Documents,https://www.federalregister.gov/documents/2026/07/13/2026-13997/agency-information-collection-activities-comment-request-on-us-information-returns-and-related-forms,2026-07-13T00:00:00.000Z,2026-07-11T12:51:11.789Z,B,record-update,"The registered source published or hosts the record titled “Agency Information Collection Activities; Comment Request on U.S. Information Returns and Related Forms, Schedules, Attachments, and Published Guidance”.","This update alone does not establish wrongdoing, intent or coordinated action.",registry-linked,source-id-link,1
relationship-cd385152edc6c379d677,published,source-federal-register-latest,finding-6b00e4d02f74065772a776cd,federal-register-latest,Federal Register — Latest Documents,https://www.federalregister.gov/documents/2026/07/13/2026-14059/sunshine-act-meetings,2026-07-13T00:00:00.000Z,2026-07-11T12:51:11.789Z,B,record-update,The registered source published or hosts the record titled “Sunshine Act Meetings”.,"This update alone does not establish wrongdoing, intent or coordinated action.",registry-linked,source-id-link,1
relationship-ebd2ea5d0c22cf19f31c,published,source-federal-register-latest,finding-6cecbd2b2cd120c539a6444c,federal-register-latest,Federal Register — Latest Documents,https://www.federalregister.gov/documents/2026/07/13/2026-14035/federal-home-loan-bank-new-business-activities,2026-07-13T00:00:00.000Z,2026-07-11T12:51:11.789Z,B,record-update,The registered source published or hosts the record titled “Federal Home Loan Bank New Business Activities”.,"This update alone does not establish wrongdoing, intent or coordinated action.",registry-linked,source-id-link,1
relationship-35fe109a6d1614cdc67e,published,source-federal-register-latest,finding-6ea3d57f2b9527f985f2bb63,federal-register-latest,Federal Register — Latest Documents,https://www.federalregister.gov/documents/2026/07/13/2026-14004/takes-of-marine-mammals-incidental-to-specified-activities-taking-marine-mammals-incidental-to,2026-07-13T00:00:00.000Z,2026-07-11T12:51:11.789Z,B,record-update,"The registered source published or hosts the record titled “Takes of Marine Mammals Incidental to Specified Activities; Taking Marine Mammals Incidental to Ferndale Pier Maintenance Activities in Ferndale, Washington”.","This update alone does not establish wrongdoing, intent or coordinated action.",registry-linked,source-id-link,1
relationship-cf75a44e631585aa4a75,published,source-federal-register-latest,finding-70af1606a6e32cfecf96605c,federal-register-latest,Federal Register — Latest Documents,https://www.federalregister.gov/documents/2026/07/13/C1-2026-13078/agency-information-collection-activities-submission-to-the-office-of-management-and-budget-for,2026-07-13T00:00:00.000Z,2026-07-11T12:51:11.789Z,B,record-update,The registered source published or hosts the record titled “Agency Information Collection Activities; Submission to the Office of Management and Budget for Review and Approval; Comment Request; Foreign Gifts and Contracts Disclosures”.,"This update alone does not establish wrongdoing, intent or coordinated action.",registry-linked,source-id-link,1
relationship-7b3ad373196bbadc7871,published,source-federal-register-latest,finding-71c6484ecec58843982b66ba,federal-register-latest,Federal Register — Latest Documents,https://www.federalregister.gov/documents/2026/07/13/2026-14026/certain-corrosion-resistant-steel-products-from-the-republic-of-korea-final-results-of,2026-07-13T00:00:00.000Z,2026-07-11T12:51:11.789Z,B,record-update,The registered source published or hosts the record titled “Certain Corrosion-Resistant Steel Products From the Republic of Korea: Final Results of Countervailing Duty Administrative Review; 2023”.,"This update alone does not establish wrongdoing, intent or coordinated action.",registry-linked,source-id-link,1
relationship-f8e05c3eccd57a4fe71a,published,source-federal-register-latest,finding-72ccf7baa8ef0e297f12a2a5,federal-register-latest,Federal Register — Latest Documents,https://www.federalregister.gov/documents/2026/07/13/2026-14034/self-regulatory-organizations-ice-clear-credit-llc-notice-of-filing-of-proposed-rule-change-relating,2026-07-13T00:00:00.000Z,2026-07-11T12:51:11.789Z,B,record-update,The registered source published or hosts the record titled “Self-Regulatory Organizations; ICE Clear Credit LLC; Notice of Filing of Proposed Rule Change Relating to the CDS Instrument On-Boarding Policies and Procedures”.,"This update alone does not establish wrongdoing, intent or coordinated action.",registry-linked,source-id-link,1
relationship-d9e8924f0eb12e487871,published,source-federal-register-latest,finding-72fafd08e81f76b86f1e3390,federal-register-latest,Federal Register — Latest Documents,https://www.federalregister.gov/documents/2026/07/10/2026-13992/timothy-genetta-do-decision-and-order,2026-07-10T00:00:00.000Z,2026-07-11T12:51:11.789Z,B,record-update,"The registered source published or hosts the record titled “Timothy Genetta, D.O.; Decision and Order”.","This update alone does not establish wrongdoing, intent or coordinated action.",registry-linked,source-id-link,1
relationship-98f5f28e7e16a8b8761d,published,source-federal-register-latest,finding-73c4081b4cb065e9a173a797,federal-register-latest,Federal Register — Latest Documents,https://www.federalregister.gov/documents/2026/07/13/2026-14061/dawson-private-markets-evergreen-fund-et-al,2026-07-13T00:00:00.000Z,2026-07-11T12:51:11.789Z,B,record-update,"The registered source published or hosts the record titled “Dawson Private Markets Evergreen Fund, et al.”.","This update alone does not establish wrongdoing, intent or coordinated action.",registry-linked,source-id-link,1
relationship-2ca7da22ee201f3efc0b,published,source-federal-register-latest,finding-7490638aa0244d32b9c46927,federal-register-latest,Federal Register — Latest Documents,https://www.federalregister.gov/documents/2026/07/13/2026-14058/certain-electronic-eyewear-products-components-thereof-and-related-charging-apparatuses-ii-notice-of,2026-07-13T00:00:00.000Z,2026-07-11T12:51:11.789Z,B,record-update,"The registered source published or hosts the record titled “Certain Electronic Eyewear Products, Components Thereof, and Related Charging Apparatuses (II); Notice of a Commission Determination To Issue Remedial Orders Against the Defaulting Respondent; Termination of Investigati…”.","This update alone does not establish wrongdoing, intent or coordinated action.",registry-linked,source-id-link,1
relationship-527045a6dc39ec9b15a6,published,source-federal-register-latest,finding-74f93f00a242146ad9807dda,federal-register-latest,Federal Register — Latest Documents,https://www.federalregister.gov/documents/2026/07/10/2026-13995/information-collection-being-submitted-for-review-and-approval-to-office-of-management-and-budget,2026-07-10T00:00:00.000Z,2026-07-11T12:51:11.789Z,B,record-update,The registered source published or hosts the record titled “Information Collection Being Submitted for Review and Approval to Office of Management and Budget”.,"This update alone does not establish wrongdoing, intent or coordinated action.",registry-linked,source-id-link,1
relationship-aec7c0a74dbee3acf3f2,published,source-federal-register-latest,finding-76d868d0a86a761b9c552b57,federal-register-latest,Federal Register — Latest Documents,https://www.federalregister.gov/documents/2026/07/13/2026-14052/natural-resource-damages-for-hazardous-substances,2026-07-13T00:00:00.000Z,2026-07-11T12:51:11.789Z,B,record-update,The registered source published or hosts the record titled “Natural Resource Damages for Hazardous Substances”.,"This update alone does not establish wrongdoing, intent or coordinated action.",registry-linked,source-id-link,1
relationship-fb3390a49ec977dafd78,published,source-federal-register-latest,finding-7700f16fbc404e88332c8a5a,federal-register-latest,Federal Register — Latest Documents,https://www.federalregister.gov/documents/2026/07/13/2026-14018/self-regulatory-organizations-miax-emerald-llc-notice-of-filing-and-immediate-effectiveness-of-a,2026-07-13T00:00:00.000Z,2026-07-11T12:51:11.789Z,B,record-update,"The registered source published or hosts the record titled “Self-Regulatory Organizations; MIAX Emerald, LLC; Notice of Filing and Immediate Effectiveness of a Proposed Rule Change To Amend the Quarterly Review of Professional Interest Orders”.","This update alone does not establish wrongdoing, intent or coordinated action.",registry-linked,source-id-link,1
relationship-e7306344d84148527faf,published,source-federal-register-latest,finding-7821064e7b89e7954689338c,federal-register-latest,Federal Register — Latest Documents,https://www.federalregister.gov/documents/2026/07/13/2026-14037/questions-and-answers-regarding-the-affordable-housing-program-and-questions-and-answers-regarding,2026-07-13T00:00:00.000Z,2026-07-11T12:51:11.789Z,B,record-update,The registered source published or hosts the record titled “Questions and Answers Regarding the Affordable Housing Program and Questions and Answers Regarding the Affordable Housing Program-Part 2”.,"This update alone does not establish wrongdoing, intent or coordinated action.",registry-linked,source-id-link,1
relationship-510d35971bdcdafdad57,published,source-federal-register-latest,finding-78606a8503c6866a50c5d23b,federal-register-latest,Federal Register — Latest Documents,https://www.federalregister.gov/documents/2026/07/13/2026-14023/common-alloy-aluminum-sheet-from-the-republic-of-trkiye-preliminary-results-of-countervailing-duty,2026-07-13T00:00:00.000Z,2026-07-11T12:51:11.789Z,B,record-update,The registered source published or hosts the record titled “Common Alloy Aluminum Sheet From the Republic of Türkiye: Preliminary Results of Countervailing Duty Administrative Review; 2024”.,"This update alone does not establish wrongdoing, intent or coordinated action.",registry-linked,source-id-link,1
relationship-94e87ea9ba8956f1f919,published,source-federal-register-latest,finding-7bba3ce6674e4c028b78eb63,federal-register-latest,Federal Register — Latest Documents,https://www.federalregister.gov/documents/2026/07/13/2026-14005/agency-information-collection-activities-comment-request-on-forms-3520-and-3520-a,2026-07-13T00:00:00.000Z,2026-07-11T12:51:11.789Z,B,record-update,The registered source published or hosts the record titled “Agency Information Collection Activities; Comment Request on Forms 3520 and 3520-A”.,"This update alone does not establish wrongdoing, intent or coordinated action.",registry-linked,source-id-link,1
relationship-8500f915561e7c053220,published,source-federal-register-latest,finding-7bbd01120c4b2514a7d7a7c3,federal-register-latest,Federal Register — Latest Documents,https://www.federalregister.gov/documents/2026/07/13/2026-14002/center-for-scientific-review-notice-of-closed-meeting,2026-07-13T00:00:00.000Z,2026-07-11T12:51:11.789Z,B,record-update,The registered source published or hosts the record titled “Center For Scientific Review; Notice of Closed Meeting”.,"This update alone does not establish wrongdoing, intent or coordinated action.",registry-linked,source-id-link,1
relationship-087cbb2cbf9c2dfb6fe3,published,source-federal-register-latest,finding-7da3e4012504bb3173d56310,federal-register-latest,Federal Register — Latest Documents,https://www.federalregister.gov/documents/2026/07/13/2026-14038/agency-information-collection-activities-proposed-collection-comment-request-extension,2026-07-13T00:00:00.000Z,2026-07-11T12:51:11.789Z,A,official-enforcement,The registered source published or hosts the record titled “Agency Information Collection Activities; Proposed Collection; Comment Request; Extension”.,A settlement or civil enforcement action may not include an admission of every alleged fact. Read the order and settlement terms.,registry-linked,source-id-link,1
relationship-4d6099f12ba5b1f70a50,published,source-federal-register-latest,finding-7dc56df514227e3e4875c1ad,federal-register-latest,Federal Register — Latest Documents,https://www.federalregister.gov/documents/2026/07/13/2026-14006/privacy-act-of-1974-matching-program,2026-07-13T00:00:00.000Z,2026-07-11T12:51:11.789Z,B,record-update,The registered source published or hosts the record titled “Privacy Act of 1974; Matching Program”.,"This update alone does not establish wrongdoing, intent or coordinated action.",registry-linked,source-id-link,1
relationship-24bb16c3fa7501cf34ce,published,source-federal-register-latest,finding-7ed43ab268df47465af3cf15,federal-register-latest,Federal Register — Latest Documents,https://www.federalregister.gov/documents/2026/07/13/2026-14040/agency-forms-undergoing-paperwork-reduction-act-review,2026-07-13T00:00:00.000Z,2026-07-11T12:51:11.789Z,B,record-update,The registered source published or hosts the record titled “Agency Forms Undergoing Paperwork Reduction Act Review”.,"This update alone does not establish wrongdoing, intent or coordinated action.",registry-linked,source-id-link,1
relationship-15ae65af5ee3d03ca564,published,source-federal-register-latest,finding-7f82b708a676bf1e8e1f76ec,federal-register-latest,Federal Register — Latest Documents,https://www.federalregister.gov/documents/2026/07/13/2026-14017/self-regulatory-organizations-nyse-arca-inc-notice-of-filing-and-immediate-effectiveness-of-proposed,2026-07-13T00:00:00.000Z,2026-07-11T12:51:11.789Z,B,record-update,"The registered source published or hosts the record titled “Self-Regulatory Organizations; NYSE Arca, Inc.; Notice of Filing and Immediate Effectiveness of Proposed Rule Change To Amend Rule 7.18-E Regarding Regulatory Halts for Corporate Actions and Issuer-Related Events”.","This update alone does not establish wrongdoing, intent or coordinated action.",registry-linked,source-id-link,1
relationship-88807d33f6d025d2fbf0,published,source-federal-register-latest,finding-8eae805e5a38b92034b24d0c,federal-register-latest,Federal Register — Latest Documents,https://www.federalregister.gov/documents/2026/07/13/2026-14039/agency-information-collection-activities-proposed-collection-comment-request-extension,2026-07-13T00:00:00.000Z,2026-07-11T12:51:11.789Z,B,record-update,The registered source published or hosts the record titled “Agency Information Collection Activities; Proposed Collection; Comment Request; Extension”.,"This update alone does not establish wrongdoing, intent or coordinated action.",registry-linked,source-id-link,1
relationship-3b7c4c09b7ea0d3d903a,published,source-federal-register-latest,finding-91d9df460c99ac57c5c24419,federal-register-latest,Federal Register — Latest Documents,https://www.federalregister.gov/documents/2026/07/10/2026-13989/mark-allen-dds-decision-and-order,2026-07-10T00:00:00.000Z,2026-07-11T12:51:11.789Z,B,record-update,"The registered source published or hosts the record titled “Mark Allen, D.D.S.; Decision and Order”.","This update alone does not establish wrongdoing, intent or coordinated action.",registry-linked,source-id-link,1
relationship-18c6917e99fb7f6baa70,published,source-federal-register-latest,finding-976042970edf7985440efbfc,federal-register-latest,Federal Register — Latest Documents,https://www.federalregister.gov/documents/2026/07/13/2026-14027/passenger-vehicle-and-light-truck-tires-from-the-republic-of-korea-final-results-of-the-antidumping,2026-07-13T00:00:00.000Z,2026-07-11T12:51:11.789Z,B,record-update,The registered source published or hosts the record titled “Passenger Vehicle and Light Truck Tires From the Republic of Korea: Final Results of the Antidumping Duty Administrative Review; 2023-2024”.,"This update alone does not establish wrongdoing, intent or coordinated action.",registry-linked,source-id-link,1
relationship-254bdac8affa525152ef,published,source-federal-register-latest,finding-9967ab909adf33539b080d3f,federal-register-latest,Federal Register — Latest Documents,https://www.federalregister.gov/documents/2026/07/10/2026-13991/ruth-jones-do-decision-and-order,2026-07-10T00:00:00.000Z,2026-07-11T12:51:11.789Z,B,record-update,"The registered source published or hosts the record titled “Ruth Jones, D.O.; Decision and Order”.","This update alone does not establish wrongdoing, intent or coordinated action.",registry-linked,source-id-link,1
relationship-7f8295b0b0244f638695,published,source-federal-register-latest,finding-a6936452402569f05a36436a,federal-register-latest,Federal Register — Latest Documents,https://www.federalregister.gov/documents/2026/07/10/2026-13988/frederick-tanzer-md-decision-and-order,2026-07-10T00:00:00.000Z,2026-07-11T12:51:11.789Z,B,record-update,"The registered source published or hosts the record titled “Frederick Tanzer, M.D.; Decision and Order”.","This update alone does not establish wrongdoing, intent or coordinated action.",registry-linked,source-id-link,1
relationship-1d389bf6cefaee9b9924,published,source-federal-register-latest,finding-a9382e50dc926d1b9d723dc7,federal-register-latest,Federal Register — Latest Documents,https://www.federalregister.gov/documents/2026/07/13/2026-14079/rockies-express-pipeline-llc-cheyenne-connector-llc-east-cheyenne-gas-storage-llc-notice-of-onsite,2026-07-13T00:00:00.000Z,2026-07-11T12:51:11.789Z,B,record-update,"The registered source published or hosts the record titled “Rockies Express Pipeline LLC; Cheyenne Connector, LLC; East Cheyenne Gas Storage, LLC: Notice of Onsite Environmental Review”.","This update alone does not establish wrongdoing, intent or coordinated action.",registry-linked,source-id-link,1
relationship-843b88e6ddb7b2bedeb1,published,source-federal-register-latest,finding-a96598590110886e4be6a9e6,federal-register-latest,Federal Register — Latest Documents,https://www.federalregister.gov/documents/2026/07/10/2026-13987/sunshine-act-meetings,2026-07-10T00:00:00.000Z,2026-07-11T12:51:11.789Z,B,record-update,The registered source published or hosts the record titled “Sunshine Act Meetings”.,"This update alone does not establish wrongdoing, intent or coordinated action.",registry-linked,source-id-link,1
relationship-d16d4f96b9dee6ec1025,published,source-federal-register-latest,finding-aa322576e7ca985cfb342468,federal-register-latest,Federal Register — Latest Documents,https://www.federalregister.gov/documents/2026/07/13/2026-14077/western-area-power-administration-notice-of-filing,2026-07-13T00:00:00.000Z,2026-07-11T12:51:11.789Z,B,record-update,The registered source published or hosts the record titled “Western Area Power Administration; Notice of Filing”.,"This update alone does not establish wrongdoing, intent or coordinated action.",registry-linked,source-id-link,1
relationship-5ae39d652052ee3c3d60,published,source-federal-register-latest,finding-b24fb3934b86cd9e0cac1fa0,federal-register-latest,Federal Register — Latest Documents,https://www.federalregister.gov/documents/2026/07/13/2026-14016/self-regulatory-organizations-ice-clear-credit-llc-notice-of-filing-and-immediate-effectiveness-of,2026-07-13T00:00:00.000Z,2026-07-11T12:51:11.789Z,B,record-update,The registered source published or hosts the record titled “Self-Regulatory Organizations; ICE Clear Credit LLC; Notice of Filing and Immediate Effectiveness of Proposed Rule Change Relating to ICC's Fee Schedule”.,"This update alone does not establish wrongdoing, intent or coordinated action.",registry-linked,source-id-link,1
relationship-435b2373399ca1e28ece,published,source-federal-register-latest,finding-b366acffac66d5799cabb29e,federal-register-latest,Federal Register — Latest Documents,https://www.federalregister.gov/documents/2026/07/13/2026-14075/commission-information-collection-activities-ferc-521-comment-request-extension,2026-07-13T00:00:00.000Z,2026-07-11T12:51:11.789Z,B,record-update,The registered source published or hosts the record titled “Commission Information Collection Activities (Ferc-521); Comment Request; Extension”.,"This update alone does not establish wrongdoing, intent or coordinated action.",registry-linked,source-id-link,1
relationship-cd58ec8b7add43740e19,published,source-federal-register-latest,finding-b70fb84105b16d3cce48424f,federal-register-latest,Federal Register — Latest Documents,https://www.federalregister.gov/documents/2026/07/13/2026-14084/loan-guaranty-federal-civil-penalties-inflation-adjustment-act-amendments,2026-07-13T00:00:00.000Z,2026-07-11T12:51:11.789Z,B,record-update,The registered source published or hosts the record titled “Loan Guaranty: Federal Civil Penalties Inflation Adjustment Act Amendments”.,"This update alone does not establish wrongdoing, intent or coordinated action.",registry-linked,source-id-link,1
relationship-7d17f4be50780fc6f169,published,source-federal-register-latest,finding-bb04a6ef4379646f9cb5de90,federal-register-latest,Federal Register — Latest Documents,https://www.federalregister.gov/documents/2026/07/13/2026-14030/wooden-cabinets-and-vanities-and-components-thereof-from-the-peoples-republic-of-china-preliminary,2026-07-13T00:00:00.000Z,2026-07-11T12:51:11.789Z,B,record-update,The registered source published or hosts the record titled “Wooden Cabinets and Vanities and Components Thereof From the People's Republic of China: Preliminary Results and Partial Recission of the Antidumping Duty Administrative Review; 2024-2025”.,"This update alone does not establish wrongdoing, intent or coordinated action.",registry-linked,source-id-link,1
relationship-913ed7b53d87ce15384f,published,source-federal-register-latest,finding-bbfc64a571405fe6c95d8632,federal-register-latest,Federal Register — Latest Documents,https://www.federalregister.gov/documents/2026/07/13/2026-14073/drug-establishment-registration-and-drug-listing-requirements-for-establishments-engaged-in,2026-07-13T00:00:00.000Z,2026-07-11T12:51:11.789Z,B,record-update,The registered source published or hosts the record titled “Drug Establishment Registration and Drug Listing Requirements for Establishments Engaged in Distributed Manufacturing and Certain Foreign Establishments”.,"This update alone does not establish wrongdoing, intent or coordinated action.",registry-linked,source-id-link,1
relationship-38331adf59f810961439,published,source-federal-register-latest,finding-bc9883db1469a0da18e34135,federal-register-latest,Federal Register — Latest Documents,https://www.federalregister.gov/documents/2026/07/13/2026-14020/common-alloy-aluminum-sheet-from-the-kingdom-of-bahrain-preliminary-results-of-antidumping-duty,2026-07-13T00:00:00.000Z,2026-07-11T12:51:11.789Z,B,record-update,The registered source published or hosts the record titled “Common Alloy Aluminum Sheet From the Kingdom of Bahrain: Preliminary Results of Antidumping Duty Administrative Review; 2024-2025”.,"This update alone does not establish wrongdoing, intent or coordinated action.",registry-linked,source-id-link,1
relationship-6752c000dae999af8653,published,source-federal-register-latest,finding-bc99b6b43afe4b9c4222d1b4,federal-register-latest,Federal Register — Latest Documents,https://www.federalregister.gov/documents/2026/07/13/2026-14032/self-regulatory-organizations-cboe-exchange-inc-notice-of-filing-and-immediate-effectiveness-of-a,2026-07-13T00:00:00.000Z,2026-07-11T12:51:11.789Z,B,record-update,"The registered source published or hosts the record titled “Self-Regulatory Organizations; Cboe Exchange, Inc.; Notice of Filing and Immediate Effectiveness of a Proposed Rule Change To Amend Its Fee Schedule To Clarify Language Regarding Certain Free Trials”.","This update alone does not establish wrongdoing, intent or coordinated action.",registry-linked,source-id-link,1
relationship-fb71c62f9dc0cbb6a23c,published,source-federal-register-latest,finding-bf283547c6adf0f566617d3a,federal-register-latest,Federal Register — Latest Documents,https://www.federalregister.gov/documents/2026/07/10/2026-13994/agency-information-collection-activities-comment-request-on-revenue-procedure-2014-49,2026-07-10T00:00:00.000Z,2026-07-11T12:51:11.789Z,B,record-update,The registered source published or hosts the record titled “Agency Information Collection Activities; Comment Request on Revenue Procedure 2014-49”.,"This update alone does not establish wrongdoing, intent or coordinated action.",registry-linked,source-id-link,1
relationship-dbe8ae62f4e12e6c3442,published,source-federal-register-latest,finding-c021e56ae9b24d30080b9aaa,federal-register-latest,Federal Register — Latest Documents,https://www.federalregister.gov/documents/2026/07/13/2026-14057/fy-2026-job-placement-and-training-native-american-technology-and-manufacturing-grant-pilot-program,2026-07-13T00:00:00.000Z,2026-07-11T12:51:11.789Z,B,record-update,The registered source published or hosts the record titled “FY 2026 Job Placement and Training-Native American Technology and Manufacturing Grant Pilot Program (IGNITE: Indigenous Growth in New & Innovative Trade Employment); Solicitation of Proposals”.,"This update alone does not establish wrongdoing, intent or coordinated action.",registry-linked,source-id-link,1
relationship-cb049a47348119747dde,published,source-federal-register-latest,finding-c3035e8d91c66b2d79f49d5e,federal-register-latest,Federal Register — Latest Documents,https://www.federalregister.gov/documents/2026/07/13/2026-14074/new-agency-information-collection-activity-under-omb-review-insider-threat-incident-reporting-tool,2026-07-13T00:00:00.000Z,2026-07-11T12:51:11.789Z,B,record-update,The registered source published or hosts the record titled “New Agency Information Collection Activity Under OMB Review: Insider Threat Incident Reporting Tool”.,"This update alone does not establish wrongdoing, intent or coordinated action.",registry-linked,source-id-link,1
relationship-98ad7133c6fca9b24c06,published,source-federal-register-latest,finding-c4ee564de0e039915acf5e26,federal-register-latest,Federal Register — Latest Documents,https://www.federalregister.gov/documents/2026/07/13/2026-14053/agency-information-collection-activities-comment-request-public-service-loan-forgiveness-pslf-and,2026-07-13T00:00:00.000Z,2026-07-11T12:51:11.789Z,B,record-update,The registered source published or hosts the record titled “Agency Information Collection Activities; Comment Request; Public Service Loan Forgiveness (PSLF) & Temporary Expanded PSLF (TEPSLF) Certification and Application”.,"This update alone does not establish wrongdoing, intent or coordinated action.",registry-linked,source-id-link,1
relationship-8affc42eb64d653cde71,published,source-federal-register-latest,finding-c70f05bda21615ed2ded28a6,federal-register-latest,Federal Register — Latest Documents,https://www.federalregister.gov/documents/2026/07/13/2026-14022/common-alloy-aluminum-sheet-from-the-republic-of-trkiye-preliminary-results-of-the-antidumping-duty,2026-07-13T00:00:00.000Z,2026-07-11T12:51:11.789Z,B,record-update,The registered source published or hosts the record titled “Common Alloy Aluminum Sheet From the Republic of Türkiye: Preliminary Results of the Antidumping Duty Administrative Review; 2024-2025”.,"This update alone does not establish wrongdoing, intent or coordinated action.",registry-linked,source-id-link,1
relationship-f025e134a283e332e26c,published,source-federal-register-latest,finding-c764ac7e122509f3988f5529,federal-register-latest,Federal Register — Latest Documents,https://www.federalregister.gov/documents/2026/07/13/2026-14078/oswego-hydro-partners-lp-notice-of-waiver-of-water-quality-certification,2026-07-13T00:00:00.000Z,2026-07-11T12:51:11.789Z,B,record-update,"The registered source published or hosts the record titled “Oswego Hydro Partners, LP; Notice of Waiver of Water Quality Certification”.","This update alone does not establish wrongdoing, intent or coordinated action.",registry-linked,source-id-link,1
relationship-3374ca2f27fba5acb665,published,source-federal-register-latest,finding-c9fd74c4a15e63931f1e9d31,federal-register-latest,Federal Register — Latest Documents,https://www.federalregister.gov/documents/2026/07/13/2026-14000/center-for-scientific-review-notice-of-closed-meetings,2026-07-13T00:00:00.000Z,2026-07-11T12:51:11.789Z,B,record-update,The registered source published or hosts the record titled “Center for Scientific Review; Notice of Closed Meetings”.,"This update alone does not establish wrongdoing, intent or coordinated action.",registry-linked,source-id-link,1
relationship-074d348b5cfacdac8a0a,published,source-federal-register-latest,finding-cf70ba879e6062db069ee8a2,federal-register-latest,Federal Register — Latest Documents,https://www.federalregister.gov/documents/2026/07/10/2026-13985/national-register-of-historic-places-notification-of-pending-nominations-and-related-actions,2026-07-10T00:00:00.000Z,2026-07-11T12:51:11.789Z,B,record-update,The registered source published or hosts the record titled “National Register of Historic Places; Notification of Pending Nominations and Related Actions”.,"This update alone does not establish wrongdoing, intent or coordinated action.",registry-linked,source-id-link,1
relationship-d67a4e8e9f6332d3eeeb,published,source-federal-register-latest,finding-d06aa1788dc71c25ccb64b42,federal-register-latest,Federal Register — Latest Documents,https://www.federalregister.gov/documents/2026/07/13/2026-14063/center-for-scientific-review-notice-of-closed-meetings,2026-07-13T00:00:00.000Z,2026-07-11T12:51:11.789Z,B,record-update,The registered source published or hosts the record titled “Center for Scientific Review; Notice of Closed Meetings”.,"This update alone does not establish wrongdoing, intent or coordinated action.",registry-linked,source-id-link,1
relationship-a5edfef5b9046e272d8e,published,source-federal-register-latest,finding-d7c85639da8303eaa059cfd2,federal-register-latest,Federal Register — Latest Documents,https://www.federalregister.gov/documents/2026/07/13/2026-14064/formations-of-acquisitions-by-and-mergers-of-bank-holding-companies,2026-07-13T00:00:00.000Z,2026-07-11T12:51:11.789Z,B,record-update,"The registered source published or hosts the record titled “Formations of, Acquisitions by, and Mergers of Bank Holding Companies”.","This update alone does not establish wrongdoing, intent or coordinated action.",registry-linked,source-id-link,1
relationship-d30f94e54f2b18360d31,published,source-federal-register-latest,finding-e163df47e5027c39764e4e97,federal-register-latest,Federal Register — Latest Documents,https://www.federalregister.gov/documents/2026/07/13/2026-14050/combined-notice-of-filings,2026-07-13T00:00:00.000Z,2026-07-11T12:51:11.789Z,B,record-update,The registered source published or hosts the record titled “Combined Notice of Filings”.,"This update alone does not establish wrongdoing, intent or coordinated action.",registry-linked,source-id-link,1
relationship-f6f7032278c009aace92,published,source-federal-register-latest,finding-e28b45a27fd076768d165e35,federal-register-latest,Federal Register — Latest Documents,https://www.federalregister.gov/documents/2026/07/13/2026-14051/agency-information-collection-activities-proposed-collection-public-comment-request-information,2026-07-13T00:00:00.000Z,2026-07-11T12:51:11.789Z,B,record-update,The registered source published or hosts the record titled “Agency Information Collection Activities: Proposed Collection: Public Comment Request; Information Collection Request Title: Maternal and Child Health Bureau Performance Measures for Discretionary Grant Information Syst…”.,"This update alone does not establish wrongdoing, intent or coordinated action.",registry-linked,source-id-link,1
relationship-601d41932e265b5f974f,published,source-federal-register-latest,finding-e97224f060ca3a2d473765cc,federal-register-latest,Federal Register — Latest Documents,https://www.federalregister.gov/documents/2026/07/13/2026-14090/airworthiness-directives-the-boeing-company-airplanes,2026-07-13T00:00:00.000Z,2026-07-11T12:51:11.789Z,B,record-update,The registered source published or hosts the record titled “Airworthiness Directives; The Boeing Company Airplanes”.,"This update alone does not establish wrongdoing, intent or coordinated action.",registry-linked,source-id-link,1
relationship-8752d7501f12a0a9839c,published,source-federal-register-latest,finding-ecae9f9d9a27e3b47d81be52,federal-register-latest,Federal Register — Latest Documents,https://www.federalregister.gov/documents/2026/07/13/2026-14044/safety-zone-fireworks-display-columbia-river-cascade-locks-or,2026-07-13T00:00:00.000Z,2026-07-11T12:51:11.789Z,B,record-update,"The registered source published or hosts the record titled “Safety Zone; Fireworks Display, Columbia River, Cascade Locks, OR”.","This update alone does not establish wrongdoing, intent or coordinated action.",registry-linked,source-id-link,1
relationship-6085a505655be27cf1f2,published,source-federal-register-latest,finding-eeeed8767c8aa9e359b536ba,federal-register-latest,Federal Register — Latest Documents,https://www.federalregister.gov/documents/2026/07/13/2026-14082/northern-natural-gas-company-notice-of-scoping-period-requesting-comments-on-environmental-issues,2026-07-13T00:00:00.000Z,2026-07-11T12:51:11.789Z,B,record-update,The registered source published or hosts the record titled “Northern Natural Gas Company; Notice of Scoping Period Requesting Comments on Environmental Issues for the Proposed Permian Basin Expansion Project”.,"This update alone does not establish wrongdoing, intent or coordinated action.",registry-linked,source-id-link,1
relationship-dbff89750628e03953fb,published,source-federal-register-latest,finding-f130e8f7befd5e6494e04c9e,federal-register-latest,Federal Register — Latest Documents,https://www.federalregister.gov/documents/2026/07/13/2026-14013/self-regulatory-organizations-miami-international-securities-exchange-llc-notice-of-filing-and,2026-07-13T00:00:00.000Z,2026-07-11T12:51:11.789Z,B,record-update,"The registered source published or hosts the record titled “Self-Regulatory Organizations: Miami International Securities Exchange, LLC; Notice of Filing and Immediate Effectiveness of a Proposed Rule Change To Amend Rule 100, Definitions, To Amend the Quarterly Review of Profes…”.","This update alone does not establish wrongdoing, intent or coordinated action.",registry-linked,source-id-link,1
relationship-db4612d4711cd0dbe775,published,source-federal-register-latest,finding-f3fd9ab3a58014e7ca243933,federal-register-latest,Federal Register — Latest Documents,https://www.federalregister.gov/documents/2026/07/13/2026-14071/pipeline-safety-guidance-for-enhancing-the-effectiveness-of-distribution-integrity-management,2026-07-13T00:00:00.000Z,2026-07-11T12:51:11.789Z,B,document-release,The registered source published or hosts the record titled “Pipeline Safety: Guidance for Enhancing the Effectiveness of Distribution Integrity Management Programs”.,"The document must be authenticated, dated, contextualised and corroborated before it supports an accusation.",registry-linked,source-id-link,1
relationship-a15254ba56b2a7e84329,published,source-federal-register-latest,finding-f78e4714e4a35cbefcf810eb,federal-register-latest,Federal Register — Latest Documents,https://www.federalregister.gov/documents/2026/07/13/2026-14054/agency-information-collection-activities-submission-to-the-office-of-management-and-budget-for,2026-07-13T00:00:00.000Z,2026-07-11T12:51:11.789Z,B,record-update,The registered source published or hosts the record titled “Agency Information Collection Activities; Submission to the Office of Management and Budget for Review and Approval; Comment Request; Description of Today's TRIO Programs and Proposing Options for Future Outcome Evaluat…”.,"This update alone does not establish wrongdoing, intent or coordinated action.",registry-linked,source-id-link,1
relationship-8e633a8344ff5e09d098,published,source-federal-register-latest,finding-fbe62155f2122548101fe9f0,federal-register-latest,Federal Register — Latest Documents,https://www.federalregister.gov/documents/2026/07/10/2026-13993/certain-pre-stretched-synthetic-braiding-hair-and-packaging-therefor-notice-of-commission,2026-07-10T00:00:00.000Z,2026-07-11T12:51:11.789Z,B,record-update,The registered source published or hosts the record titled “Certain Pre-Stretched Synthetic Braiding Hair and Packaging Therefor; Notice of Commission Determination Not To Review an Initial Determination Terminating the Enforcement Proceeding Based on Withdrawal of the Enforceme…”.,"This update alone does not establish wrongdoing, intent or coordinated action.",registry-linked,source-id-link,1
relationship-4197b2e0a44a457d48f7,published,source-federal-register-latest,finding-fc026698a96569fd80bdd359,federal-register-latest,Federal Register — Latest Documents,https://www.federalregister.gov/documents/2026/07/13/2026-14060/inflation-adjustments-for-civil-money-penalties,2026-07-13T00:00:00.000Z,2026-07-11T12:51:11.789Z,B,record-update,The registered source published or hosts the record titled “Inflation Adjustments for Civil Money Penalties”.,"This update alone does not establish wrongdoing, intent or coordinated action.",registry-linked,source-id-link,1
relationship-44a19399a685d7daa6a9,published,source-federal-register-latest,finding-fea132b97462e80957699ca2,federal-register-latest,Federal Register — Latest Documents,https://www.federalregister.gov/documents/2026/07/13/2026-14012/commercial-customs-operations-advisory-committee,2026-07-13T00:00:00.000Z,2026-07-11T12:51:11.789Z,B,record-update,The registered source published or hosts the record titled “Commercial Customs Operations Advisory Committee”.,"This update alone does not establish wrongdoing, intent or coordinated action.",registry-linked,source-id-link,1
relationship-369756854f966b039d8b,published,source-house-oversight-releases,finding-0fe0059e42378e13214188d1,house-oversight-releases,U.S. House Committee on Oversight and Government Reform — Releases,https://oversight.house.gov/release/luna-opens-hearing-on-mkultra-project-transparency/,2026-06-30T00:00:00.000Z,2026-07-11T12:51:11.789Z,B,document-release,"The registered source published or hosts the record titled “Press Release Luna Opens Hearing on MKULTRA Project Transparency June 30, 2026 WASHINGTON—Task Force on the Declassification of Federal Secrets Chairwoman Anna Paulina Luna (R-Fla.) delivered opening remarks at today’s…”.","The document must be authenticated, dated, contextualised and corroborated before it supports an accusation.",registry-linked,source-id-link,1
relationship-5e66b9bc274cdfe5c6a4,published,source-house-oversight-releases,finding-4115b8040e77a98ff3696dbd,house-oversight-releases,U.S. House Committee on Oversight and Government Reform — Releases,https://oversight.house.gov/release/sessions-announces-hearing-on-emerging-fraud-threats-and-the-evolving-landscapes/,2026-07-09T00:00:00.000Z,2026-07-11T12:51:11.789Z,B,document-release,"The registered source published or hosts the record titled “Press Release Sessions Announces Hearing on Emerging Fraud Threats and the Evolving Landscapes July 9, 2026 WASHINGTON—Subcommittee on Government Operations Chairman Pete Sessions (R-Texas) today announced a hearing on…”.","The document must be authenticated, dated, contextualised and corroborated before it supports an accusation.",registry-linked,source-id-link,1
relationship-772c1dcefc58e7fa6cc3,published,source-house-oversight-releases,finding-47abd5da595392529eca1a9a,house-oversight-releases,U.S. House Committee on Oversight and Government Reform — Releases,https://oversight.house.gov/release/gill-announces-hearing-on-dei-in-american-institutions/,2026-07-07T00:00:00.000Z,2026-07-11T12:51:11.789Z,B,document-release,"The registered source published or hosts the record titled “Press Release Gill Announces Hearing on DEI in American Institutions July 7, 2026 WASHINGTON—Task Force on Defending Constitutional Rights and Exposing Institutional Abuses Chairman Brandon Gill (R-Texas) today announce…”.","The document must be authenticated, dated, contextualised and corroborated before it supports an accusation.",registry-linked,source-id-link,1
relationship-cc6d838b6df334007ebf,published,source-house-oversight-releases,finding-4e2e48974a0402c12f0ec831,house-oversight-releases,U.S. House Committee on Oversight and Government Reform — Releases,https://oversight.house.gov/hearing,2026-07-11T12:51:11.789Z,2026-07-11T12:51:11.789Z,B,document-release,The registered source published or hosts the record titled “Hearings”.,"The document must be authenticated, dated, contextualised and corroborated before it supports an accusation.",registry-linked,source-id-link,1
relationship-fdb2c35800cb15312d9c,published,source-house-oversight-releases,finding-8494b3914aa221957e7d773d,house-oversight-releases,U.S. House Committee on Oversight and Government Reform — Releases,https://oversight.house.gov/release/hearing-wrap-up-declassifying-information-is-important-for-preserving-public-trust/,2026-06-30T00:00:00.000Z,2026-07-11T12:51:11.789Z,B,document-release,"The registered source published or hosts the record titled “Press Release Hearing Wrap Up: Declassifying Information is Important for Preserving Public Trust June 30, 2026 WASHINGTON—Today, the Task Force on the Declassification of Federal Secrets held a hearing on “Mind Control…”.","The document must be authenticated, dated, contextualised and corroborated before it supports an accusation.",registry-linked,source-id-link,1
relationship-8953e655e872529ac4f4,published,source-house-oversight-releases,finding-a186a8c48d09d766ee646d8a,house-oversight-releases,U.S. House Committee on Oversight and Government Reform — Releases,https://oversight.house.gov/release/comer-launches-investigation-into-billions-in-unpaid-taxes-owed-by-federal-employees/,2026-06-25T00:00:00.000Z,2026-07-11T12:51:11.789Z,B,document-release,"The registered source published or hosts the record titled “Press Release Comer Launches Investigation into Billions in Unpaid Taxes Owed by Federal Employees June 25, 2026 WASHINGTON—House Committee on Oversight and Government Reform Chairman James Comer (R-Ky.) today launched…”.","The document must be authenticated, dated, contextualised and corroborated before it supports an accusation.",registry-linked,source-id-link,1
relationship-d1332773f25484fe592a,published,source-house-oversight-releases,finding-a6817dde76af3b762ac84be1,house-oversight-releases,U.S. House Committee on Oversight and Government Reform — Releases,https://oversight.house.gov/landing/biden-family-investigation/,2026-07-11T12:51:11.789Z,2026-07-11T12:51:11.789Z,B,document-release,The registered source published or hosts the record titled “Biden Family Investigation”.,"The document must be authenticated, dated, contextualised and corroborated before it supports an accusation.",registry-linked,source-id-link,1
relationship-f5816380a1d1b5557d10,published,source-house-oversight-releases,finding-aa83061295482dab2de0e8cf,house-oversight-releases,U.S. House Committee on Oversight and Government Reform — Releases,https://oversight.house.gov/release/comer-sessions-higgins-biggs-continue-oversight-of-cigie-following-gao-report-uncovering-integrity-committee-failures/,2026-07-01T00:00:00.000Z,2026-07-11T12:51:11.789Z,B,document-release,"The registered source published or hosts the record titled “Press Release Comer, Sessions, Higgins, Biggs Continue Oversight of CIGIE Following GAO Report Uncovering Integrity Committee Failures July 1, 2026 WASHINGTON—House Committee on Oversight and Government Reform Chairman…”.","The document must be authenticated, dated, contextualised and corroborated before it supports an accusation.",registry-linked,source-id-link,1
relationship-09aafbe93f6979151963,published,source-house-oversight-releases,finding-ac070932b7a9690494dabea9,house-oversight-releases,U.S. House Committee on Oversight and Government Reform — Releases,https://oversight.house.gov/release/chairman-comer-issues-two-subpoenas-to-leon-black/,2026-06-26T00:00:00.000Z,2026-07-11T12:51:11.789Z,B,document-release,"The registered source published or hosts the record titled “Press Release Chairman Comer Issues Two Subpoenas to Leon Black June 26, 2026 WASHINGTON—Today, House Committee on Oversight and Government Reform Chairman James Comer (R-Ky.) issued two subpoenas to Leon Black during h…”.","The document must be authenticated, dated, contextualised and corroborated before it supports an accusation.",registry-linked,source-id-link,1
relationship-e6a57684332233196030,published,source-house-oversight-releases,finding-ae89818884ca90fbeb7966c7,house-oversight-releases,U.S. House Committee on Oversight and Government Reform — Releases,https://oversight.house.gov/hearing,2026-07-11T12:51:11.789Z,2026-07-11T12:51:11.789Z,B,document-release,The registered source published or hosts the record titled “Committee Activity”.,"The document must be authenticated, dated, contextualised and corroborated before it supports an accusation.",registry-linked,source-id-link,1
relationship-62e02b490b936bfa5fb0,published,source-sec-current-filings,finding-11aa9e482fe4809776fb7285,sec-current-filings,U.S. Securities and Exchange Commission — Current EDGAR Filings,https://www.sec.gov/Archives/edgar/data/1789029/000119312526301200/0001193125-26-301200-index.htm,2026-07-11T00:30:05.000Z,2026-07-11T12:51:11.789Z,B,record-update,"The registered source published or hosts the record titled “4 - Aeva Technologies, Inc. (0001789029) (Issuer)”.","This update alone does not establish wrongdoing, intent or coordinated action.",registry-linked,source-id-link,1
relationship-7147a764cc80f9969aef,published,source-sec-current-filings,finding-1ea7bb7a62240e86a0975044,sec-current-filings,U.S. Securities and Exchange Commission — Current EDGAR Filings,https://www.sec.gov/Archives/edgar/data/1779990/000110465926082758/0001104659-26-082758-index.htm,2026-07-11T00:00:17.000Z,2026-07-11T12:51:11.789Z,B,record-update,The registered source published or hosts the record titled “4 - HENDERSON MICHAEL THOMAS (0001779990) (Reporting)”.,"This update alone does not establish wrongdoing, intent or coordinated action.",registry-linked,source-id-link,1
relationship-13c2d6de797318a7cab1,published,source-sec-current-filings,finding-1fc0b635ff3a51cf5aa0fa01,sec-current-filings,U.S. Securities and Exchange Commission — Current EDGAR Filings,https://www.sec.gov/Archives/edgar/data/1645600/000090514826003238/0000905148-26-003238-index.htm,2026-07-11T01:53:28.000Z,2026-07-11T12:51:11.789Z,B,record-update,The registered source published or hosts the record titled “4 - HANNAH ALISON L. (0001645600) (Reporting)”.,"This update alone does not establish wrongdoing, intent or coordinated action.",registry-linked,source-id-link,1
relationship-c3224494703f363fb82b,published,source-sec-current-filings,finding-298e9e87f5417f0c024e390c,sec-current-filings,U.S. Securities and Exchange Commission — Current EDGAR Filings,https://www.sec.gov/Archives/edgar/data/1648710/000119312526301192/0001193125-26-301192-index.htm,2026-07-11T00:25:50.000Z,2026-07-11T12:51:11.789Z,B,record-update,"The registered source published or hosts the record titled “4 - ZEEV VENTURES II, L.P. (0001648710) (Reporting)”.","This update alone does not establish wrongdoing, intent or coordinated action.",registry-linked,source-id-link,1
relationship-78651a4c58ab7935d793,published,source-sec-current-filings,finding-32572fd8b2e92da7640e3aec,sec-current-filings,U.S. Securities and Exchange Commission — Current EDGAR Filings,https://www.sec.gov/Archives/edgar/data/2052959/000119312526301179/0001193125-26-301179-index.htm,2026-07-11T00:00:03.000Z,2026-07-11T12:51:11.789Z,B,record-update,The registered source published or hosts the record titled “4 - Lionsgate Studios Corp. (0002052959) (Issuer)”.,"This update alone does not establish wrongdoing, intent or coordinated action.",registry-linked,source-id-link,1
relationship-09fdffde98084cffd1a3,published,source-sec-current-filings,finding-34e4026eb0f3944f6552b835,sec-current-filings,U.S. Securities and Exchange Commission — Current EDGAR Filings,https://www.sec.gov/Archives/edgar/data/1009165/000100916526000005/0001009165-26-000005-index.htm,2026-07-11T00:17:03.000Z,2026-07-11T12:51:11.789Z,B,record-update,The registered source published or hosts the record titled “4 - HARARI ELIYAHOU ET AL (0001009165) (Reporting)”.,"This update alone does not establish wrongdoing, intent or coordinated action.",registry-linked,source-id-link,1
relationship-a0456c4e14ae9705b85a,published,source-sec-current-filings,finding-5539707ef2c1c09dd75a39c3,sec-current-filings,U.S. Securities and Exchange Commission — Current EDGAR Filings,https://www.sec.gov/Archives/edgar/data/1974640/000110465926082758/0001104659-26-082758-index.htm,2026-07-11T00:00:17.000Z,2026-07-11T12:51:11.789Z,B,record-update,"The registered source published or hosts the record titled “4 - Apogee Therapeutics, Inc. (0001974640) (Issuer)”.","This update alone does not establish wrongdoing, intent or coordinated action.",registry-linked,source-id-link,1
relationship-a940fececc6ea0d4c3c2,published,source-sec-current-filings,finding-59440b4b6cc529687a64d545,sec-current-filings,U.S. Securities and Exchange Commission — Current EDGAR Filings,https://www.sec.gov/Archives/edgar/data/1251825/000106299326003613/0001062993-26-003613-index.htm,2026-07-11T00:09:26.000Z,2026-07-11T12:51:11.789Z,B,record-update,The registered source published or hosts the record titled “4 - MCGEE SUSAN B (0001251825) (Reporting)”.,"This update alone does not establish wrongdoing, intent or coordinated action.",registry-linked,source-id-link,1
relationship-f81898bc72a1586659a3,published,source-sec-current-filings,finding-5f129d86ed52475d51c5811b,sec-current-filings,U.S. Securities and Exchange Commission — Current EDGAR Filings,https://www.sec.gov/Archives/edgar/data/1441500/000110465926082761/0001104659-26-082761-index.htm,2026-07-11T01:00:13.000Z,2026-07-11T12:51:11.789Z,B,record-update,The registered source published or hosts the record titled “4/A - Loren Stefan (0001441500) (Reporting)”.,"This update alone does not establish wrongdoing, intent or coordinated action.",registry-linked,source-id-link,1
relationship-ebe6e7f69d1bc59045f8,published,source-sec-current-filings,finding-5f47e14394b68d83d0a7191b,sec-current-filings,U.S. Securities and Exchange Commission — Current EDGAR Filings,https://www.sec.gov/Archives/edgar/data/1849806/000119312526301200/0001193125-26-301200-index.htm,2026-07-11T00:30:05.000Z,2026-07-11T12:51:11.789Z,B,record-update,The registered source published or hosts the record titled “4 - Sinha Saurabh (0001849806) (Reporting)”.,"This update alone does not establish wrongdoing, intent or coordinated action.",registry-linked,source-id-link,1
relationship-d1f05dc8bcb0941070b2,published,source-sec-current-filings,finding-60db7e6b710c66e7041aa6d9,sec-current-filings,U.S. Securities and Exchange Commission — Current EDGAR Filings,https://www.sec.gov/Archives/edgar/data/1359794/000135979426000004/0001359794-26-000004-index.htm,2026-07-11T00:48:52.000Z,2026-07-11T12:51:11.789Z,B,record-update,The registered source published or hosts the record titled “3 - Roszak Matthew George (0001359794) (Reporting)”.,"This update alone does not establish wrongdoing, intent or coordinated action.",registry-linked,source-id-link,1
relationship-72368a471883eccec776,published,source-sec-current-filings,finding-677c432e6454f2e13ee87ccc,sec-current-filings,U.S. Securities and Exchange Commission — Current EDGAR Filings,https://www.sec.gov/Archives/edgar/data/1665418/000119312526301192/0001193125-26-301192-index.htm,2026-07-11T00:25:50.000Z,2026-07-11T12:51:11.789Z,B,record-update,"The registered source published or hosts the record titled “4 - ZEEV VENTURES II-A, L.P. (0001665418) (Reporting)”.","This update alone does not establish wrongdoing, intent or coordinated action.",registry-linked,source-id-link,1
relationship-47da8b6352fd5e180400,published,source-sec-current-filings,finding-6bb19d54548b60ee56414fef,sec-current-filings,U.S. Securities and Exchange Commission — Current EDGAR Filings,https://www.sec.gov/Archives/edgar/data/24545/000122520826006582/0001225208-26-006582-index.htm,2026-07-10T23:58:05.000Z,2026-07-11T12:51:11.789Z,B,record-update,The registered source published or hosts the record titled “3 - MOLSON COORS BEVERAGE CO (0000024545) (Issuer)”.,"This update alone does not establish wrongdoing, intent or coordinated action.",registry-linked,source-id-link,1
relationship-cace1cd824be3e4de94a,published,source-sec-current-filings,finding-730c2dba082e0d2b8d708c77,sec-current-filings,U.S. Securities and Exchange Commission — Current EDGAR Filings,https://www.sec.gov/Archives/edgar/data/1796803/000119312526301192/0001193125-26-301192-index.htm,2026-07-11T00:25:50.000Z,2026-07-11T12:51:11.789Z,B,record-update,"The registered source published or hosts the record titled “4 - ZEEV VENTURES VI, L.P. (0001796803) (Reporting)”.","This update alone does not establish wrongdoing, intent or coordinated action.",registry-linked,source-id-link,1
relationship-ef5c54a627b38698572e,published,source-sec-current-filings,finding-7f05ab465d30211d6925a5dc,sec-current-filings,U.S. Securities and Exchange Commission — Current EDGAR Filings,https://www.sec.gov/Archives/edgar/data/1864158/000186415826000004/0001864158-26-000004-index.htm,2026-07-11T00:00:05.000Z,2026-07-11T12:51:11.789Z,B,record-update,The registered source published or hosts the record titled “4 - Campbell David Alan (0001864158) (Reporting)”.,"This update alone does not establish wrongdoing, intent or coordinated action.",registry-linked,source-id-link,1
relationship-4ef598ab6e0e615ffdf2,published,source-sec-current-filings,finding-8104a70e7a3050c50df76b4f,sec-current-filings,U.S. Securities and Exchange Commission — Current EDGAR Filings,https://www.sec.gov/Archives/edgar/data/1832367/000119312526301192/0001193125-26-301192-index.htm,2026-07-11T00:25:50.000Z,2026-07-11T12:51:11.789Z,B,record-update,"The registered source published or hosts the record titled “4 - ZEEV VENTURES VII, L.P. (0001832367) (Reporting)”.","This update alone does not establish wrongdoing, intent or coordinated action.",registry-linked,source-id-link,1
relationship-3a1623d243bffb69704a,published,source-sec-current-filings,finding-876dd3177370133e42edf0c0,sec-current-filings,U.S. Securities and Exchange Commission — Current EDGAR Filings,https://www.sec.gov/Archives/edgar/data/1378325/000100916526000005/0001009165-26-000005-index.htm,2026-07-11T00:17:03.000Z,2026-07-11T12:51:11.789Z,B,record-update,"The registered source published or hosts the record titled “4 - CapsoVision, Inc (0001378325) (Issuer)”.","This update alone does not establish wrongdoing, intent or coordinated action.",registry-linked,source-id-link,1
relationship-0328acbe3c15bb18524c,published,source-sec-current-filings,finding-911293eb2730f17b2647aa2b,sec-current-filings,U.S. Securities and Exchange Commission — Current EDGAR Filings,https://www.sec.gov/Archives/edgar/data/1861359/000119312526301192/0001193125-26-301192-index.htm,2026-07-11T00:25:50.000Z,2026-07-11T12:51:11.789Z,B,record-update,"The registered source published or hosts the record titled “4 - ZEEV OPPORTUNITY FUND I, L.P. (0001861359) (Reporting)”.","This update alone does not establish wrongdoing, intent or coordinated action.",registry-linked,source-id-link,1
relationship-e70d6a94c0fd4730949e,published,source-sec-current-filings,finding-91e1274311a70a5c04830917,sec-current-filings,U.S. Securities and Exchange Commission — Current EDGAR Filings,https://www.sec.gov/Archives/edgar/data/1742455/000119312526301192/0001193125-26-301192-index.htm,2026-07-11T00:25:50.000Z,2026-07-11T12:51:11.789Z,B,record-update,"The registered source published or hosts the record titled “4 - Zeev Ventures IV, L.P. (0001742455) (Reporting)”.","This update alone does not establish wrongdoing, intent or coordinated action.",registry-linked,source-id-link,1
relationship-fd80a4be5dc052d8931e,published,source-sec-current-filings,finding-a9fb8425f321f16b8fbbcf8e,sec-current-filings,U.S. Securities and Exchange Commission — Current EDGAR Filings,https://www.sec.gov/Archives/edgar/data/1279704/000110465926082761/0001104659-26-082761-index.htm,2026-07-11T01:00:13.000Z,2026-07-11T12:51:11.789Z,B,record-update,"The registered source published or hosts the record titled “4/A - Cellectar Biosciences, Inc. (0001279704) (Issuer)”.","This update alone does not establish wrongdoing, intent or coordinated action.",registry-linked,source-id-link,1
relationship-9fd13bbbce846c2f177a,published,source-sec-current-filings,finding-aab2511729587ed369faf67f,sec-current-filings,U.S. Securities and Exchange Commission — Current EDGAR Filings,https://www.sec.gov/Archives/edgar/data/1878390/000119312526301192/0001193125-26-301192-index.htm,2026-07-11T00:25:50.000Z,2026-07-11T12:51:11.789Z,B,record-update,"The registered source published or hosts the record titled “4 - ZEEV VENTURES VIII, L.P. (0001878390) (Reporting)”.","This update alone does not establish wrongdoing, intent or coordinated action.",registry-linked,source-id-link,1
relationship-33cba71091af105b636a,published,source-sec-current-filings,finding-ae372a8cb7a883567f626614,sec-current-filings,U.S. Securities and Exchange Commission — Current EDGAR Filings,https://www.sec.gov/Archives/edgar/data/1720424/000106299326003615/0001062993-26-003615-index.htm,2026-07-11T01:08:27.000Z,2026-07-11T12:51:11.789Z,B,record-update,The registered source published or hosts the record titled “4 - HIVE Digital Technologies Ltd. (0001720424) (Issuer)”.,"This update alone does not establish wrongdoing, intent or coordinated action.",registry-linked,source-id-link,1
relationship-0a1b6dbc56bcad4810ce,published,source-sec-current-filings,finding-b21aa5ba63b54271e26d8f57,sec-current-filings,U.S. Securities and Exchange Commission — Current EDGAR Filings,https://www.sec.gov/Archives/edgar/data/1757072/000175707226000007/0001757072-26-000007-index.htm,2026-07-10T23:59:49.000Z,2026-07-11T12:51:11.789Z,B,record-update,The registered source published or hosts the record titled “4 - Carver Kyle (0001757072) (Reporting)”.,"This update alone does not establish wrongdoing, intent or coordinated action.",registry-linked,source-id-link,1
relationship-e0a37b1281e8330cec4c,published,source-sec-current-filings,finding-b4f55419591f8b3ec1df520b,sec-current-filings,U.S. Securities and Exchange Commission — Current EDGAR Filings,https://www.sec.gov/Archives/edgar/data/1817713/000186415826000004/0001864158-26-000004-index.htm,2026-07-11T00:00:05.000Z,2026-07-11T12:51:11.789Z,B,record-update,"The registered source published or hosts the record titled “4 - Janux Therapeutics, Inc. (0001817713) (Issuer)”.","This update alone does not establish wrongdoing, intent or coordinated action.",registry-linked,source-id-link,1
relationship-a6eb93f82a500cf088ad,published,source-sec-current-filings,finding-b68c1d0dacb092399a8fddea,sec-current-filings,U.S. Securities and Exchange Commission — Current EDGAR Filings,https://www.sec.gov/Archives/edgar/data/1789029/000119312526301199/0001193125-26-301199-index.htm,2026-07-11T00:30:04.000Z,2026-07-11T12:51:11.789Z,B,record-update,"The registered source published or hosts the record titled “4 - Aeva Technologies, Inc. (0001789029) (Issuer)”.","This update alone does not establish wrongdoing, intent or coordinated action.",registry-linked,source-id-link,1
relationship-53f1fe153ab2b97098cf,published,source-sec-current-filings,finding-b95850f62d248c593b948864,sec-current-filings,U.S. Securities and Exchange Commission — Current EDGAR Filings,https://www.sec.gov/Archives/edgar/data/1709195/000119312526301192/0001193125-26-301192-index.htm,2026-07-11T00:25:50.000Z,2026-07-11T12:51:11.789Z,B,record-update,"The registered source published or hosts the record titled “4 - ZEEV VENTURES III, L.P. (0001709195) (Reporting)”.","This update alone does not establish wrongdoing, intent or coordinated action.",registry-linked,source-id-link,1
relationship-42d3c051da7391669957,published,source-sec-current-filings,finding-ba8f3bafaa726d0382370385,sec-current-filings,U.S. Securities and Exchange Commission — Current EDGAR Filings,https://www.sec.gov/Archives/edgar/data/1639723/000119312526301192/0001193125-26-301192-index.htm,2026-07-11T00:25:50.000Z,2026-07-11T12:51:11.789Z,B,record-update,"The registered source published or hosts the record titled “4 - Navan, Inc. (0001639723) (Issuer)”.","This update alone does not establish wrongdoing, intent or coordinated action.",registry-linked,source-id-link,1
relationship-abb00a887000246f5a7e,published,source-sec-current-filings,finding-bbb7e088febd82bee63a6794,sec-current-filings,U.S. Securities and Exchange Commission — Current EDGAR Filings,https://www.sec.gov/Archives/edgar/data/1776719/000119312526301192/0001193125-26-301192-index.htm,2026-07-11T00:25:50.000Z,2026-07-11T12:51:11.789Z,B,record-update,"The registered source published or hosts the record titled “4 - ZEEV VENTURES V, L.P. (0001776719) (Reporting)”.","This update alone does not establish wrongdoing, intent or coordinated action.",registry-linked,source-id-link,1
relationship-a4b2d11b63ca9e2bad36,published,source-sec-current-filings,finding-c95aef9e46b52ec84e16e635,sec-current-filings,U.S. Securities and Exchange Commission — Current EDGAR Filings,https://www.sec.gov/Archives/edgar/data/1850177/000119312526301198/0001193125-26-301198-index.htm,2026-07-11T00:30:03.000Z,2026-07-11T12:51:11.789Z,B,record-update,The registered source published or hosts the record titled “4 - Rezk Mina (0001850177) (Reporting)”.,"This update alone does not establish wrongdoing, intent or coordinated action.",registry-linked,source-id-link,1
relationship-cc358612f3b501346ece,published,source-sec-current-filings,finding-ceea92723ecaa0669313d213,sec-current-filings,U.S. Securities and Exchange Commission — Current EDGAR Filings,https://www.sec.gov/Archives/edgar/data/1368801/000122520826006582/0001225208-26-006582-index.htm,2026-07-10T23:58:05.000Z,2026-07-11T12:51:11.789Z,B,record-update,The registered source published or hosts the record titled “3 - Adolph Coors CO LLC (0001368801) (Reporting)”.,"This update alone does not establish wrongdoing, intent or coordinated action.",registry-linked,source-id-link,1
relationship-de23750dfbd052e546d8,published,source-sec-current-filings,finding-cefd7cbcd4a98e9aff0f56cf,sec-current-filings,U.S. Securities and Exchange Commission — Current EDGAR Filings,https://www.sec.gov/Archives/edgar/data/1720424/000106299326003613/0001062993-26-003613-index.htm,2026-07-11T00:09:26.000Z,2026-07-11T12:51:11.789Z,B,record-update,The registered source published or hosts the record titled “4 - HIVE Digital Technologies Ltd. (0001720424) (Issuer)”.,"This update alone does not establish wrongdoing, intent or coordinated action.",registry-linked,source-id-link,1
relationship-83157ca65ac06b7b8688,published,source-sec-current-filings,finding-d19795d12e6207d2119fb57c,sec-current-filings,U.S. Securities and Exchange Commission — Current EDGAR Filings,https://www.sec.gov/Archives/edgar/data/1850148/000119312526301199/0001193125-26-301199-index.htm,2026-07-11T00:30:04.000Z,2026-07-11T12:51:11.789Z,B,record-update,The registered source published or hosts the record titled “4 - Dardashti Soroush Salehian (0001850148) (Reporting)”.,"This update alone does not establish wrongdoing, intent or coordinated action.",registry-linked,source-id-link,1
relationship-25ec2a6fe48222834966,published,source-sec-current-filings,finding-d64bacebc4e38bad65fdf635,sec-current-filings,U.S. Securities and Exchange Commission — Current EDGAR Filings,https://www.sec.gov/Archives/edgar/data/2122176/000106299326003615/0001062993-26-003615-index.htm,2026-07-11T01:08:27.000Z,2026-07-11T12:51:11.789Z,B,record-update,The registered source published or hosts the record titled “4 - Daubaras Darcy (0002122176) (Reporting)”.,"This update alone does not establish wrongdoing, intent or coordinated action.",registry-linked,source-id-link,1
relationship-1a6b4906e5e57a6f6cd4,published,source-sec-current-filings,finding-d788c182281f2d6505299ad8,sec-current-filings,U.S. Securities and Exchange Commission — Current EDGAR Filings,https://www.sec.gov/Archives/edgar/data/1789029/000119312526301198/0001193125-26-301198-index.htm,2026-07-11T00:30:03.000Z,2026-07-11T12:51:11.789Z,B,record-update,"The registered source published or hosts the record titled “4 - Aeva Technologies, Inc. (0001789029) (Issuer)”.","This update alone does not establish wrongdoing, intent or coordinated action.",registry-linked,source-id-link,1
relationship-471ae09a9083df6211ed,published,source-sec-current-filings,finding-e27150e81a31498a42e31ee2,sec-current-filings,U.S. Securities and Exchange Commission — Current EDGAR Filings,https://www.sec.gov/Archives/edgar/data/2044725/000175707226000007/0001757072-26-000007-index.htm,2026-07-10T23:59:49.000Z,2026-07-11T12:51:11.789Z,B,record-update,"The registered source published or hosts the record titled “4 - Evommune, Inc. (0002044725) (Issuer)”.","This update alone does not establish wrongdoing, intent or coordinated action.",registry-linked,source-id-link,1
relationship-65398fc7ed105c1137ba,published,source-sec-current-filings,finding-e2905c0f54ffa868944f4a88,sec-current-filings,U.S. Securities and Exchange Commission — Current EDGAR Filings,https://www.sec.gov/Archives/edgar/data/1034842/000090514826003238/0000905148-26-003238-index.htm,2026-07-11T01:53:28.000Z,2026-07-11T12:51:11.789Z,B,record-update,The registered source published or hosts the record titled “4 - RIGEL PHARMACEUTICALS INC (0001034842) (Issuer)”.,"This update alone does not establish wrongdoing, intent or coordinated action.",registry-linked,source-id-link,1
relationship-7ddabf511ab7c3d36111,published,source-sec-current-filings,finding-e499d980f62009e499c22728,sec-current-filings,U.S. Securities and Exchange Commission — Current EDGAR Filings,https://www.sec.gov/Archives/edgar/data/1194368/000119312526301179/0001193125-26-301179-index.htm,2026-07-11T00:00:03.000Z,2026-07-11T12:51:11.789Z,B,record-update,The registered source published or hosts the record titled “4 - RACHESKY MARK H MD (0001194368) (Reporting)”.,"This update alone does not establish wrongdoing, intent or coordinated action.",registry-linked,source-id-link,1
relationship-0a2032785b852d9d0845,published,source-sec-current-filings,finding-eb888e921836d03ba1019eac,sec-current-filings,U.S. Securities and Exchange Commission — Current EDGAR Filings,https://www.sec.gov/Archives/edgar/data/2144955/000214495526000001/0002144955-26-000001-index.htm,2026-07-10T23:51:26.000Z,2026-07-11T12:51:11.789Z,B,record-update,The registered source published or hosts the record titled “SCHEDULE 13G - Kendall Brazos Duncan (0002144955) (Filed by)”.,"This update alone does not establish wrongdoing, intent or coordinated action.",registry-linked,source-id-link,1
relationship-2aa6c91106a0ae5651da,published,source-sec-current-filings,finding-fa98106d7b17f4ae9a98f2d8,sec-current-filings,U.S. Securities and Exchange Commission — Current EDGAR Filings,https://www.sec.gov/Archives/edgar/data/1482541/000135979426000004/0001359794-26-000004-index.htm,2026-07-11T00:48:52.000Z,2026-07-11T12:51:11.789Z,B,record-update,The registered source published or hosts the record titled “3 - CEA Industries Inc. (0001482541) (Issuer)”.,"This update alone does not establish wrongdoing, intent or coordinated action.",registry-linked,source-id-link,1
relationship-7c98d87fef542bd53b8e,published,source-sec-current-filings,finding-ff3f58e21c1102743fa06722,sec-current-filings,U.S. Securities and Exchange Commission — Current EDGAR Filings,https://www.sec.gov/Archives/edgar/data/1259603/000119312526301192/0001193125-26-301192-index.htm,2026-07-11T00:25:50.000Z,2026-07-11T12:51:11.789Z,B,record-update,The registered source published or hosts the record titled “4 - ZEEV OREN (0001259603) (Reporting)”.,"This update alone does not establish wrongdoing, intent or coordinated action.",registry-linked,source-id-link,1
relationship-8ed5f8fcb2a7413aeb05,published,source-sec-litigation-releases,finding-01a6c576de317aa2b9d204ca,sec-litigation-releases,U.S. Securities and Exchange Commission — Litigation Releases,https://www.sec.gov/files/litigation/litreleases/2026/26526-final-judgment-arthur.pdf,2026-07-11T12:51:11.789Z,2026-07-11T12:51:11.789Z,A,established-wrongdoing,The registered source published or hosts the record titled “Final Judgment - Arthur”.,"The finding applies only to the conduct, parties and legal outcome stated in the official record. It does not justify unrelated accusations.",registry-linked,source-id-link,1
relationship-ee43a748e23eaa71cc4a,published,source-sec-litigation-releases,finding-04714fd77f38dcdf6f423a86,sec-litigation-releases,U.S. Securities and Exchange Commission — Litigation Releases,https://www.sec.gov/files/litigation/litreleases/2026/judg26514-cranmer.pdf,2026-07-11T12:51:11.789Z,2026-07-11T12:51:11.789Z,A,established-wrongdoing,The registered source published or hosts the record titled “Final Judgment - Brent Cranmer”.,"The finding applies only to the conduct, parties and legal outcome stated in the official record. It does not justify unrelated accusations.",registry-linked,source-id-link,1
relationship-b72c30fa9aecbc2a4fc6,published,source-sec-litigation-releases,finding-068fcfccd501366853d54306,sec-litigation-releases,U.S. Securities and Exchange Commission — Litigation Releases,https://www.sec.gov/files/litigation/litreleases/2026/judg26493.pdf,2026-07-11T12:51:11.789Z,2026-07-11T12:51:11.789Z,A,established-wrongdoing,The registered source published or hosts the record titled “Final Judgment”.,"The finding applies only to the conduct, parties and legal outcome stated in the official record. It does not justify unrelated accusations.",registry-linked,source-id-link,1
relationship-6880f94aadd99bfca550,published,source-sec-litigation-releases,finding-0d1a208466ca961f87bdbe14,sec-litigation-releases,U.S. Securities and Exchange Commission — Litigation Releases,https://www.sec.gov/files/litigation/litreleases/2026/consents26554-sadani.pdf,2026-07-11T12:51:11.789Z,2026-07-11T12:51:11.789Z,A,established-wrongdoing,The registered source published or hosts the record titled “Consent of and Final Judgment as to Sagar Adani”.,"The finding applies only to the conduct, parties and legal outcome stated in the official record. It does not justify unrelated accusations.",registry-linked,source-id-link,1
relationship-5a9cde1927b583279110,published,source-sec-litigation-releases,finding-0ffe0526c4eccdf59fd20450,sec-litigation-releases,U.S. Securities and Exchange Commission — Litigation Releases,https://www.sec.gov/files/litigation/litreleases/2026/judg26535.pdf,2026-07-11T12:51:11.789Z,2026-07-11T12:51:11.789Z,B,record-update,The registered source published or hosts the record titled “Default Judgment”.,"This update alone does not establish wrongdoing, intent or coordinated action.",registry-linked,source-id-link,1
relationship-7178f582b3f7b0ac2e59,published,source-sec-litigation-releases,finding-129da558940c628518181d32,sec-litigation-releases,U.S. Securities and Exchange Commission — Litigation Releases,https://www.sec.gov/files/litigation/litreleases/2026/judg26502.pdf,2026-07-11T12:51:11.789Z,2026-07-11T12:51:11.789Z,A,established-wrongdoing,The registered source published or hosts the record titled “Final Judgment”.,"The finding applies only to the conduct, parties and legal outcome stated in the official record. It does not justify unrelated accusations.",registry-linked,source-id-link,1
relationship-e953de03c1932f940bd0,published,source-sec-litigation-releases,finding-15924f37444afce606e7c4d2,sec-litigation-releases,U.S. Securities and Exchange Commission — Litigation Releases,https://www.sec.gov/files/litigation/litreleases/2026/judg26484.pdf,2026-07-11T12:51:11.789Z,2026-07-11T12:51:11.789Z,B,record-update,The registered source published or hosts the record titled “Default Judgment”.,"This update alone does not establish wrongdoing, intent or coordinated action.",registry-linked,source-id-link,1
relationship-27118d7705f5bac9e707,published,source-sec-litigation-releases,finding-1e43ec8e272bc23c7824442b,sec-litigation-releases,U.S. Securities and Exchange Commission — Litigation Releases,https://www.sec.gov/files/litigation/litreleases/2026/judg26568.pdf,2026-07-11T12:51:11.789Z,2026-07-11T12:51:11.789Z,A,established-wrongdoing,The registered source published or hosts the record titled “Final Judgment”.,"The finding applies only to the conduct, parties and legal outcome stated in the official record. It does not justify unrelated accusations.",registry-linked,source-id-link,1
relationship-da8837ec2e270b539078,published,source-sec-litigation-releases,finding-258185678381402b467347e6,sec-litigation-releases,U.S. Securities and Exchange Commission — Litigation Releases,https://www.sec.gov/files/litigation/litreleases/2026/judg26498-randy-miller.pdf,2026-07-11T12:51:11.789Z,2026-07-11T12:51:11.789Z,A,established-wrongdoing,The registered source published or hosts the record titled “Final Judgment - Randall J. Miller”.,"The finding applies only to the conduct, parties and legal outcome stated in the official record. It does not justify unrelated accusations.",registry-linked,source-id-link,1
relationship-959620e84d31314021c6,published,source-sec-litigation-releases,finding-392ea37d1d6b5e5c9af93b67,sec-litigation-releases,U.S. Securities and Exchange Commission — Litigation Releases,https://www.sec.gov/files/litigation/litreleases/2026/judg26565.pdf,2026-07-11T12:51:11.789Z,2026-07-11T12:51:11.789Z,A,established-wrongdoing,The registered source published or hosts the record titled “Final Judgment”.,"The finding applies only to the conduct, parties and legal outcome stated in the official record. It does not justify unrelated accusations.",registry-linked,source-id-link,1
relationship-dc559c9e2e529695e622,published,source-sec-litigation-releases,finding-41338a1858b9f0ba5e65f3a4,sec-litigation-releases,U.S. Securities and Exchange Commission — Litigation Releases,https://www.sec.gov/files/litigation/litreleases/2026/status26583-taneja.pdf,2026-07-11T12:51:11.789Z,2026-07-11T12:51:11.789Z,A,established-wrongdoing,The registered source published or hosts the record titled “Commission’s Status Report Regarding Final Judgment Against Defendant Rajesh Taneja”.,"The finding applies only to the conduct, parties and legal outcome stated in the official record. It does not justify unrelated accusations.",registry-linked,source-id-link,1
relationship-819e5717196b6cd911d1,published,source-sec-litigation-releases,finding-45cf2275c0d97b3389533686,sec-litigation-releases,U.S. Securities and Exchange Commission — Litigation Releases,https://www.sec.gov/files/litigation/litreleases/2026/judg26528-dahmen.pdf,2026-07-11T12:51:11.789Z,2026-07-11T12:51:11.789Z,B,record-update,The registered source published or hosts the record titled “Judgment - Estate of Dale Dahmen”.,"This update alone does not establish wrongdoing, intent or coordinated action.",registry-linked,source-id-link,1
relationship-fc01d0121cf67c48854e,published,source-sec-litigation-releases,finding-4b2142394168774afcc83a7f,sec-litigation-releases,U.S. Securities and Exchange Commission — Litigation Releases,https://www.sec.gov/files/litigation/litreleases/2026/judg26527.pdf,2026-07-11T12:51:11.789Z,2026-07-11T12:51:11.789Z,A,established-wrongdoing,The registered source published or hosts the record titled “Final Judgment”.,"The finding applies only to the conduct, parties and legal outcome stated in the official record. It does not justify unrelated accusations.",registry-linked,source-id-link,1
relationship-6dc93e10eeaa72ce4e8c,published,source-sec-litigation-releases,finding-4cc4bc9d2a4e521e803e7aa3,sec-litigation-releases,U.S. Securities and Exchange Commission — Litigation Releases,https://www.sec.gov/files/litigation/litreleases/2026/judg26508.pdf,2026-07-11T12:51:11.789Z,2026-07-11T12:51:11.789Z,A,established-wrongdoing,The registered source published or hosts the record titled “Final Judgment”.,"The finding applies only to the conduct, parties and legal outcome stated in the official record. It does not justify unrelated accusations.",registry-linked,source-id-link,1
relationship-095ddacbd55e8c5e939b,published,source-sec-litigation-releases,finding-59b3bba3b9d3f139ac7cf70b,sec-litigation-releases,U.S. Securities and Exchange Commission — Litigation Releases,https://www.sec.gov/files/litigation/complaints/2026/judgment26548.pdf,2026-07-11T12:51:11.789Z,2026-07-11T12:51:11.789Z,A,established-wrongdoing,The registered source published or hosts the record titled “Consent Motion for Entry of Final Judgment”.,"The finding applies only to the conduct, parties and legal outcome stated in the official record. It does not justify unrelated accusations.",registry-linked,source-id-link,1
relationship-70aad2bce96a70500d94,published,source-sec-litigation-releases,finding-5a25689830c47ce95aed0606,sec-litigation-releases,U.S. Securities and Exchange Commission — Litigation Releases,https://www.sec.gov/files/litigation/litreleases/2026/judg26498-puzzullo.pdf,2026-07-11T12:51:11.789Z,2026-07-11T12:51:11.789Z,A,established-wrongdoing,The registered source published or hosts the record titled “Final Judgment - Jeffrey Puzzullo”.,"The finding applies only to the conduct, parties and legal outcome stated in the official record. It does not justify unrelated accusations.",registry-linked,source-id-link,1
relationship-7ebb41272f86055df9b5,published,source-sec-litigation-releases,finding-62fd4ae4ce344cac1c7c7013,sec-litigation-releases,U.S. Securities and Exchange Commission — Litigation Releases,https://www.sec.gov/files/litigation/litreleases/2026/judg26515-pe-capital.pdf,2026-07-11T12:51:11.789Z,2026-07-11T12:51:11.789Z,A,established-wrongdoing,The registered source published or hosts the record titled “Final Judgment - P/E Capital Investment Management Partners”.,"The finding applies only to the conduct, parties and legal outcome stated in the official record. It does not justify unrelated accusations.",registry-linked,source-id-link,1
relationship-d3f9406da241ad873463,published,source-sec-litigation-releases,finding-64c1938af8b07cd0534feeb1,sec-litigation-releases,U.S. Securities and Exchange Commission — Litigation Releases,https://www.sec.gov/files/litigation/litreleases/2026/judg26498-jeffrey-de-laveaga.pdf,2026-07-11T12:51:11.789Z,2026-07-11T12:51:11.789Z,A,established-wrongdoing,The registered source published or hosts the record titled “Final Judgment - Jeffrey De Laveaga”.,"The finding applies only to the conduct, parties and legal outcome stated in the official record. It does not justify unrelated accusations.",registry-linked,source-id-link,1
relationship-11b1c80869ef76c70ffa,published,source-sec-litigation-releases,finding-64e1f0f53d8031366a67f2c6,sec-litigation-releases,U.S. Securities and Exchange Commission — Litigation Releases,https://www.sec.gov/files/litigation/litreleases/2026/judg26582-robert-yedid.pdf,2026-07-11T12:51:11.789Z,2026-07-11T12:51:11.789Z,A,established-wrongdoing,The registered source published or hosts the record titled “Final Judgment - Robert Yedid”.,"The finding applies only to the conduct, parties and legal outcome stated in the official record. It does not justify unrelated accusations.",registry-linked,source-id-link,1
relationship-6f4621efa374a5c58973,published,source-sec-litigation-releases,finding-689f4fde078948c2631539bd,sec-litigation-releases,U.S. Securities and Exchange Commission — Litigation Releases,https://www.sec.gov/files/litigation/litreleases/2026/judg26489-oconnor.pdf,2026-07-11T12:51:11.789Z,2026-07-11T12:51:11.789Z,A,established-wrongdoing,The registered source published or hosts the record titled “Final Judgment - Patrick J. O’Connor”.,"The finding applies only to the conduct, parties and legal outcome stated in the official record. It does not justify unrelated accusations.",registry-linked,source-id-link,1
relationship-a2339f2e635dc6c86ae7,published,source-sec-litigation-releases,finding-78c7b3e53eaef473c9cc5d50,sec-litigation-releases,U.S. Securities and Exchange Commission — Litigation Releases,https://www.sec.gov/files/litigation/litreleases/2026/judg26559.pdf,2026-07-11T12:51:11.789Z,2026-07-11T12:51:11.789Z,A,established-wrongdoing,The registered source published or hosts the record titled “Final Judgment - Ross Gregory Erskine”.,"The finding applies only to the conduct, parties and legal outcome stated in the official record. It does not justify unrelated accusations.",registry-linked,source-id-link,1
relationship-be3032bf7b3ee8e5a5f3,published,source-sec-litigation-releases,finding-7b51ccf5eac29822720d84c2,sec-litigation-releases,U.S. Securities and Exchange Commission — Litigation Releases,https://www.sec.gov/files/litigation/litreleases/2026/judg26545-lloyd.pdf,2026-07-11T12:51:11.789Z,2026-07-11T12:51:11.789Z,A,established-wrongdoing,The registered source published or hosts the record titled “Final Judgment - Lloyd”.,"The finding applies only to the conduct, parties and legal outcome stated in the official record. It does not justify unrelated accusations.",registry-linked,source-id-link,1
relationship-3ca3bc615cd58286dee5,published,source-sec-litigation-releases,finding-8194b7e8b7e811fe8d10ab2f,sec-litigation-releases,U.S. Securities and Exchange Commission — Litigation Releases,https://www.sec.gov/files/litigation/litreleases/2026/judg26582-mark-jacobs.pdf,2026-07-11T12:51:11.789Z,2026-07-11T12:51:11.789Z,A,established-wrongdoing,The registered source published or hosts the record titled “Final Judgment - Mark Jacobs”.,"The finding applies only to the conduct, parties and legal outcome stated in the official record. It does not justify unrelated accusations.",registry-linked,source-id-link,1
relationship-dce45ea70540f2908bf9,published,source-sec-litigation-releases,finding-81a3e227e0e485e5e2e85733,sec-litigation-releases,U.S. Securities and Exchange Commission — Litigation Releases,https://www.sec.gov/files/litigation/litreleases/2026/judg26524.pdf,2026-07-11T12:51:11.789Z,2026-07-11T12:51:11.789Z,A,established-wrongdoing,The registered source published or hosts the record titled “Final Judgment - Geoffrey Allen Wall”.,"The finding applies only to the conduct, parties and legal outcome stated in the official record. It does not justify unrelated accusations.",registry-linked,source-id-link,1
relationship-2fbb1d5c0b46e60d04b6,published,source-sec-litigation-releases,finding-855c24f1119d6a694866d72e,sec-litigation-releases,U.S. Securities and Exchange Commission — Litigation Releases,https://www.sec.gov/files/litigation/litreleases/2026/judg26503.pdf,2026-07-11T12:51:11.789Z,2026-07-11T12:51:11.789Z,A,established-wrongdoing,The registered source published or hosts the record titled “Final Judgment”.,"The finding applies only to the conduct, parties and legal outcome stated in the official record. It does not justify unrelated accusations.",registry-linked,source-id-link,1
relationship-d6a41a50c07a3df41de7,published,source-sec-litigation-releases,finding-86705f73deac83b805ef4eea,sec-litigation-releases,U.S. Securities and Exchange Commission — Litigation Releases,https://www.sec.gov/files/litigation/litreleases/2026/judg26577.pdf,2026-07-11T12:51:11.789Z,2026-07-11T12:51:11.789Z,A,established-wrongdoing,The registered source published or hosts the record titled “Final Judgment”.,"The finding applies only to the conduct, parties and legal outcome stated in the official record. It does not justify unrelated accusations.",registry-linked,source-id-link,1
relationship-177bf0ad4d641e664995,published,source-sec-litigation-releases,finding-8947f501a89ede7835d96792,sec-litigation-releases,U.S. Securities and Exchange Commission — Litigation Releases,https://www.sec.gov/files/litigation/litreleases/2026/judg26528-spartan.pdf,2026-07-11T12:51:11.789Z,2026-07-11T12:51:11.789Z,B,record-update,"The registered source published or hosts the record titled “Amended Judgment - Spartan Trading Company, LLC”.","This update alone does not establish wrongdoing, intent or coordinated action.",registry-linked,source-id-link,1
relationship-56b825e914c4ac8d7f0a,published,source-sec-litigation-releases,finding-8b5fcbcbcce1dd2f3c66a749,sec-litigation-releases,U.S. Securities and Exchange Commission — Litigation Releases,https://www.sec.gov/files/litigation/litreleases/2026/judg26575.pdf,2026-07-11T12:51:11.789Z,2026-07-11T12:51:11.789Z,A,established-wrongdoing,The registered source published or hosts the record titled “Final Judgment - Michael Bowen”.,"The finding applies only to the conduct, parties and legal outcome stated in the official record. It does not justify unrelated accusations.",registry-linked,source-id-link,1
relationship-9b5fd461720458bf29e7,published,source-sec-litigation-releases,finding-8c823fee008eb1c9eafc946a,sec-litigation-releases,U.S. Securities and Exchange Commission — Litigation Releases,https://www.sec.gov/files/litigation/litreleases/2026/judg26512-titanium-capital-llc.pdf,2026-07-11T12:51:11.789Z,2026-07-11T12:51:11.789Z,A,established-wrongdoing,The registered source published or hosts the record titled “Final Judgment - Titanium Capital LLC”.,"The finding applies only to the conduct, parties and legal outcome stated in the official record. It does not justify unrelated accusations.",registry-linked,source-id-link,1
relationship-35e2dda63b8ed2fb42eb,published,source-sec-litigation-releases,finding-8ca3f730799c2d89e967b5c9,sec-litigation-releases,U.S. Securities and Exchange Commission — Litigation Releases,https://www.sec.gov/files/litigation/litreleases/2026/judg26498-chad-miller.pdf,2026-07-11T12:51:11.789Z,2026-07-11T12:51:11.789Z,A,established-wrongdoing,The registered source published or hosts the record titled “Final Judgment - Chad J. Miller”.,"The finding applies only to the conduct, parties and legal outcome stated in the official record. It does not justify unrelated accusations.",registry-linked,source-id-link,1
relationship-2c4e92d10d9d70acc797,published,source-sec-litigation-releases,finding-8d0ea3be5cea965a55872afd,sec-litigation-releases,U.S. Securities and Exchange Commission — Litigation Releases,https://www.sec.gov/files/litigation/litreleases/2026/judg26528-myre.pdf,2026-07-11T12:51:11.789Z,2026-07-11T12:51:11.789Z,A,established-wrongdoing,The registered source published or hosts the record titled “Final Judgment - Estate of Richard Myre”.,"The finding applies only to the conduct, parties and legal outcome stated in the official record. It does not justify unrelated accusations.",registry-linked,source-id-link,1
relationship-f65fa4df09fd611c2312,published,source-sec-litigation-releases,finding-8f5e9075eecd3a21b17c4228,sec-litigation-releases,U.S. Securities and Exchange Commission — Litigation Releases,https://www.sec.gov/files/litigation/litreleases/2026/judg26492-lawrence.pdf,2026-07-11T12:51:11.789Z,2026-07-11T12:51:11.789Z,A,established-wrongdoing,The registered source published or hosts the record titled “Final Judgment - Charles T. Lawrence”.,"The finding applies only to the conduct, parties and legal outcome stated in the official record. It does not justify unrelated accusations.",registry-linked,source-id-link,1
relationship-16badbc8b68b8b79abaa,published,source-sec-litigation-releases,finding-908e93ff5a07d8b4500eed38,sec-litigation-releases,U.S. Securities and Exchange Commission — Litigation Releases,https://www.sec.gov/files/litigation/litreleases/2026/judg26580.pdf,2026-07-11T12:51:11.789Z,2026-07-11T12:51:11.789Z,A,established-wrongdoing,The registered source published or hosts the record titled “Final Judgment”.,"The finding applies only to the conduct, parties and legal outcome stated in the official record. It does not justify unrelated accusations.",registry-linked,source-id-link,1
relationship-02535f9ebb953ae83b64,published,source-sec-litigation-releases,finding-92de72c0f2abc8dd8c8ec65c,sec-litigation-releases,U.S. Securities and Exchange Commission — Litigation Releases,https://www.sec.gov/files/litigation/litreleases/2026/judg26550.pdf,2026-07-11T12:51:11.789Z,2026-07-11T12:51:11.789Z,A,established-wrongdoing,The registered source published or hosts the record titled “Final Judgment”.,"The finding applies only to the conduct, parties and legal outcome stated in the official record. It does not justify unrelated accusations.",registry-linked,source-id-link,1
relationship-8a84a85762741100f08d,published,source-sec-litigation-releases,finding-93e7bb9b21bc9a5bb87f8f7a,sec-litigation-releases,U.S. Securities and Exchange Commission — Litigation Releases,https://www.sec.gov/files/litigation/litreleases/2026/judg26564.pdf,2026-07-11T12:51:11.789Z,2026-07-11T12:51:11.789Z,A,established-wrongdoing,The registered source published or hosts the record titled “Final Judgment”.,"The finding applies only to the conduct, parties and legal outcome stated in the official record. It does not justify unrelated accusations.",registry-linked,source-id-link,1
relationship-25f3ce7be0138bc762ca,published,source-sec-litigation-releases,finding-94b0f530df4d48aa19bd3442,sec-litigation-releases,U.S. Securities and Exchange Commission — Litigation Releases,https://www.sec.gov/files/litigation/litreleases/2026/judg26488.pdf,2026-07-11T12:51:11.789Z,2026-07-11T12:51:11.789Z,A,established-wrongdoing,The registered source published or hosts the record titled “Final Judgment”.,"The finding applies only to the conduct, parties and legal outcome stated in the official record. It does not justify unrelated accusations.",registry-linked,source-id-link,1
relationship-101d6912365edda81d28,published,source-sec-litigation-releases,finding-95018eb915abff944c5987dc,sec-litigation-releases,U.S. Securities and Exchange Commission — Litigation Releases,https://www.sec.gov/files/litigation/litreleases/2026/judg26555.pdf,2026-07-11T12:51:11.789Z,2026-07-11T12:51:11.789Z,A,established-wrongdoing,The registered source published or hosts the record titled “Final Judgment”.,"The finding applies only to the conduct, parties and legal outcome stated in the official record. It does not justify unrelated accusations.",registry-linked,source-id-link,1
relationship-892014d1babddd0742a6,published,source-sec-litigation-releases,finding-9d6cd2b8e496ea570fc518a3,sec-litigation-releases,U.S. Securities and Exchange Commission — Litigation Releases,https://www.sec.gov/files/litigation/litreleases/2026/judg26514-mccormick.pdf,2026-07-11T12:51:11.789Z,2026-07-11T12:51:11.789Z,A,established-wrongdoing,The registered source published or hosts the record titled “Final Judgment - Daniel McCormick”.,"The finding applies only to the conduct, parties and legal outcome stated in the official record. It does not justify unrelated accusations.",registry-linked,source-id-link,1
relationship-2376d314f79d4fd16d70,published,source-sec-litigation-releases,finding-9fa5a0ad9018c5d8efa96ce7,sec-litigation-releases,U.S. Securities and Exchange Commission — Litigation Releases,https://www.sec.gov/files/litigation/litreleases/2026/judg26506-suzee-han.pdf,2026-07-11T12:51:11.789Z,2026-07-11T12:51:11.789Z,A,established-wrongdoing,The registered source published or hosts the record titled “Final Judgment - Suzee Han”.,"The finding applies only to the conduct, parties and legal outcome stated in the official record. It does not justify unrelated accusations.",registry-linked,source-id-link,1
relationship-3f3daac208f223268ac0,published,source-sec-litigation-releases,finding-a228392badbd6e25200324de,sec-litigation-releases,U.S. Securities and Exchange Commission — Litigation Releases,https://www.sec.gov/files/litigation/litreleases/2026/judg26494.pdf,2026-07-11T12:51:11.789Z,2026-07-11T12:51:11.789Z,A,established-wrongdoing,The registered source published or hosts the record titled “Final Judgment”.,"The finding applies only to the conduct, parties and legal outcome stated in the official record. It does not justify unrelated accusations.",registry-linked,source-id-link,1
relationship-121d4f514d97df3f1115,published,source-sec-litigation-releases,finding-a2fb01f0b53b59661ced68c0,sec-litigation-releases,U.S. Securities and Exchange Commission — Litigation Releases,https://www.sec.gov/files/litigation/litreleases/2026/26526-bongiorno-opinion-granting-summary-judgment.pdf,2026-07-11T12:51:11.789Z,2026-07-11T12:51:11.789Z,B,record-update,The registered source published or hosts the record titled “Opinion Granting Summary Judgment - Bongiorno”.,"This update alone does not establish wrongdoing, intent or coordinated action.",registry-linked,source-id-link,1
relationship-14272437a8f54993a39a,published,source-sec-litigation-releases,finding-a5672235e79f73ecc27165ff,sec-litigation-releases,U.S. Securities and Exchange Commission — Litigation Releases,https://www.sec.gov/files/litigation/litreleases/2026/judg26539.pdf,2026-07-11T12:51:11.789Z,2026-07-11T12:51:11.789Z,A,established-wrongdoing,The registered source published or hosts the record titled “Final Judgment”.,"The finding applies only to the conduct, parties and legal outcome stated in the official record. It does not justify unrelated accusations.",registry-linked,source-id-link,1
relationship-19cc32713a4d8d083a10,published,source-sec-litigation-releases,finding-a59e6c703b47ece9c0e5dceb,sec-litigation-releases,U.S. Securities and Exchange Commission — Litigation Releases,https://www.sec.gov/files/litigation/litreleases/2026/judgment26496.pdf,2026-07-11T12:51:11.789Z,2026-07-11T12:51:11.789Z,B,record-update,The registered source published or hosts the record titled “Proposed Judgment and Consent as to the Tron Defendants”.,"This update alone does not establish wrongdoing, intent or coordinated action.",registry-linked,source-id-link,1
relationship-04f0b4bf2c52c91b6b37,published,source-sec-litigation-releases,finding-a5f67ee2a60f22788958c284,sec-litigation-releases,U.S. Securities and Exchange Commission — Litigation Releases,https://www.sec.gov/files/litigation/litreleases/2026/judg26582-andrew-kaufman.pdf,2026-07-11T12:51:11.789Z,2026-07-11T12:51:11.789Z,A,established-wrongdoing,The registered source published or hosts the record titled “Final Judgment - Andrew Kaufman”.,"The finding applies only to the conduct, parties and legal outcome stated in the official record. It does not justify unrelated accusations.",registry-linked,source-id-link,1
relationship-15d9d8594a769ac00d09,published,source-sec-litigation-releases,finding-ab4520ad85bff15354423b11,sec-litigation-releases,U.S. Securities and Exchange Commission — Litigation Releases,https://www.sec.gov/files/litigation/litreleases/2026/judg26583-mcknight.pdf,2026-07-11T12:51:11.789Z,2026-07-11T12:51:11.789Z,A,established-wrongdoing,The registered source published or hosts the record titled “Final Judgment -Christopher McKnight”.,"The finding applies only to the conduct, parties and legal outcome stated in the official record. It does not justify unrelated accusations.",registry-linked,source-id-link,1
relationship-22f2f576a10a9ba632be,published,source-sec-litigation-releases,finding-b09e816b03eab3eadb7e7bec,sec-litigation-releases,U.S. Securities and Exchange Commission — Litigation Releases,https://www.sec.gov/files/litigation/litreleases/2026/judg26537.pdf,2026-07-11T12:51:11.789Z,2026-07-11T12:51:11.789Z,A,established-wrongdoing,The registered source published or hosts the record titled “Final Judgment”.,"The finding applies only to the conduct, parties and legal outcome stated in the official record. It does not justify unrelated accusations.",registry-linked,source-id-link,1
relationship-82fcc6f747eb66b4b8ca,published,source-sec-litigation-releases,finding-b2cb16391dbfb1e40f62a083,sec-litigation-releases,U.S. Securities and Exchange Commission — Litigation Releases,https://www.sec.gov/files/litigation/litreleases/2026/consents26554-gadani.pdf,2026-07-11T12:51:11.789Z,2026-07-11T12:51:11.789Z,A,established-wrongdoing,The registered source published or hosts the record titled “Consent of and Final Judgment as to Gautam Adani”.,"The finding applies only to the conduct, parties and legal outcome stated in the official record. It does not justify unrelated accusations.",registry-linked,source-id-link,1
relationship-8ce729c51cab6b0e29e0,published,source-sec-litigation-releases,finding-b36c021a9534424e131e8f14,sec-litigation-releases,U.S. Securities and Exchange Commission — Litigation Releases,https://www.sec.gov/files/litigation/litreleases/2026/judg26566.pdf,2026-07-11T12:51:11.789Z,2026-07-11T12:51:11.789Z,B,record-update,The registered source published or hosts the record titled “Judgment - Gerard Ryan”.,"This update alone does not establish wrongdoing, intent or coordinated action.",registry-linked,source-id-link,1
relationship-b5f79ee08bcee28a280c,published,source-sec-litigation-releases,finding-b3814745bfa66f3d1a8a833e,sec-litigation-releases,U.S. Securities and Exchange Commission — Litigation Releases,https://www.sec.gov/files/litigation/litreleases/2026/judg26543.pdf,2026-07-11T12:51:11.789Z,2026-07-11T12:51:11.789Z,A,established-wrongdoing,The registered source published or hosts the record titled “Order and Final Judgment”.,"The finding applies only to the conduct, parties and legal outcome stated in the official record. It does not justify unrelated accusations.",registry-linked,source-id-link,1
relationship-59af92089dc3401446fb,published,source-sec-litigation-releases,finding-b3da1d0797a1b7d1fbb0773b,sec-litigation-releases,U.S. Securities and Exchange Commission — Litigation Releases,https://www.sec.gov/files/litigation/litreleases/2026/judg26576.pdf,2026-07-11T12:51:11.789Z,2026-07-11T12:51:11.789Z,A,established-wrongdoing,The registered source published or hosts the record titled “Final Judgment”.,"The finding applies only to the conduct, parties and legal outcome stated in the official record. It does not justify unrelated accusations.",registry-linked,source-id-link,1
relationship-a6950995eb9cb0612092,published,source-sec-litigation-releases,finding-b60d456b9c61cee06f6603ce,sec-litigation-releases,U.S. Securities and Exchange Commission — Litigation Releases,https://www.sec.gov/files/litigation/litreleases/2026/judg26500-hao.pdf,2026-07-11T12:51:11.789Z,2026-07-11T12:51:11.789Z,A,established-wrongdoing,The registered source published or hosts the record titled “Final Judgment - Bin Hao”.,"The finding applies only to the conduct, parties and legal outcome stated in the official record. It does not justify unrelated accusations.",registry-linked,source-id-link,1
relationship-b8e74b2f799fb4d351e4,published,source-sec-litigation-releases,finding-b6686e1a92c6c321224f2ba6,sec-litigation-releases,U.S. Securities and Exchange Commission — Litigation Releases,https://www.sec.gov/files/litigation/litreleases/2026/judg26582-mark-jacobs.pdf,2026-07-11T12:51:11.789Z,2026-07-11T12:51:11.789Z,B,record-update,The registered source published or hosts the record titled “Consent Motion for Final Judgments”.,"This update alone does not establish wrongdoing, intent or coordinated action.",registry-linked,source-id-link,1
relationship-d61b81af00c7ca822e4e,published,source-sec-litigation-releases,finding-bcd16861ddee1a6a114900fc,sec-litigation-releases,U.S. Securities and Exchange Commission — Litigation Releases,https://www.sec.gov/files/litigation/litreleases/2026/judg26489-waugh.pdf,2026-07-11T12:51:11.789Z,2026-07-11T12:51:11.789Z,A,established-wrongdoing,The registered source published or hosts the record titled “Final Judgment - Bryan L. Waugh”.,"The finding applies only to the conduct, parties and legal outcome stated in the official record. It does not justify unrelated accusations.",registry-linked,source-id-link,1
relationship-fe73c965f555ca00e7b5,published,source-sec-litigation-releases,finding-bf3f50a41eaf993c7bf35ff0,sec-litigation-releases,U.S. Securities and Exchange Commission — Litigation Releases,https://www.sec.gov/files/litigation/litreleases/2026/judg26549-daveglo.pdf,2026-07-11T12:51:11.789Z,2026-07-11T12:51:11.789Z,A,established-wrongdoing,"The registered source published or hosts the record titled “Final Judgment - DaveGlo Investment Group, Inc.”.","The finding applies only to the conduct, parties and legal outcome stated in the official record. It does not justify unrelated accusations.",registry-linked,source-id-link,1
relationship-6ae2c6d8a08dcf7ebf8b,published,source-sec-litigation-releases,finding-c29233035ad81a92c3f6f754,sec-litigation-releases,U.S. Securities and Exchange Commission — Litigation Releases,https://www.sec.gov/files/litigation/litreleases/2026/judg26489-lewis.pdf,2026-07-11T12:51:11.789Z,2026-07-11T12:51:11.789Z,A,established-wrongdoing,The registered source published or hosts the record titled “Final Judgment - Joseph C. Lewis”.,"The finding applies only to the conduct, parties and legal outcome stated in the official record. It does not justify unrelated accusations.",registry-linked,source-id-link,1
relationship-41798f2006557ef07d14,published,source-sec-litigation-releases,finding-c465a503b00cfc994561363b,sec-litigation-releases,U.S. Securities and Exchange Commission — Litigation Releases,https://www.sec.gov/files/litigation/litreleases/2026/judg26545-treusch.pdf,2026-07-11T12:51:11.789Z,2026-07-11T12:51:11.789Z,A,established-wrongdoing,The registered source published or hosts the record titled “Final Judgment - Treusch”.,"The finding applies only to the conduct, parties and legal outcome stated in the official record. It does not justify unrelated accusations.",registry-linked,source-id-link,1
relationship-eff5904d82bead2e26d1,published,source-sec-litigation-releases,finding-c6cf2744d8a41c539fe8872e,sec-litigation-releases,U.S. Securities and Exchange Commission — Litigation Releases,https://www.sec.gov/files/litigation/litreleases/2026/judg26545-flagg.pdf,2026-07-11T12:51:11.789Z,2026-07-11T12:51:11.789Z,A,established-wrongdoing,The registered source published or hosts the record titled “Final Judgment - Flagg”.,"The finding applies only to the conduct, parties and legal outcome stated in the official record. It does not justify unrelated accusations.",registry-linked,source-id-link,1
relationship-dea7f05b9a69d0e99a5f,published,source-sec-litigation-releases,finding-c6d54a0c85660b01489f2154,sec-litigation-releases,U.S. Securities and Exchange Commission — Litigation Releases,https://www.sec.gov/files/litigation/litreleases/2026/judg26489-carter.pdf,2026-07-11T12:51:11.789Z,2026-07-11T12:51:11.789Z,A,established-wrongdoing,The registered source published or hosts the record titled “Final Judgment - Carolyn W. Carter”.,"The finding applies only to the conduct, parties and legal outcome stated in the official record. It does not justify unrelated accusations.",registry-linked,source-id-link,1
relationship-96b416fe556baccb4ec2,published,source-sec-litigation-releases,finding-c8e4e1d2769612936d0b77da,sec-litigation-releases,U.S. Securities and Exchange Commission — Litigation Releases,https://www.sec.gov/files/litigation/litreleases/2026/judg26549-ortiz.pdf,2026-07-11T12:51:11.789Z,2026-07-11T12:51:11.789Z,A,established-wrongdoing,The registered source published or hosts the record titled “Final Judgment - David P. Ortiz”.,"The finding applies only to the conduct, parties and legal outcome stated in the official record. It does not justify unrelated accusations.",registry-linked,source-id-link,1
relationship-851c08672edc16ea0b91,published,source-sec-litigation-releases,finding-ca33bf88016d7ecfa0bd27f2,sec-litigation-releases,U.S. Securities and Exchange Commission — Litigation Releases,https://www.sec.gov/files/litigation/litreleases/2026/judg26497.pdf,2026-07-11T12:51:11.789Z,2026-07-11T12:51:11.789Z,A,established-wrongdoing,The registered source published or hosts the record titled “Final Judgment”.,"The finding applies only to the conduct, parties and legal outcome stated in the official record. It does not justify unrelated accusations.",registry-linked,source-id-link,1
relationship-eead2231a97c6076a6ec,published,source-sec-litigation-releases,finding-cdeecf8ebd2a1f8306018972,sec-litigation-releases,U.S. Securities and Exchange Commission — Litigation Releases,https://www.sec.gov/files/litigation/litreleases/2026/judg26579-lamancha.pdf,2026-07-11T12:51:11.789Z,2026-07-11T12:51:11.789Z,B,record-update,The registered source published or hosts the record titled “Judgment - La Mancha”.,"This update alone does not establish wrongdoing, intent or coordinated action.",registry-linked,source-id-link,1
relationship-8da3bd05f71dcc6b2a16,published,source-sec-litigation-releases,finding-ce6c89056460c0c0b4cff4e4,sec-litigation-releases,U.S. Securities and Exchange Commission — Litigation Releases,https://www.sec.gov/files/litigation/litreleases/2026/26526-final-judgment-bongiorno.pdf,2026-07-11T12:51:11.789Z,2026-07-11T12:51:11.789Z,A,established-wrongdoing,The registered source published or hosts the record titled “Final Judgment - Bongiorno”.,"The finding applies only to the conduct, parties and legal outcome stated in the official record. It does not justify unrelated accusations.",registry-linked,source-id-link,1
relationship-07eb15d6ef43e92ed94f,published,source-sec-litigation-releases,finding-cf53bb9e78937f9225db689c,sec-litigation-releases,U.S. Securities and Exchange Commission — Litigation Releases,https://www.sec.gov/files/litigation/litreleases/2026/judg26583-bajic.pdf,2026-07-11T12:51:11.789Z,2026-07-11T12:51:11.789Z,A,established-wrongdoing,The registered source published or hosts the record titled “Final Judgment -Steve Bajic”.,"The finding applies only to the conduct, parties and legal outcome stated in the official record. It does not justify unrelated accusations.",registry-linked,source-id-link,1
relationship-4a011f51126f6ac05c61,published,source-sec-litigation-releases,finding-d0f40deb9bdcc8af49735de4,sec-litigation-releases,U.S. Securities and Exchange Commission — Litigation Releases,https://www.sec.gov/files/litigation/litreleases/2026/judg26504.pdf,2026-07-11T12:51:11.789Z,2026-07-11T12:51:11.789Z,A,established-wrongdoing,The registered source published or hosts the record titled “Final Judgment”.,"The finding applies only to the conduct, parties and legal outcome stated in the official record. It does not justify unrelated accusations.",registry-linked,source-id-link,1
relationship-a1ff4b2c2e8b6bc06a24,published,source-sec-litigation-releases,finding-d8c28c563927801121a1e6a3,sec-litigation-releases,U.S. Securities and Exchange Commission — Litigation Releases,https://www.sec.gov/files/litigation/litreleases/2026/judg26516.pdf,2026-07-11T12:51:11.789Z,2026-07-11T12:51:11.789Z,A,established-wrongdoing,The registered source published or hosts the record titled “Final Judgment”.,"The finding applies only to the conduct, parties and legal outcome stated in the official record. It does not justify unrelated accusations.",registry-linked,source-id-link,1
relationship-33cb8152a89bf9354bae,published,source-sec-litigation-releases,finding-d914b02fd230f718dd6b2fb7,sec-litigation-releases,U.S. Securities and Exchange Commission — Litigation Releases,https://www.sec.gov/files/litigation/litreleases/2026/judg26506-samir-rao.pdf,2026-07-11T12:51:11.789Z,2026-07-11T12:51:11.789Z,A,established-wrongdoing,The registered source published or hosts the record titled “Final Judgment - Samir Rao”.,"The finding applies only to the conduct, parties and legal outcome stated in the official record. It does not justify unrelated accusations.",registry-linked,source-id-link,1
relationship-c3ac0345b55766ac4640,published,source-sec-litigation-releases,finding-e0e233197789c43920e8ded5,sec-litigation-releases,U.S. Securities and Exchange Commission — Litigation Releases,https://www.sec.gov/files/litigation/litreleases/2026/judg26515-prisno.pdf,2026-07-11T12:51:11.789Z,2026-07-11T12:51:11.789Z,A,established-wrongdoing,The registered source published or hosts the record titled “Final Judgment - Eliseo Jojo Prisno”.,"The finding applies only to the conduct, parties and legal outcome stated in the official record. It does not justify unrelated accusations.",registry-linked,source-id-link,1
relationship-0dcb2449d940a1aa3365,published,source-sec-litigation-releases,finding-e67a5eb0d9c7413797d173d3,sec-litigation-releases,U.S. Securities and Exchange Commission — Litigation Releases,https://www.sec.gov/files/litigation/litreleases/2026/judg26512-henry-abdo.pdf,2026-07-11T12:51:11.789Z,2026-07-11T12:51:11.789Z,A,established-wrongdoing,The registered source published or hosts the record titled “Final Judgment - Henry Abdo”.,"The finding applies only to the conduct, parties and legal outcome stated in the official record. It does not justify unrelated accusations.",registry-linked,source-id-link,1
relationship-369adc53df94dfb9b45c,published,source-sec-litigation-releases,finding-e82d8c38d4193cf40e6d293c,sec-litigation-releases,U.S. Securities and Exchange Commission — Litigation Releases,https://www.sec.gov/files/litigation/litreleases/2026/judg26579-kushner.pdf,2026-07-11T12:51:11.789Z,2026-07-11T12:51:11.789Z,B,record-update,The registered source published or hosts the record titled “Judgment - Kushner”.,"This update alone does not establish wrongdoing, intent or coordinated action.",registry-linked,source-id-link,1
relationship-78055a85b1897be4a73a,published,source-sec-litigation-releases,finding-ea8c73c16b9786dddbc75149,sec-litigation-releases,U.S. Securities and Exchange Commission — Litigation Releases,https://www.sec.gov/files/litigation/litreleases/2026/judg26485.pdf,2026-07-11T12:51:11.789Z,2026-07-11T12:51:11.789Z,A,established-wrongdoing,The registered source published or hosts the record titled “Final Judgment”.,"The finding applies only to the conduct, parties and legal outcome stated in the official record. It does not justify unrelated accusations.",registry-linked,source-id-link,1
relationship-b120673122c7881c941b,published,source-sec-litigation-releases,finding-eaad3dc64f4b0d872ee31372,sec-litigation-releases,U.S. Securities and Exchange Commission — Litigation Releases,https://www.sec.gov/files/litigation/litreleases/2026/judg26553.pdf,2026-07-11T12:51:11.789Z,2026-07-11T12:51:11.789Z,A,established-wrongdoing,The registered source published or hosts the record titled “Final Judgment - Robert Newell”.,"The finding applies only to the conduct, parties and legal outcome stated in the official record. It does not justify unrelated accusations.",registry-linked,source-id-link,1
relationship-a81a9f4e745edfd8e7f8,published,source-sec-litigation-releases,finding-f74b5d8b537d683ed68a5e18,sec-litigation-releases,U.S. Securities and Exchange Commission — Litigation Releases,https://www.sec.gov/files/litigation/litreleases/2026/order26512-granting-sec-motion-summer-judgment-henry-abdo.pdf,2026-07-11T12:51:11.789Z,2026-07-11T12:51:11.789Z,B,record-update,The registered source published or hosts the record titled “Order Granting SEC&#039;s Motion for Summary Judgment as to Henry Abdo”.,"This update alone does not establish wrongdoing, intent or coordinated action.",registry-linked,source-id-link,1
relationship-8c16c8df8d9fe6c024d6,published,source-sec-litigation-releases,finding-f93a549de8c747914558b6b2,sec-litigation-releases,U.S. Securities and Exchange Commission — Litigation Releases,https://www.sec.gov/files/litigation/litreleases/2026/judg26536.pdf,2026-07-11T12:51:11.789Z,2026-07-11T12:51:11.789Z,A,established-wrongdoing,The registered source published or hosts the record titled “Final Judgment by Default”.,"The finding applies only to the conduct, parties and legal outcome stated in the official record. It does not justify unrelated accusations.",registry-linked,source-id-link,1
relationship-d13e7d5997fa2575ae37,published,source-sec-litigation-releases,finding-fd0bd0d092ec5e7ef84616da,sec-litigation-releases,U.S. Securities and Exchange Commission — Litigation Releases,https://www.sec.gov/files/litigation/litreleases/2026/judg26557.pdf,2026-07-11T12:51:11.789Z,2026-07-11T12:51:11.789Z,A,established-wrongdoing,The registered source published or hosts the record titled “Final Judgment”.,"The finding applies only to the conduct, parties and legal outcome stated in the official record. It does not justify unrelated accusations.",registry-linked,source-id-link,1
relationship-af0ed5cc75203c988d64,published,source-treasury-ofac-recent-actions,finding-06ed387a2351449d62f3321e,treasury-ofac-recent-actions,U.S. Treasury OFAC — Recent Actions,https://ofac.treasury.gov/sanctions-programs-and-country-information/sanctions-related-to-significant-malicious-cyber-enabled-activities,2026-07-11T12:51:11.789Z,2026-07-11T12:51:11.789Z,A,official-enforcement,The registered source published or hosts the record titled “Cyber-related Sanctions”.,A settlement or civil enforcement action may not include an admission of every alleged fact. Read the order and settlement terms.,registry-linked,source-id-link,1
relationship-d515a28494c7cc31effc,published,source-treasury-ofac-recent-actions,finding-1de434047ff4e142882cb5bf,treasury-ofac-recent-actions,U.S. Treasury OFAC — Recent Actions,https://ofac.treasury.gov/recent-actions/20260630,2026-07-11T12:51:11.789Z,2026-07-11T12:51:11.789Z,A,official-enforcement,The registered source published or hosts the record titled “Counter Narcotics Designations; Russia-related Designations Removals; Publication of Report for Licensing Activities Undertaken Pursuant to the Trade Sanctions Reform and Export Enhancement Act (TSRA)”.,A settlement or civil enforcement action may not include an admission of every alleged fact. Read the order and settlement terms.,registry-linked,source-id-link,1
relationship-75e0a26212c0710dbe50,published,source-treasury-ofac-recent-actions,finding-319f28e79bc93664e1bb5f64,treasury-ofac-recent-actions,U.S. Treasury OFAC — Recent Actions,https://ofac.treasury.gov/sanctions-programs-and-country-information,2026-07-11T12:51:11.789Z,2026-07-11T12:51:11.789Z,A,official-enforcement,The registered source published or hosts the record titled “Complete List of Sanctions Programs and Country Information”.,A settlement or civil enforcement action may not include an admission of every alleged fact. Read the order and settlement terms.,registry-linked,source-id-link,1
relationship-d2b619755c490d464ee2,published,source-treasury-ofac-recent-actions,finding-46946e16f112789f29e7d82a,treasury-ofac-recent-actions,U.S. Treasury OFAC — Recent Actions,https://sanctionssearch.ofac.treas.gov/,2026-07-11T12:51:11.789Z,2026-07-11T12:51:11.789Z,A,official-enforcement,The registered source published or hosts the record titled “Sanctions List Search”.,A settlement or civil enforcement action may not include an admission of every alleged fact. Read the order and settlement terms.,registry-linked,source-id-link,1
relationship-27cedcfef419c432a880,published,source-treasury-ofac-recent-actions,finding-4762db97d51afa32cce6dc03,treasury-ofac-recent-actions,U.S. Treasury OFAC — Recent Actions,https://ofac.treasury.gov/sanctions-programs-and-country-information/venezuela-related-sanctions,2026-07-11T12:51:11.789Z,2026-07-11T12:51:11.789Z,A,official-enforcement,The registered source published or hosts the record titled “Venezuela-related Sanctions”.,A settlement or civil enforcement action may not include an admission of every alleged fact. Read the order and settlement terms.,registry-linked,source-id-link,1
relationship-9f027c0a020278b0d8be,published,source-treasury-ofac-recent-actions,finding-4ab643a278033340eba0594c,treasury-ofac-recent-actions,U.S. Treasury OFAC — Recent Actions,https://ofac.treasury.gov/sanctions-programs-and-country-information/iran-sanctions,2026-07-11T12:51:11.789Z,2026-07-11T12:51:11.789Z,A,official-enforcement,The registered source published or hosts the record titled “Iran Sanctions”.,A settlement or civil enforcement action may not include an admission of every alleged fact. Read the order and settlement terms.,registry-linked,source-id-link,1
relationship-08bb6ff941b5e426a790,published,source-treasury-ofac-recent-actions,finding-4fbc62e65352bde8e5139257,treasury-ofac-recent-actions,U.S. Treasury OFAC — Recent Actions,https://ofac.treasury.gov/other-ofac-sanctions-lists,2026-07-11T12:51:11.789Z,2026-07-11T12:51:11.789Z,A,official-enforcement,The registered source published or hosts the record titled “Additional Sanctions Lists”.,A settlement or civil enforcement action may not include an admission of every alleged fact. Read the order and settlement terms.,registry-linked,source-id-link,1
relationship-e4a6d4edc79392cf2c07,published,source-treasury-ofac-recent-actions,finding-6296d1b6c665d1cf9c8e2094,treasury-ofac-recent-actions,U.S. Treasury OFAC — Recent Actions,https://ofac.treasury.gov/sanctions-programs-and-country-information/counter-narcotics-trafficking-sanctions,2026-07-11T12:51:11.789Z,2026-07-11T12:51:11.789Z,A,official-enforcement,The registered source published or hosts the record titled “Counter Narcotics Sanctions”.,A settlement or civil enforcement action may not include an admission of every alleged fact. Read the order and settlement terms.,registry-linked,source-id-link,1
relationship-7f5ce3bd8a76e3ea8976,published,source-treasury-ofac-recent-actions,finding-64325ff51f70d5e4fe3bd893,treasury-ofac-recent-actions,U.S. Treasury OFAC — Recent Actions,https://ofac.treasury.gov/recent-actions/sanctions-list-updates,2026-07-11T12:51:11.789Z,2026-07-11T12:51:11.789Z,A,official-enforcement,The registered source published or hosts the record titled “Sanctions List Updates”.,A settlement or civil enforcement action may not include an admission of every alleged fact. Read the order and settlement terms.,registry-linked,source-id-link,1
relationship-4b774f27f5451c07fbb6,published,source-treasury-ofac-recent-actions,finding-76142a57170810b52ba84460,treasury-ofac-recent-actions,U.S. Treasury OFAC — Recent Actions,https://ofac.treasury.gov/sanctions-programs-and-country-information/cuba-sanctions,2026-07-11T12:51:11.789Z,2026-07-11T12:51:11.789Z,A,official-enforcement,The registered source published or hosts the record titled “Cuba Sanctions”.,A settlement or civil enforcement action may not include an admission of every alleged fact. Read the order and settlement terms.,registry-linked,source-id-link,1
relationship-9eb910e3cdc7aa66fe37,published,source-treasury-ofac-recent-actions,finding-7e3b4ba55b3b42cf89362343,treasury-ofac-recent-actions,U.S. Treasury OFAC — Recent Actions,https://ofac.treasury.gov/sanctions-list-search-tool,2026-07-11T12:51:11.789Z,2026-07-11T12:51:11.789Z,A,official-enforcement,The registered source published or hosts the record titled “Search OFAC&#039;s Sanctions Lists”.,A settlement or civil enforcement action may not include an admission of every alleged fact. Read the order and settlement terms.,registry-linked,source-id-link,1
relationship-67afcec851309eb7198a,published,source-treasury-ofac-recent-actions,finding-850fa4b2c63684f816a29d18,treasury-ofac-recent-actions,U.S. Treasury OFAC — Recent Actions,https://ofac.treasury.gov/sanctions-programs-and-country-information/north-korea-sanctions,2026-07-11T12:51:11.789Z,2026-07-11T12:51:11.789Z,A,official-enforcement,The registered source published or hosts the record titled “North Korea Sanctions”.,A settlement or civil enforcement action may not include an admission of every alleged fact. Read the order and settlement terms.,registry-linked,source-id-link,1
relationship-413b1aaeb91fa39a41a3,published,source-treasury-ofac-recent-actions,finding-879790ee064135422e5d0c65,treasury-ofac-recent-actions,U.S. Treasury OFAC — Recent Actions,https://ofac.treasury.gov/consolidated-sanctions-list-non-sdn-lists,2026-07-11T12:51:11.789Z,2026-07-11T12:51:11.789Z,A,official-enforcement,The registered source published or hosts the record titled “Consolidated Sanctions List (Non-SDN Lists)”.,A settlement or civil enforcement action may not include an admission of every alleged fact. Read the order and settlement terms.,registry-linked,source-id-link,1
relationship-7faf1f2e897ec71bc3e4,published,source-treasury-ofac-recent-actions,finding-8f30a86c785326f82e876fd0,treasury-ofac-recent-actions,U.S. Treasury OFAC — Recent Actions,https://ofac.treasury.gov/other-ofac-sanctions-lists,2026-07-11T12:51:11.789Z,2026-07-11T12:51:11.789Z,A,official-enforcement,The registered source published or hosts the record titled “Other OFAC Sanctions Lists”.,A settlement or civil enforcement action may not include an admission of every alleged fact. Read the order and settlement terms.,registry-linked,source-id-link,1
relationship-91e53475ae3b8eb690e1,published,source-treasury-ofac-recent-actions,finding-bbea9900cdc5b0301822293c,treasury-ofac-recent-actions,U.S. Treasury OFAC — Recent Actions,https://ofac.treasury.gov/sanctions-list-service,2026-07-11T12:51:11.789Z,2026-07-11T12:51:11.789Z,A,official-enforcement,The registered source published or hosts the record titled “Sanctions List Service”.,A settlement or civil enforcement action may not include an admission of every alleged fact. Read the order and settlement terms.,registry-linked,source-id-link,1
relationship-c8506a197e17fed08700,published,source-treasury-ofac-recent-actions,finding-cb9fba51d8a573f83caac8be,treasury-ofac-recent-actions,U.S. Treasury OFAC — Recent Actions,https://ofac.treasury.gov/sanctions-programs-and-country-information/russia-related-sanctions,2026-07-11T12:51:11.789Z,2026-07-11T12:51:11.789Z,A,official-enforcement,The registered source published or hosts the record titled “Russia-related Sanctions”.,A settlement or civil enforcement action may not include an admission of every alleged fact. Read the order and settlement terms.,registry-linked,source-id-link,1
relationship-53a7f67eaf96915c5d0a,published,source-treasury-ofac-recent-actions,finding-d88f72066e8094857c6daa09,treasury-ofac-recent-actions,U.S. Treasury OFAC — Recent Actions,https://sanctionslist.ofac.treas.gov/Home/ConsolidatedList,2026-07-11T12:51:11.789Z,2026-07-11T12:51:11.789Z,A,official-enforcement,The registered source published or hosts the record titled “Consolidated Sanctions List (Non-SDN Lists)”.,A settlement or civil enforcement action may not include an admission of every alleged fact. Read the order and settlement terms.,registry-linked,source-id-link,1
relationship-c1d997198646d91c7f0c,published,source-treasury-ofac-recent-actions,finding-ea48cfad3dd1eb064ffc06bf,treasury-ofac-recent-actions,U.S. Treasury OFAC — Recent Actions,https://ofac.treasury.gov/sanctions-programs-and-country-information/where-is-ofacs-country-list-what-countries-do-i-need-to-worry-about-in-terms-of-us-sanctions,2026-07-11T12:51:11.789Z,2026-07-11T12:51:11.789Z,A,official-enforcement,The registered source published or hosts the record titled “List of Country-related Sanctions”.,A settlement or civil enforcement action may not include an admission of every alleged fact. Read the order and settlement terms.,registry-linked,source-id-link,1
relationship-90a0d936b00d7cda276e,published,source-treasury-ofac-recent-actions,finding-f97196de8424ac92a1451345,treasury-ofac-recent-actions,U.S. Treasury OFAC — Recent Actions,https://ofac.treasury.gov/sanctions-programs-and-country-information,2026-07-11T12:51:11.789Z,2026-07-11T12:51:11.789Z,A,official-enforcement,The registered source published or hosts the record titled “Sanctions Programs and Country Information”.,A settlement or civil enforcement action may not include an admission of every alleged fact. Read the order and settlement terms.,registry-linked,source-id-link,1
relationship-5a0766df84093b0ce650,published,source-uk-sfo-news,finding-18cc99b8cc7fdd992e408813,uk-sfo-news,UK Serious Fraud Office — News And Communications,https://sforeporting.egressforms.com/,2026-07-11T12:51:11.789Z,2026-07-11T12:51:11.789Z,B,wrongdoing-lead,"The registered source published or hosts the record titled “Report serious fraud, bribery and corruption”.","Keyword matching is triage, not a verdict. The underlying record controls the conclusion.",registry-linked,source-id-link,1
relationship-5c2f539a0eb371a8e358,published,source-uk-sfo-news,finding-329b17113920d9313c738236,uk-sfo-news,UK Serious Fraud Office — News And Communications,https://www.gov.uk/search/policy-papers-and-consultations?organisations[]=serious-fraud-office&amp;parent=serious-fraud-office,2026-07-11T12:51:11.789Z,2026-07-11T12:51:11.789Z,B,wrongdoing-lead,The registered source published or hosts the record titled “See all policy papers and consultations”.,"Keyword matching is triage, not a verdict. The underlying record controls the conclusion.",registry-linked,source-id-link,1
relationship-0a1f20f72a563bf0d117,published,source-uk-sfo-news,finding-4bda1af4ea615fcaf57e73bf,uk-sfo-news,UK Serious Fraud Office — News And Communications,https://www.gov.uk/search/news-and-communications?organisations[]=serious-fraud-office&amp;parent=serious-fraud-office,2026-07-11T12:51:11.789Z,2026-07-11T12:51:11.789Z,B,wrongdoing-lead,The registered source published or hosts the record titled “See all news and communications”.,"Keyword matching is triage, not a verdict. The underlying record controls the conclusion.",registry-linked,source-id-link,1
relationship-df53c3f56fff574f768c,published,source-uk-sfo-news,finding-67774dcb1e726c149dd2c0e5,uk-sfo-news,UK Serious Fraud Office — News And Communications,https://www.gov.uk/government/news/sfo-to-secure-a-further-96000-from-green-energy-fraudster,2026-07-11T12:51:11.789Z,2026-07-11T12:51:11.789Z,B,wrongdoing-lead,"The registered source published or hosts the record titled “SFO to secure a further £96,000 from “green energy” fraudster”.","Keyword matching is triage, not a verdict. The underlying record controls the conclusion.",registry-linked,source-id-link,1
relationship-7a4923beef746255a01c,published,source-uk-sfo-news,finding-6fd9457c3565f0ef358ca298,uk-sfo-news,UK Serious Fraud Office — News And Communications,https://www.gov.uk/government/organisations/serious-fraud-office/about,2026-07-11T12:51:11.789Z,2026-07-11T12:51:11.789Z,B,wrongdoing-lead,The registered source published or hosts the record titled “Read more about what we do”.,"Keyword matching is triage, not a verdict. The underlying record controls the conclusion.",registry-linked,source-id-link,1
relationship-dcc03ae0fa4e412328d9,published,source-uk-sfo-news,finding-71ea9c83e172ce298335599b,uk-sfo-news,UK Serious Fraud Office — News And Communications,https://www.gov.uk/search/guidance-and-regulation?organisations[]=serious-fraud-office&amp;parent=serious-fraud-office,2026-07-11T12:51:11.789Z,2026-07-11T12:51:11.789Z,B,wrongdoing-lead,The registered source published or hosts the record titled “See all guidance and regulation”.,"Keyword matching is triage, not a verdict. The underlying record controls the conclusion.",registry-linked,source-id-link,1
relationship-fb76291b6cfb1de9300a,published,source-uk-sfo-news,finding-73729ac8353de72cfa89639e,uk-sfo-news,UK Serious Fraud Office — News And Communications,https://www.gov.uk/government/organisations/serious-fraud-office.cy,2026-07-11T12:51:11.789Z,2026-07-11T12:51:11.789Z,B,wrongdoing-lead,The registered source published or hosts the record titled “Cymraeg”.,"Keyword matching is triage, not a verdict. The underlying record controls the conclusion.",registry-linked,source-id-link,1
relationship-785edf2904407db6966f,published,source-uk-sfo-news,finding-7db2a6606f719c39a2502627,uk-sfo-news,UK Serious Fraud Office — News And Communications,https://www.gov.uk/government/news/sfo-announces-investigation-into-suspected-telecoms-company-fraud,2026-07-11T12:51:11.789Z,2026-07-11T12:51:11.789Z,B,wrongdoing-lead,The registered source published or hosts the record titled “SFO announces investigation into suspected telecoms company fraud”.,"Keyword matching is triage, not a verdict. The underlying record controls the conclusion.",registry-linked,source-id-link,1
relationship-10b350183648583dc5a9,published,source-uk-sfo-news,finding-94a1fcffa0ad00fe9224566f,uk-sfo-news,UK Serious Fraud Office — News And Communications,https://www.gov.uk/email-signup?link=/government/organisations/serious-fraud-office,2026-07-11T12:51:11.789Z,2026-07-11T12:51:11.789Z,B,wrongdoing-lead,The registered source published or hosts the record titled “Get emails”.,"Keyword matching is triage, not a verdict. The underlying record controls the conclusion.",registry-linked,source-id-link,1
relationship-fb513383d8736b4baca7,published,source-uk-sfo-news,finding-9f95ebb47e23ac8a5634fc3d,uk-sfo-news,UK Serious Fraud Office — News And Communications,https://www.gov.uk/government/organisations/serious-fraud-office#content,2026-07-11T12:51:11.789Z,2026-07-11T12:51:11.789Z,B,wrongdoing-lead,The registered source published or hosts the record titled “Skip to main content”.,"Keyword matching is triage, not a verdict. The underlying record controls the conclusion.",registry-linked,source-id-link,1
relationship-765fed742e43f5754dd0,published,source-uk-sfo-news,finding-aa1762efe93cb3318e2d17cb,uk-sfo-news,UK Serious Fraud Office — News And Communications,https://www.gov.uk/government/publications?departments[]=serious-fraud-office&amp;publication_type=foi-releases,2026-07-11T12:51:11.789Z,2026-07-11T12:51:11.789Z,B,wrongdoing-lead,The registered source published or hosts the record titled “our previous releases”.,"Keyword matching is triage, not a verdict. The underlying record controls the conclusion.",registry-linked,source-id-link,1
relationship-8310651edabba34b8a57,published,source-uk-sfo-news,finding-ae02a490403b802db4f65c37,uk-sfo-news,UK Serious Fraud Office — News And Communications,https://www.gov.uk/government/speeches/director-addresses-global-anti-corruption-conference,2026-07-11T12:51:11.789Z,2026-07-11T12:51:11.789Z,B,wrongdoing-lead,The registered source published or hosts the record titled “Director addresses global anti-corruption conference”.,"Keyword matching is triage, not a verdict. The underlying record controls the conclusion.",registry-linked,source-id-link,1
relationship-39815bb8c474fadeb86b,published,source-uk-sfo-news,finding-ae3cc9edf221daba7162a6bf,uk-sfo-news,UK Serious Fraud Office — News And Communications,https://www.gov.uk/government/organisations/serious-fraud-office/about/recruitment,2026-07-11T12:51:11.789Z,2026-07-11T12:51:11.789Z,B,wrongdoing-lead,The registered source published or hosts the record titled “Working for SFO”.,"Keyword matching is triage, not a verdict. The underlying record controls the conclusion.",registry-linked,source-id-link,1
relationship-241d1fbe80d44cb1fb65,published,source-uk-sfo-news,finding-e0931afeb6d45749a853c0de,uk-sfo-news,UK Serious Fraud Office — News And Communications,https://www.gov.uk/search/all?organisations[]=serious-fraud-office&amp;order=updated-newest&amp;parent=serious-fraud-office,2026-07-11T12:51:11.789Z,2026-07-11T12:51:11.789Z,B,document-release,The registered source published or hosts the record titled “See all latest documents”.,"The document must be authenticated, dated, contextualised and corroborated before it supports an accusation.",registry-linked,source-id-link,1
relationship-cc996ccacdb060459448,published,source-uk-sfo-news,finding-ed87f65bc12bd79a66cbbce3,uk-sfo-news,UK Serious Fraud Office — News And Communications,https://www.gov.uk/search/transparency-and-freedom-of-information-releases?organisations[]=serious-fraud-office&amp;parent=serious-fraud-office,2026-07-11T12:51:11.789Z,2026-07-11T12:51:11.789Z,B,wrongdoing-lead,The registered source published or hosts the record titled “See all transparency and freedom of information releases”.,"Keyword matching is triage, not a verdict. The underlying record controls the conclusion.",registry-linked,source-id-link,1
relationship-29a235bb88775ec4f0f4,published,source-uk-sfo-news,finding-f41e966100b29dee3d0b5859,uk-sfo-news,UK Serious Fraud Office — News And Communications,https://www.gov.uk/government/organisations/serious-fraud-office/about/complaints-procedure,2026-07-11T12:51:11.789Z,2026-07-11T12:51:11.789Z,B,wrongdoing-lead,The registered source published or hosts the record titled “Complaints procedure”.,"Keyword matching is triage, not a verdict. The underlying record controls the conclusion.",registry-linked,source-id-link,1
relationship-7dde97d7561072d75ee0,published,source-usaspending-recent-contracts,finding-04765f6b3b11bbb15e157efc,usaspending-recent-contracts,USAspending.gov — Recent Contract Awards,https://www.usaspending.gov/award/NNG15WA53C,2015-02-01T00:00:00.000Z,2026-07-11T12:51:11.789Z,B,record-update,The registered source published or hosts the record titled “PERATON INC. — National Aeronautics and Space Administration”.,"This update alone does not establish wrongdoing, intent or coordinated action.",registry-linked,source-id-link,1
relationship-e87e8c62cbbd9f7a5e44,published,source-usaspending-recent-contracts,finding-06d57ac9c426b43aa36de519,usaspending-recent-contracts,USAspending.gov — Recent Contract Awards,https://www.usaspending.gov/award/89503626FSW400387,2026-07-09T00:00:00.000Z,2026-07-11T12:51:11.789Z,B,record-update,"The registered source published or hosts the record titled “ALTEC INDUSTRIES, INC. — Department of Energy”.","This update alone does not establish wrongdoing, intent or coordinated action.",registry-linked,source-id-link,1
relationship-2a8bc1d5627633cc2b53,published,source-usaspending-recent-contracts,finding-0755976f2e7fc80cd55acb40,usaspending-recent-contracts,USAspending.gov — Recent Contract Awards,https://www.usaspending.gov/award/HHSO100201700026C,2017-09-14T00:00:00.000Z,2026-07-11T12:51:11.789Z,B,record-update,The registered source published or hosts the record titled “NOVARTIS PHARMACEUTICALS CORPORATION — Department of Health and Human Services”.,"This update alone does not establish wrongdoing, intent or coordinated action.",registry-linked,source-id-link,1
relationship-1fb2fb57a85a351a115f,published,source-usaspending-recent-contracts,finding-0963fd6bbdd8156917a0ccf3,usaspending-recent-contracts,USAspending.gov — Recent Contract Awards,https://www.usaspending.gov/award/HC108426FB005,2026-06-26T00:00:00.000Z,2026-07-11T12:51:11.789Z,B,record-update,The registered source published or hosts the record titled “ATT MOBILITY LLC — Department of Defense”.,"This update alone does not establish wrongdoing, intent or coordinated action.",registry-linked,source-id-link,1
relationship-a47edb3720d64c954e24,published,source-usaspending-recent-contracts,finding-0c4fa394dfc4a64387d552b3,usaspending-recent-contracts,USAspending.gov — Recent Contract Awards,https://www.usaspending.gov/award/89503426PWA002324,2026-07-08T00:00:00.000Z,2026-07-11T12:51:11.789Z,B,record-update,The registered source published or hosts the record titled “RURAL ELECTRIC SUPPLY COOPERATIVE — Department of Energy”.,"This update alone does not establish wrongdoing, intent or coordinated action.",registry-linked,source-id-link,1
relationship-b08f17c8721d90abcdf9,published,source-usaspending-recent-contracts,finding-0e08f9e9a801438956378956,usaspending-recent-contracts,USAspending.gov — Recent Contract Awards,https://www.usaspending.gov/award/89503025FWA401087,2025-09-22T00:00:00.000Z,2026-07-11T12:51:11.789Z,B,record-update,The registered source published or hosts the record titled “COLOSSAL CONTRACTING LLC — Department of Energy”.,"This update alone does not establish wrongdoing, intent or coordinated action.",registry-linked,source-id-link,1
relationship-a3bcb30565c0f080297d,published,source-usaspending-recent-contracts,finding-0fa0719ffda3f0e8adccffe5,usaspending-recent-contracts,USAspending.gov — Recent Contract Awards,https://www.usaspending.gov/award/HC101323FF709,2023-07-31T00:00:00.000Z,2026-07-11T12:51:11.789Z,B,record-update,The registered source published or hosts the record titled “AT&T CORP. — Department of Defense”.,"This update alone does not establish wrongdoing, intent or coordinated action.",registry-linked,source-id-link,1
relationship-d8bffc5933995c095fc8,published,source-usaspending-recent-contracts,finding-0ff69e40e7eece162fe5c35c,usaspending-recent-contracts,USAspending.gov — Recent Contract Awards,https://www.usaspending.gov/award/89603026F0041,2026-07-01T00:00:00.000Z,2026-07-11T12:51:11.789Z,B,record-update,The registered source published or hosts the record titled “IMMIXTECHNOLOGY INC — Department of Energy”.,"This update alone does not establish wrongdoing, intent or coordinated action.",registry-linked,source-id-link,1
relationship-a96227e73987625cb9aa,published,source-usaspending-recent-contracts,finding-13b087ab8a71105736b6edcb,usaspending-recent-contracts,USAspending.gov — Recent Contract Awards,https://www.usaspending.gov/award/HC108426FA996,2026-06-18T00:00:00.000Z,2026-07-11T12:51:11.789Z,B,record-update,The registered source published or hosts the record titled “ATT MOBILITY LLC — Department of Defense”.,"This update alone does not establish wrongdoing, intent or coordinated action.",registry-linked,source-id-link,1
relationship-b69315f9ee6dfffd75bb,published,source-usaspending-recent-contracts,finding-17024a9fdb6b12fd58e505e0,usaspending-recent-contracts,USAspending.gov — Recent Contract Awards,https://www.usaspending.gov/award/DEAC0276SF00515,1978-11-20T00:00:00.000Z,2026-07-11T12:51:11.789Z,B,record-update,The registered source published or hosts the record titled “THE LELAND STANFORD JUNIOR UNIVERSITY — Department of Energy”.,"This update alone does not establish wrongdoing, intent or coordinated action.",registry-linked,source-id-link,1
relationship-f6e3a65d4fb9a085463e,published,source-usaspending-recent-contracts,finding-1927bc7b32c1263474b4949f,usaspending-recent-contracts,USAspending.gov — Recent Contract Awards,https://www.usaspending.gov/award/95C67826P0282,2026-07-23T00:00:00.000Z,2026-07-11T12:51:11.789Z,B,record-update,The registered source published or hosts the record titled “CARAHSOFT TECHNOLOGY CORP — District of Columbia Courts”.,"This update alone does not establish wrongdoing, intent or coordinated action.",registry-linked,source-id-link,1
relationship-3e25b1669b016229cbcb,published,source-usaspending-recent-contracts,finding-1ce83f5449e72a28aa68969a,usaspending-recent-contracts,USAspending.gov — Recent Contract Awards,https://www.usaspending.gov/award/89303126FEM400487,2026-07-09T00:00:00.000Z,2026-07-11T12:51:11.789Z,B,record-update,The registered source published or hosts the record titled “SOFTWARE INFORMATION RESOURCE CORP. — Department of Energy”.,"This update alone does not establish wrongdoing, intent or coordinated action.",registry-linked,source-id-link,1
relationship-c4174d8384072c394ca8,published,source-usaspending-recent-contracts,finding-1ce8ea5e575bf4f86c37fb16,usaspending-recent-contracts,USAspending.gov — Recent Contract Awards,https://www.usaspending.gov/award/89603025F0060,2025-09-01T00:00:00.000Z,2026-07-11T12:51:11.789Z,B,record-update,The registered source published or hosts the record titled “UNISON VIRTUAL ACQUISITION OFFICE LLC — Department of Energy”.,"This update alone does not establish wrongdoing, intent or coordinated action.",registry-linked,source-id-link,1
relationship-157645aece29fdcc296a,published,source-usaspending-recent-contracts,finding-21cff0ca475c04fd164d34c6,usaspending-recent-contracts,USAspending.gov — Recent Contract Awards,https://www.usaspending.gov/award/DTFACT15D00003CALL0002,2015-11-03T00:00:00.000Z,2026-07-11T12:51:11.789Z,B,record-update,"The registered source published or hosts the record titled “GENERAL DYNAMICS INFORMATION TECHNOLOGY, INC. — Department of Transportation”.","This update alone does not establish wrongdoing, intent or coordinated action.",registry-linked,source-id-link,1
relationship-d87589f889dbc1bf6749,published,source-usaspending-recent-contracts,finding-237905cf1ad579917b39aec8,usaspending-recent-contracts,USAspending.gov — Recent Contract Awards,https://www.usaspending.gov/award/HSHQDC17F00216,2017-09-29T00:00:00.000Z,2026-07-11T12:51:11.789Z,B,record-update,The registered source published or hosts the record titled “GRANT THORNTON LLP — Department of Homeland Security”.,"This update alone does not establish wrongdoing, intent or coordinated action.",registry-linked,source-id-link,1
relationship-cc3e8660aaa01f4b4382,published,source-usaspending-recent-contracts,finding-2460309f68c1e9a813f4eb8b,usaspending-recent-contracts,USAspending.gov — Recent Contract Awards,https://www.usaspending.gov/award/HC101326FB624,2026-07-13T00:00:00.000Z,2026-07-11T12:51:11.789Z,B,record-update,"The registered source published or hosts the record titled “GENERAL DYNAMICS MISSION SYSTEMS, INC. — Department of Defense”.","This update alone does not establish wrongdoing, intent or coordinated action.",registry-linked,source-id-link,1
relationship-459bc2bab375af2555e1,published,source-usaspending-recent-contracts,finding-2482c3e0241c7c7679a18cd1,usaspending-recent-contracts,USAspending.gov — Recent Contract Awards,https://www.usaspending.gov/award/95314226F0006,2026-08-01T00:00:00.000Z,2026-07-11T12:51:11.789Z,A,official-audit-finding,The registered source published or hosts the record titled “GUIDEHOUSE INC. — Defense Nuclear Facilities Safety Board”.,"An audit finding may describe control failure, waste or misconduct without establishing a criminal offence.",registry-linked,source-id-link,1
relationship-035472fb45c578f8a1b7,published,source-usaspending-recent-contracts,finding-270a6aa3d6d6d104a89b7f92,usaspending-recent-contracts,USAspending.gov — Recent Contract Awards,https://www.usaspending.gov/award/89603023P0043,2023-09-30T00:00:00.000Z,2026-07-11T12:51:11.789Z,B,record-update,"The registered source published or hosts the record titled “PURDUE APPLIED RESEARCH INSTITUTE, LLC — Department of Energy”.","This update alone does not establish wrongdoing, intent or coordinated action.",registry-linked,source-id-link,1
relationship-df8e440b9ef047bff909,published,source-usaspending-recent-contracts,finding-2aa1d5305138916e8aa97cd2,usaspending-recent-contracts,USAspending.gov — Recent Contract Awards,https://www.usaspending.gov/award/89303924FEM000325,2024-08-12T00:00:00.000Z,2026-07-11T12:51:11.789Z,B,record-update,The registered source published or hosts the record titled “STREET LEGAL INDUSTRIES LLC — Department of Energy”.,"This update alone does not establish wrongdoing, intent or coordinated action.",registry-linked,source-id-link,1
relationship-68a80b6c2802634d8717,published,source-usaspending-recent-contracts,finding-2b2086a091b47374e32e041d,usaspending-recent-contracts,USAspending.gov — Recent Contract Awards,https://www.usaspending.gov/award/89503426PWA002252,2026-06-01T00:00:00.000Z,2026-07-11T12:51:11.789Z,B,record-update,"The registered source published or hosts the record titled “BYER, MARILYN — Department of Energy”.","This update alone does not establish wrongdoing, intent or coordinated action.",registry-linked,source-id-link,1
relationship-7d59bb4937ee0d044b02,published,source-usaspending-recent-contracts,finding-2bb9488f27ba1953a2303978,usaspending-recent-contracts,USAspending.gov — Recent Contract Awards,https://www.usaspending.gov/award/89303126FEM400485,2026-07-08T00:00:00.000Z,2026-07-11T12:51:11.789Z,B,record-update,The registered source published or hosts the record titled “SOFTWARE INFORMATION RESOURCE CORP. — Department of Energy”.,"This update alone does not establish wrongdoing, intent or coordinated action.",registry-linked,source-id-link,1
relationship-2f1b76752c75c39c8913,published,source-usaspending-recent-contracts,finding-2e7d26952cdda0b56a26e7d3,usaspending-recent-contracts,USAspending.gov — Recent Contract Awards,https://www.usaspending.gov/award/89303924FEM000318,2024-07-25T00:00:00.000Z,2026-07-11T12:51:11.789Z,B,record-update,"The registered source published or hosts the record titled “KATMAI INTEGRATED SOLUTIONS, LLC — Department of Energy”.","This update alone does not establish wrongdoing, intent or coordinated action.",registry-linked,source-id-link,1
relationship-4ed285031a74b2ee4619,published,source-usaspending-recent-contracts,finding-2ed1ebf7235a59c38122c1d7,usaspending-recent-contracts,USAspending.gov — Recent Contract Awards,https://www.usaspending.gov/award/95332A20C0002,2020-03-27T00:00:00.000Z,2026-07-11T12:51:11.789Z,B,record-update,The registered source published or hosts the record titled “INTERNATIONAL MEDICAL GROUP INC — Department of the Treasury”.,"This update alone does not establish wrongdoing, intent or coordinated action.",registry-linked,source-id-link,1
relationship-3a291cab08a5b1434d18,published,source-usaspending-recent-contracts,finding-2f73bb3133cd5dc5a95364b3,usaspending-recent-contracts,USAspending.gov — Recent Contract Awards,https://www.usaspending.gov/award/91990026P0013,2026-04-10T00:00:00.000Z,2026-07-11T12:51:11.789Z,B,record-update,"The registered source published or hosts the record titled “OPTIMAL SOLUTIONS GROUP, L.L.C — Department of Education”.","This update alone does not establish wrongdoing, intent or coordinated action.",registry-linked,source-id-link,1
relationship-1a1a40f9bdbf48c99be0,published,source-usaspending-recent-contracts,finding-38485310f494008608ba22bb,usaspending-recent-contracts,USAspending.gov — Recent Contract Awards,https://www.usaspending.gov/award/89503222PWA000373,2022-09-01T00:00:00.000Z,2026-07-11T12:51:11.789Z,B,record-update,The registered source published or hosts the record titled “RELIANCE CONTRACTORS INC — Department of Energy”.,"This update alone does not establish wrongdoing, intent or coordinated action.",registry-linked,source-id-link,1
relationship-2dd5584e08a0e0e5dee6,published,source-usaspending-recent-contracts,finding-3dbd3792f4a6c055adca4a41,usaspending-recent-contracts,USAspending.gov — Recent Contract Awards,https://www.usaspending.gov/award/N4033926CF501,2025-12-23T00:00:00.000Z,2026-07-11T12:51:11.789Z,B,record-update,The registered source published or hosts the record titled “FINCANTIERI MARINE REPAIR LLC — Department of Defense”.,"This update alone does not establish wrongdoing, intent or coordinated action.",registry-linked,source-id-link,1
relationship-915de45fc6301ff79223,published,source-usaspending-recent-contracts,finding-40f1cc536bb9be84a44e68a2,usaspending-recent-contracts,USAspending.gov — Recent Contract Awards,https://www.usaspending.gov/award/89503223FWA400392,2023-08-10T00:00:00.000Z,2026-07-11T12:51:11.789Z,B,record-update,The registered source published or hosts the record titled “G & RK CONSULTING ASSOCIATES LLC — Department of Energy”.,"This update alone does not establish wrongdoing, intent or coordinated action.",registry-linked,source-id-link,1
relationship-6c795270ce81aeaa34a3,published,source-usaspending-recent-contracts,finding-45f8bf051ace1af0359d376a,usaspending-recent-contracts,USAspending.gov — Recent Contract Awards,https://www.usaspending.gov/award/91990020F0039,2020-08-12T00:00:00.000Z,2026-07-11T12:51:11.789Z,B,record-update,"The registered source published or hosts the record titled “AT&T ENTERPRISES, LLC — Department of Education”.","This update alone does not establish wrongdoing, intent or coordinated action.",registry-linked,source-id-link,1
relationship-a5a0282bb839adc41975,published,source-usaspending-recent-contracts,finding-4760d05f4604f7599f2447d3,usaspending-recent-contracts,USAspending.gov — Recent Contract Awards,https://www.usaspending.gov/award/VA25017F3742,2017-07-08T00:00:00.000Z,2026-07-11T12:51:11.789Z,B,record-update,"The registered source published or hosts the record titled “SIEMENS MEDICAL SOLUTIONS USA, INC. — Department of Veterans Affairs”.","This update alone does not establish wrongdoing, intent or coordinated action.",registry-linked,source-id-link,1
relationship-faa58b6bcc1cb7fb3f9e,published,source-usaspending-recent-contracts,finding-4874f97c8ccbd2378c2b7264,usaspending-recent-contracts,USAspending.gov — Recent Contract Awards,https://www.usaspending.gov/award/HHSO100201600009C,2016-06-17T00:00:00.000Z,2026-07-11T12:51:11.789Z,B,record-update,The registered source published or hosts the record titled “CERUS CORPORATION — Department of Health and Human Services”.,"This update alone does not establish wrongdoing, intent or coordinated action.",registry-linked,source-id-link,1
relationship-8c7d57a5617bf1d981eb,published,source-usaspending-recent-contracts,finding-4a494f48e9bba61b49dd6917,usaspending-recent-contracts,USAspending.gov — Recent Contract Awards,https://www.usaspending.gov/award/91996025P0013,2024-11-01T00:00:00.000Z,2026-07-11T12:51:11.789Z,B,record-update,The registered source published or hosts the record titled “CARAHSOFT TECHNOLOGY CORP — Department of Education”.,"This update alone does not establish wrongdoing, intent or coordinated action.",registry-linked,source-id-link,1
relationship-ad72e7a39f58adb6faa6,published,source-usaspending-recent-contracts,finding-4a7d75ee207fe677780fc053,usaspending-recent-contracts,USAspending.gov — Recent Contract Awards,https://www.usaspending.gov/award/DTFA0101CA0065CALL0001,2001-06-18T00:00:00.000Z,2026-07-11T12:51:11.789Z,B,record-update,"The registered source published or hosts the record titled “LEIDOS, INC. — Department of Transportation”.","This update alone does not establish wrongdoing, intent or coordinated action.",registry-linked,source-id-link,1
relationship-5378f54376da4d4a2d80,published,source-usaspending-recent-contracts,finding-4b6b6ccdb27016aa851359c1,usaspending-recent-contracts,USAspending.gov — Recent Contract Awards,https://www.usaspending.gov/award/HHSN261201700238P,2017-04-04T00:00:00.000Z,2026-07-11T12:51:11.789Z,B,record-update,The registered source published or hosts the record titled “GLOBAL LIFE SCIENCES SOLUTIONS USA LLC — Department of Health and Human Services”.,"This update alone does not establish wrongdoing, intent or coordinated action.",registry-linked,source-id-link,1
relationship-4187295266a3a08d9fe6,published,source-usaspending-recent-contracts,finding-4cfc94a79a8b2f5317e2beb8,usaspending-recent-contracts,USAspending.gov — Recent Contract Awards,https://www.usaspending.gov/award/HHSN273201400020C,2014-07-18T00:00:00.000Z,2026-07-11T12:51:11.789Z,B,record-update,The registered source published or hosts the record titled “MRIGLOBAL — Department of Health and Human Services”.,"This update alone does not establish wrongdoing, intent or coordinated action.",registry-linked,source-id-link,1
relationship-95bc0cc729fef6fc3e92,published,source-usaspending-recent-contracts,finding-5433e5239c297305b27d7262,usaspending-recent-contracts,USAspending.gov — Recent Contract Awards,https://www.usaspending.gov/award/DEDT0008326,2014-10-01T00:00:00.000Z,2026-07-11T12:51:11.789Z,B,record-update,The registered source published or hosts the record titled “SKOOKUM EDUCATIONAL PROGRAMS — Department of Energy”.,"This update alone does not establish wrongdoing, intent or coordinated action.",registry-linked,source-id-link,1
relationship-27c390de9c2c3d3d8db1,published,source-usaspending-recent-contracts,finding-59f69b54987e0e81b6bfddb4,usaspending-recent-contracts,USAspending.gov — Recent Contract Awards,https://www.usaspending.gov/award/89303125FEM400426,2025-09-04T00:00:00.000Z,2026-07-11T12:51:11.789Z,B,record-update,"The registered source published or hosts the record titled “NEW TECH SOLUTIONS, INC. — Department of Energy”.","This update alone does not establish wrongdoing, intent or coordinated action.",registry-linked,source-id-link,1
relationship-07d85e7e99e0acf6b0ae,published,source-usaspending-recent-contracts,finding-682d1c78d88fe9179ec50089,usaspending-recent-contracts,USAspending.gov — Recent Contract Awards,https://www.usaspending.gov/award/9531CB21F0056,2021-07-21T00:00:00.000Z,2026-07-11T12:51:11.789Z,B,record-update,"The registered source published or hosts the record titled “EPIQ CLASS ACTION & CLAIMS SOLUTIONS, INC. — Consumer Financial Protection Bureau”.","This update alone does not establish wrongdoing, intent or coordinated action.",registry-linked,source-id-link,1
relationship-e69f1c4e42cdbf911da7,published,source-usaspending-recent-contracts,finding-6b3bab2b0e38b99f5bb0a056,usaspending-recent-contracts,USAspending.gov — Recent Contract Awards,https://www.usaspending.gov/award/95900622C0004,2022-02-19T00:00:00.000Z,2026-07-11T12:51:11.789Z,B,record-update,"The registered source published or hosts the record titled “OAK RIDGE ASSOCIATED UNIVERSITIES, INCORPORATED — Morris K. Udall and Stewart L. Udall Foundation”.","This update alone does not establish wrongdoing, intent or coordinated action.",registry-linked,source-id-link,1
relationship-a434e0d1087262328c28,published,source-usaspending-recent-contracts,finding-7248ec9945f5759174b66e47,usaspending-recent-contracts,USAspending.gov — Recent Contract Awards,https://www.usaspending.gov/award/89603024F0052,2024-09-29T00:00:00.000Z,2026-07-11T12:51:11.789Z,B,record-update,"The registered source published or hosts the record titled “TECHTREND, INC. — Department of Energy”.","This update alone does not establish wrongdoing, intent or coordinated action.",registry-linked,source-id-link,1
relationship-fc72be11c32e5fb86226,published,source-usaspending-recent-contracts,finding-72696ec32e1dbd8eab13d2cf,usaspending-recent-contracts,USAspending.gov — Recent Contract Awards,https://www.usaspending.gov/award/95C67826P0277,2026-07-08T00:00:00.000Z,2026-07-11T12:51:11.789Z,B,document-release,The registered source published or hosts the record titled “OUTFRONT MEDIA INC. — District of Columbia Courts”.,"The document must be authenticated, dated, contextualised and corroborated before it supports an accusation.",registry-linked,source-id-link,1
relationship-661da640bf43d92d76d5,published,source-usaspending-recent-contracts,finding-72decf998cf1a5ff4b6d5a9b,usaspending-recent-contracts,USAspending.gov — Recent Contract Awards,https://www.usaspending.gov/award/91990024F0066,2024-10-01T00:00:00.000Z,2026-07-11T12:51:11.789Z,B,record-update,The registered source published or hosts the record titled “BLUE TECH INC. — Department of Education”.,"This update alone does not establish wrongdoing, intent or coordinated action.",registry-linked,source-id-link,1
relationship-99584348458c6b847ef9,published,source-usaspending-recent-contracts,finding-766d25eda1b34cf5e0348d3b,usaspending-recent-contracts,USAspending.gov — Recent Contract Awards,https://www.usaspending.gov/award/95C67826P0255,2026-07-23T00:00:00.000Z,2026-07-11T12:51:11.789Z,B,record-update,The registered source published or hosts the record titled “JAILCRAFT INC. — District of Columbia Courts”.,"This update alone does not establish wrongdoing, intent or coordinated action.",registry-linked,source-id-link,1
relationship-a58b8ccb6f825700f51c,published,source-usaspending-recent-contracts,finding-77046566a836a00317e47514,usaspending-recent-contracts,USAspending.gov — Recent Contract Awards,https://www.usaspending.gov/award/91003125C0011,2025-02-01T00:00:00.000Z,2026-07-11T12:51:11.789Z,B,record-update,"The registered source published or hosts the record titled “MAXIMUS FEDERAL SERVICES, INC. — Department of Education”.","This update alone does not establish wrongdoing, intent or coordinated action.",registry-linked,source-id-link,1
relationship-4c26593bb16971fad0ab,published,source-usaspending-recent-contracts,finding-7904cdee0305ed8c1a8b10c3,usaspending-recent-contracts,USAspending.gov — Recent Contract Awards,https://www.usaspending.gov/award/91990024F0046,2024-08-29T00:00:00.000Z,2026-07-11T12:51:11.789Z,A,official-audit-finding,"The registered source published or hosts the record titled “PANAMERICA COMPUTERS, INC. — Department of Education”.","An audit finding may describe control failure, waste or misconduct without establishing a criminal offence.",registry-linked,source-id-link,1
relationship-9f59187e8410a3f321ef,published,source-usaspending-recent-contracts,finding-79083a9a1130332112c5b59e,usaspending-recent-contracts,USAspending.gov — Recent Contract Awards,https://www.usaspending.gov/award/91003122C0007,2022-07-15T00:00:00.000Z,2026-07-11T12:51:11.789Z,B,record-update,The registered source published or hosts the record titled “JAZZ SOLUTIONS INC. — Department of Education”.,"This update alone does not establish wrongdoing, intent or coordinated action.",registry-linked,source-id-link,1
relationship-85a1f091c8b2cd89a480,published,source-usaspending-recent-contracts,finding-7cf027e49fe31cf4b8c18db7,usaspending-recent-contracts,USAspending.gov — Recent Contract Awards,https://www.usaspending.gov/award/9594CS20P0055,2020-09-30T00:00:00.000Z,2026-07-11T12:51:11.789Z,B,record-update,The registered source published or hosts the record titled “FAMILY AND MEDICAL COUNSELING SERVICE INC — Court Services and Offender Supervision Agency”.,"This update alone does not establish wrongdoing, intent or coordinated action.",registry-linked,source-id-link,1
relationship-9a12a6277d3e049fcf30,published,source-usaspending-recent-contracts,finding-816524053f328bb094e49d9a,usaspending-recent-contracts,USAspending.gov — Recent Contract Awards,https://www.usaspending.gov/award/91990026F0024,2026-03-22T00:00:00.000Z,2026-07-11T12:51:11.789Z,B,record-update,The registered source published or hosts the record titled “APPLIED ENTERPRISE MANAGEMENT CORPORATION — Department of Education”.,"This update alone does not establish wrongdoing, intent or coordinated action.",registry-linked,source-id-link,1
relationship-27b9440368fdfc1a9b39,published,source-usaspending-recent-contracts,finding-81867268fe539fe4a1a928dc,usaspending-recent-contracts,USAspending.gov — Recent Contract Awards,https://www.usaspending.gov/award/89503425PWA002069,2025-06-25T00:00:00.000Z,2026-07-11T12:51:11.789Z,B,record-update,"The registered source published or hosts the record titled “AMERICAN FENCE CO OF SIOUX CITY, INC — Department of Energy”.","This update alone does not establish wrongdoing, intent or coordinated action.",registry-linked,source-id-link,1
relationship-45ac7cd44a628b9a1c12,published,source-usaspending-recent-contracts,finding-8430db1b6a4fe59e296c90b2,usaspending-recent-contracts,USAspending.gov — Recent Contract Awards,https://www.usaspending.gov/award/89303126FEM400483,2026-07-07T00:00:00.000Z,2026-07-11T12:51:11.789Z,B,record-update,"The registered source published or hosts the record titled “DISYS SOLUTIONS, INC. — Department of Energy”.","This update alone does not establish wrongdoing, intent or coordinated action.",registry-linked,source-id-link,1
relationship-10e064adab210d3e4322,published,source-usaspending-recent-contracts,finding-8479ea212cb74cf733b32982,usaspending-recent-contracts,USAspending.gov — Recent Contract Awards,https://www.usaspending.gov/award/HC108426FB105,2026-07-23T00:00:00.000Z,2026-07-11T12:51:11.789Z,B,record-update,The registered source published or hosts the record titled “ATT MOBILITY LLC — Department of Defense”.,"This update alone does not establish wrongdoing, intent or coordinated action.",registry-linked,source-id-link,1
relationship-8dd9f7982a4a0ff2ffc8,published,source-usaspending-recent-contracts,finding-85457c16f47de2b6ce23ced0,usaspending-recent-contracts,USAspending.gov — Recent Contract Awards,https://www.usaspending.gov/award/VA118A13F0068,2013-07-18T00:00:00.000Z,2026-07-11T12:51:11.789Z,B,record-update,"The registered source published or hosts the record titled “CONCUR TECHNOLOGIES, INC. — Department of Veterans Affairs”.","This update alone does not establish wrongdoing, intent or coordinated action.",registry-linked,source-id-link,1
relationship-4f1f7620fc1b836f9b76,published,source-usaspending-recent-contracts,finding-8801c1d8aaf667353a578a5e,usaspending-recent-contracts,USAspending.gov — Recent Contract Awards,https://www.usaspending.gov/award/89503426PWA002308,2026-06-10T00:00:00.000Z,2026-07-11T12:51:11.789Z,B,record-update,The registered source published or hosts the record titled “VPRIME TECH INC — Department of Energy”.,"This update alone does not establish wrongdoing, intent or coordinated action.",registry-linked,source-id-link,1
relationship-7d4c7c6bb916f1521d2d,published,source-usaspending-recent-contracts,finding-888284cce2ab2bca9a3dba3f,usaspending-recent-contracts,USAspending.gov — Recent Contract Awards,https://www.usaspending.gov/award/89303026FIM000188,2025-12-18T00:00:00.000Z,2026-07-11T12:51:11.789Z,B,record-update,The registered source published or hosts the record titled “ACCENTURE FEDERAL SERVICES LLC — Department of Energy”.,"This update alone does not establish wrongdoing, intent or coordinated action.",registry-linked,source-id-link,1
relationship-63f1466eb8b46f6b788e,published,source-usaspending-recent-contracts,finding-889527d73fe3b84f7154851e,usaspending-recent-contracts,USAspending.gov — Recent Contract Awards,https://www.usaspending.gov/award/89303924FEM000326,2024-08-12T00:00:00.000Z,2026-07-11T12:51:11.789Z,B,record-update,The registered source published or hosts the record titled “ATTAINX INC. — Department of Energy”.,"This update alone does not establish wrongdoing, intent or coordinated action.",registry-linked,source-id-link,1
relationship-f86109f07e4583970ed1,published,source-usaspending-recent-contracts,finding-89204c8c9231ff1dfba6aca9,usaspending-recent-contracts,USAspending.gov — Recent Contract Awards,https://www.usaspending.gov/award/NNG10XA01C,2010-09-10T00:00:00.000Z,2026-07-11T12:51:11.789Z,B,record-update,The registered source published or hosts the record titled “BAE SYSTEMS SPACE & MISSION SYSTEMS INC. — National Aeronautics and Space Administration”.,"This update alone does not establish wrongdoing, intent or coordinated action.",registry-linked,source-id-link,1
relationship-8e8d84f27828b4e645af,published,source-usaspending-recent-contracts,finding-89226eace5537d9294eaa675,usaspending-recent-contracts,USAspending.gov — Recent Contract Awards,https://www.usaspending.gov/award/89503226PWA000631,2026-06-29T00:00:00.000Z,2026-07-11T12:51:11.789Z,B,record-update,The registered source published or hosts the record titled “INTRASTELLAR SOLUTIONS LLC — Department of Energy”.,"This update alone does not establish wrongdoing, intent or coordinated action.",registry-linked,source-id-link,1
relationship-0525dbf4065045129609,published,source-usaspending-recent-contracts,finding-911d6aa330f80279bdb3c4d5,usaspending-recent-contracts,USAspending.gov — Recent Contract Awards,https://www.usaspending.gov/award/9523ZY26F0032,2026-08-13T00:00:00.000Z,2026-07-11T12:51:11.789Z,B,record-update,"The registered source published or hosts the record titled “AUGUST SCHELL ENTERPRISES, INC. — Commodity Futures Trading Commission”.","This update alone does not establish wrongdoing, intent or coordinated action.",registry-linked,source-id-link,1
relationship-89a8986459188c2499ab,published,source-usaspending-recent-contracts,finding-9525a32c8b2ef5a9e97959d5,usaspending-recent-contracts,USAspending.gov — Recent Contract Awards,https://www.usaspending.gov/award/VA24417C0005,2017-03-31T00:00:00.000Z,2026-07-11T12:51:11.789Z,B,record-update,The registered source published or hosts the record titled “DERBY ENTERPRISES LLC — Department of Veterans Affairs”.,"This update alone does not establish wrongdoing, intent or coordinated action.",registry-linked,source-id-link,1
relationship-8b5c5ee969f276034cc0,published,source-usaspending-recent-contracts,finding-95c258b6b9625fee0723a741,usaspending-recent-contracts,USAspending.gov — Recent Contract Awards,https://www.usaspending.gov/award/89503326PWA000433,2026-07-09T00:00:00.000Z,2026-07-11T12:51:11.789Z,B,record-update,The registered source published or hosts the record titled “SPRINGFIELD SOLUTIONS LLC — Department of Energy”.,"This update alone does not establish wrongdoing, intent or coordinated action.",registry-linked,source-id-link,1
relationship-18fa8aea0ccc971ce237,published,source-usaspending-recent-contracts,finding-980364fb9251711ef8875c46,usaspending-recent-contracts,USAspending.gov — Recent Contract Awards,https://www.usaspending.gov/award/89303724FEM400308,2023-12-14T00:00:00.000Z,2026-07-11T12:51:11.789Z,B,record-update,"The registered source published or hosts the record titled “DNI EMERGING TECHNOLOGIES, LLC — Department of Energy”.","This update alone does not establish wrongdoing, intent or coordinated action.",registry-linked,source-id-link,1
relationship-bdd0f373c1356ed37d30,published,source-usaspending-recent-contracts,finding-9cff3a78e446e894fb1463e2,usaspending-recent-contracts,USAspending.gov — Recent Contract Awards,https://www.usaspending.gov/award/89303026FIM000201,2026-06-24T00:00:00.000Z,2026-07-11T12:51:11.789Z,B,record-update,The registered source published or hosts the record titled “AUTONOMIC INTEGRA LLC — Department of Energy”.,"This update alone does not establish wrongdoing, intent or coordinated action.",registry-linked,source-id-link,1
relationship-138091237d1b5372263e,published,source-usaspending-recent-contracts,finding-a04b34c9045c55bca6ddfe34,usaspending-recent-contracts,USAspending.gov — Recent Contract Awards,https://www.usaspending.gov/award/89703025FAR400021,2025-08-29T00:00:00.000Z,2026-07-11T12:51:11.789Z,B,record-update,The registered source published or hosts the record titled “BOOZ ALLEN HAMILTON INC — Department of Energy”.,"This update alone does not establish wrongdoing, intent or coordinated action.",registry-linked,source-id-link,1
relationship-91efe4224dbb3a96aec5,published,source-usaspending-recent-contracts,finding-a4c3be6557762ace01affe55,usaspending-recent-contracts,USAspending.gov — Recent Contract Awards,https://www.usaspending.gov/award/89303926FEM000399,2026-06-25T00:00:00.000Z,2026-07-11T12:51:11.789Z,B,record-update,"The registered source published or hosts the record titled “KATMAI INTEGRATED SOLUTIONS, LLC — Department of Energy”.","This update alone does not establish wrongdoing, intent or coordinated action.",registry-linked,source-id-link,1
relationship-f5f8408e94dc179bce24,published,source-usaspending-recent-contracts,finding-ab7b2cf392766b74da6ff222,usaspending-recent-contracts,USAspending.gov — Recent Contract Awards,https://www.usaspending.gov/award/89503223PWA000396,2023-02-06T00:00:00.000Z,2026-07-11T12:51:11.789Z,B,record-update,The registered source published or hosts the record titled “KLEEN SWEEP LLC — Department of Energy”.,"This update alone does not establish wrongdoing, intent or coordinated action.",registry-linked,source-id-link,1
relationship-39ab35d1f6e2e0d31c5c,published,source-usaspending-recent-contracts,finding-aca38cf0f70cc779a9c5f029,usaspending-recent-contracts,USAspending.gov — Recent Contract Awards,https://www.usaspending.gov/award/91003125C0020,2025-08-01T00:00:00.000Z,2026-07-11T12:51:11.789Z,B,record-update,"The registered source published or hosts the record titled “EDUCATIONAL COMPUTER SYSTEMS, INC. — Department of Education”.","This update alone does not establish wrongdoing, intent or coordinated action.",registry-linked,source-id-link,1
relationship-d2ec1e6f833bd0dddc57,published,source-usaspending-recent-contracts,finding-addc61adad5aa09acfd38c78,usaspending-recent-contracts,USAspending.gov — Recent Contract Awards,https://www.usaspending.gov/award/DEAC0576RL01830,1978-09-15T00:00:00.000Z,2026-07-11T12:51:11.789Z,B,record-update,The registered source published or hosts the record titled “BATTELLE MEMORIAL INSTITUTE — Department of Energy”.,"This update alone does not establish wrongdoing, intent or coordinated action.",registry-linked,source-id-link,1
relationship-c97f1ce5d35611d56446,published,source-usaspending-recent-contracts,finding-af910276ebbeb5dbdb2388cc,usaspending-recent-contracts,USAspending.gov — Recent Contract Awards,https://www.usaspending.gov/award/89503225CWA000116,2025-07-01T00:00:00.000Z,2026-07-11T12:51:11.789Z,B,record-update,The registered source published or hosts the record titled “TOMMYLEE CAPITAL LLC — Department of Energy”.,"This update alone does not establish wrongdoing, intent or coordinated action.",registry-linked,source-id-link,1
relationship-57e4442f24a692fe59e5,published,source-usaspending-recent-contracts,finding-b30fb05c0fa8ac9fee254bc3,usaspending-recent-contracts,USAspending.gov — Recent Contract Awards,https://www.usaspending.gov/award/HC101326FB625,2026-07-13T00:00:00.000Z,2026-07-11T12:51:11.789Z,B,record-update,The registered source published or hosts the record titled “TRACE SYSTEMS INC. — Department of Defense”.,"This update alone does not establish wrongdoing, intent or coordinated action.",registry-linked,source-id-link,1
relationship-e87b3dbb5485f916a153,published,source-usaspending-recent-contracts,finding-b466c9a428f7f0c5c9396ad3,usaspending-recent-contracts,USAspending.gov — Recent Contract Awards,https://www.usaspending.gov/award/95C67826P0275,2026-07-07T00:00:00.000Z,2026-07-11T12:51:11.789Z,B,record-update,The registered source published or hosts the record titled “FREEDOM FLOOR COMPANY — District of Columbia Courts”.,"This update alone does not establish wrongdoing, intent or coordinated action.",registry-linked,source-id-link,1
relationship-e26f4b352626295aa8f1,published,source-usaspending-recent-contracts,finding-b5ba07258bfb23b39e7489ed,usaspending-recent-contracts,USAspending.gov — Recent Contract Awards,https://www.usaspending.gov/award/GS05P13SAC0022,2013-08-15T00:00:00.000Z,2026-07-11T12:51:11.789Z,B,record-update,"The registered source published or hosts the record titled “TAHER, INC. — General Services Administration”.","This update alone does not establish wrongdoing, intent or coordinated action.",registry-linked,source-id-link,1
relationship-a25ee55e4c44830d6faa,published,source-usaspending-recent-contracts,finding-b840483ae8dba96591078d91,usaspending-recent-contracts,USAspending.gov — Recent Contract Awards,https://www.usaspending.gov/award/HHSI244201700015A,2017-05-31T00:00:00.000Z,2026-07-11T12:51:11.789Z,B,record-update,The registered source published or hosts the record titled “KALISPELL REGIONAL MEDICAL CENTER INC — Department of Health and Human Services”.,"This update alone does not establish wrongdoing, intent or coordinated action.",registry-linked,source-id-link,1
relationship-f2275f017a6d86653999,published,source-usaspending-recent-contracts,finding-b91b77270a2f7be8683efd70,usaspending-recent-contracts,USAspending.gov — Recent Contract Awards,https://www.usaspending.gov/award/EPG17H00966,2017-05-02T00:00:00.000Z,2026-07-11T12:51:11.789Z,B,record-update,The registered source published or hosts the record titled “ADVANTAGE LEASING ASSOCIATES LLC — Environmental Protection Agency”.,"This update alone does not establish wrongdoing, intent or coordinated action.",registry-linked,source-id-link,1
relationship-a9219f5108f765655493,published,source-usaspending-recent-contracts,finding-bcd3e2651586b44f296b1ef1,usaspending-recent-contracts,USAspending.gov — Recent Contract Awards,https://www.usaspending.gov/award/95315824C00011,2024-09-23T00:00:00.000Z,2026-07-11T12:51:11.789Z,B,record-update,The registered source published or hosts the record titled “ALDEN LAW GROUP PLLC — United States Chemical Safety Board”.,"This update alone does not establish wrongdoing, intent or coordinated action.",registry-linked,source-id-link,1
relationship-d4121b026715d3450b7b,published,source-usaspending-recent-contracts,finding-c24f84e32e96017634420212,usaspending-recent-contracts,USAspending.gov — Recent Contract Awards,https://www.usaspending.gov/award/89303026FEI400166,2026-07-09T00:00:00.000Z,2026-07-11T12:51:11.789Z,B,record-update,"The registered source published or hosts the record titled “CROWN INNOVATIONS, INC. — Department of Energy”.","This update alone does not establish wrongdoing, intent or coordinated action.",registry-linked,source-id-link,1
relationship-81f2375296fe555bf280,published,source-usaspending-recent-contracts,finding-c26faf4e8dfe5ddfefbbb5db,usaspending-recent-contracts,USAspending.gov — Recent Contract Awards,https://www.usaspending.gov/award/89503224CWA000103,2024-05-15T00:00:00.000Z,2026-07-11T12:51:11.789Z,B,record-update,"The registered source published or hosts the record titled “FOUR CORNERS WEED CONTROL, INC — Department of Energy”.","This update alone does not establish wrongdoing, intent or coordinated action.",registry-linked,source-id-link,1
relationship-5f54db34c5e20685018b,published,source-usaspending-recent-contracts,finding-c352a671bc2ccedcb3b119b4,usaspending-recent-contracts,USAspending.gov — Recent Contract Awards,https://www.usaspending.gov/award/95332426F0039,2026-05-05T00:00:00.000Z,2026-07-11T12:51:11.789Z,B,record-update,The registered source published or hosts the record titled “LIMESTONE ANALYTICS LLC — Millennium Challenge Corporation”.,"This update alone does not establish wrongdoing, intent or coordinated action.",registry-linked,source-id-link,1
relationship-3d0cc7fb8c6cae866568,published,source-usaspending-recent-contracts,finding-c3ef92932cc4201392c7d30e,usaspending-recent-contracts,USAspending.gov — Recent Contract Awards,https://www.usaspending.gov/award/89603026F0033,2026-07-24T00:00:00.000Z,2026-07-11T12:51:11.789Z,B,record-update,The registered source published or hosts the record titled “SOFTWARE INFORMATION RESOURCE CORP. — Department of Energy”.,"This update alone does not establish wrongdoing, intent or coordinated action.",registry-linked,source-id-link,1
relationship-2d3c99229dbf524dbbee,published,source-usaspending-recent-contracts,finding-c5c56a3c14263196795d0728,usaspending-recent-contracts,USAspending.gov — Recent Contract Awards,https://www.usaspending.gov/award/91990018C0057,2018-09-27T00:00:00.000Z,2026-07-11T12:51:11.789Z,B,record-update,The registered source published or hosts the record titled “MATHEMATICA INC. — Department of Education”.,"This update alone does not establish wrongdoing, intent or coordinated action.",registry-linked,source-id-link,1
relationship-5c90a121588d165a38d1,published,source-usaspending-recent-contracts,finding-c5d436be00ce3c88937f47ae,usaspending-recent-contracts,USAspending.gov — Recent Contract Awards,https://www.usaspending.gov/award/91990025F0015,2025-02-19T00:00:00.000Z,2026-07-11T12:51:11.789Z,B,record-update,The registered source published or hosts the record titled “TACTILE DESIGN GROUP LLC — Department of Education”.,"This update alone does not establish wrongdoing, intent or coordinated action.",registry-linked,source-id-link,1
relationship-cbb8b6c434cf6edbb2ae,published,source-usaspending-recent-contracts,finding-c5f5b8ef0fa17a3fcbd4f46c,usaspending-recent-contracts,USAspending.gov — Recent Contract Awards,https://www.usaspending.gov/award/DTRT5717P80026,2017-01-01T00:00:00.000Z,2026-07-11T12:51:11.789Z,B,record-update,The registered source published or hosts the record titled “ELSEVIER INC. — Department of Transportation”.,"This update alone does not establish wrongdoing, intent or coordinated action.",registry-linked,source-id-link,1
relationship-00b1b6c69e247b8fb5ae,published,source-usaspending-recent-contracts,finding-c7b000c40da5dc2381fd5b79,usaspending-recent-contracts,USAspending.gov — Recent Contract Awards,https://www.usaspending.gov/award/89503426PWA002323,2026-07-08T00:00:00.000Z,2026-07-11T12:51:11.789Z,B,record-update,The registered source published or hosts the record titled “PHOENIX CONTRACTING LLC — Department of Energy”.,"This update alone does not establish wrongdoing, intent or coordinated action.",registry-linked,source-id-link,1
relationship-a1bed9e441a4922d5d2e,published,source-usaspending-recent-contracts,finding-d3589cf045e6d530b37381a9,usaspending-recent-contracts,USAspending.gov — Recent Contract Awards,https://www.usaspending.gov/award/HC101326FB587,2026-08-21T00:00:00.000Z,2026-07-11T12:51:11.789Z,B,record-update,The registered source published or hosts the record titled “AT&T CORP. — Department of Defense”.,"This update alone does not establish wrongdoing, intent or coordinated action.",registry-linked,source-id-link,1
relationship-e2dad4242f00b8433810,published,source-usaspending-recent-contracts,finding-d523f573454d7107b54eee44,usaspending-recent-contracts,USAspending.gov — Recent Contract Awards,https://www.usaspending.gov/award/9531CB26F0031,2026-07-08T00:00:00.000Z,2026-07-11T12:51:11.789Z,B,record-update,"The registered source published or hosts the record titled “GOVSMART, INC. — Consumer Financial Protection Bureau”.","This update alone does not establish wrongdoing, intent or coordinated action.",registry-linked,source-id-link,1
relationship-54744742bb4ffc136999,published,source-usaspending-recent-contracts,finding-de9879583e3b80a5347773e8,usaspending-recent-contracts,USAspending.gov — Recent Contract Awards,https://www.usaspending.gov/award/89303126FEM400486,2026-07-08T00:00:00.000Z,2026-07-11T12:51:11.789Z,B,record-update,The registered source published or hosts the record titled “BAHFED CORP — Department of Energy”.,"This update alone does not establish wrongdoing, intent or coordinated action.",registry-linked,source-id-link,1
relationship-594f0cddb54c65302391,published,source-usaspending-recent-contracts,finding-e02714039b1b3d31115ad625,usaspending-recent-contracts,USAspending.gov — Recent Contract Awards,https://www.usaspending.gov/award/91003119F0003,2019-02-20T00:00:00.000Z,2026-07-11T12:51:11.789Z,B,record-update,The registered source published or hosts the record titled “ACCENTURE FEDERAL SERVICES LLC — Department of Education”.,"This update alone does not establish wrongdoing, intent or coordinated action.",registry-linked,source-id-link,1
relationship-ab8fb050c355e4e788a2,published,source-usaspending-recent-contracts,finding-e497bfc368cbe5342781e900,usaspending-recent-contracts,USAspending.gov — Recent Contract Awards,https://www.usaspending.gov/award/DTFAWA12C00055,2012-09-13T00:00:00.000Z,2026-07-11T12:51:11.789Z,B,record-update,"The registered source published or hosts the record titled “FREQUENTIS USA, INC — Department of Transportation”.","This update alone does not establish wrongdoing, intent or coordinated action.",registry-linked,source-id-link,1
relationship-3a6566d89296447bef70,published,source-usaspending-recent-contracts,finding-e6a9858ce2fe9aafdfc31f96,usaspending-recent-contracts,USAspending.gov — Recent Contract Awards,https://www.usaspending.gov/award/91990026F0064,2021-09-30T00:00:00.000Z,2026-07-11T12:51:11.789Z,B,record-update,"The registered source published or hosts the record titled “SILENT PARTNER SECURITY SYSTEMS, INC. — Department of Education”.","This update alone does not establish wrongdoing, intent or coordinated action.",registry-linked,source-id-link,1
relationship-ae724910807def58cef8,published,source-usaspending-recent-contracts,finding-e73b6048f1dd4f5716928e81,usaspending-recent-contracts,USAspending.gov — Recent Contract Awards,https://www.usaspending.gov/award/HC108426FB095,2026-07-23T00:00:00.000Z,2026-07-11T12:51:11.789Z,B,record-update,The registered source published or hosts the record titled “ATT MOBILITY LLC — Department of Defense”.,"This update alone does not establish wrongdoing, intent or coordinated action.",registry-linked,source-id-link,1
relationship-5ecc236d5e5f1630395f,published,source-usaspending-recent-contracts,finding-e8cead27215965f4536632d7,usaspending-recent-contracts,USAspending.gov — Recent Contract Awards,https://www.usaspending.gov/award/89304223FEM400000,2023-10-01T00:00:00.000Z,2026-07-11T12:51:11.789Z,B,record-update,The registered source published or hosts the record titled “IDAHO ENVIRONMENTAL COALITION LLC — Department of Energy”.,"This update alone does not establish wrongdoing, intent or coordinated action.",registry-linked,source-id-link,1
relationship-06e41681426be1d55a2b,published,source-usaspending-recent-contracts,finding-e8f82512ea94077d82a25012,usaspending-recent-contracts,USAspending.gov — Recent Contract Awards,https://www.usaspending.gov/award/9531BM25F0037,2025-08-01T00:00:00.000Z,2026-07-11T12:51:11.789Z,B,record-update,The registered source published or hosts the record titled “CARAHSOFT TECHNOLOGY CORP — National Transportation Safety Board”.,"This update alone does not establish wrongdoing, intent or coordinated action.",registry-linked,source-id-link,1
relationship-318b6661a33c4c4ca9f1,published,source-usaspending-recent-contracts,finding-eb9a91493c5bec05512fa1c1,usaspending-recent-contracts,USAspending.gov — Recent Contract Awards,https://www.usaspending.gov/award/95C67826P0281,2026-07-09T00:00:00.000Z,2026-07-11T12:51:11.789Z,B,record-update,The registered source published or hosts the record titled “LOCKMASTERS INC — District of Columbia Courts”.,"This update alone does not establish wrongdoing, intent or coordinated action.",registry-linked,source-id-link,1
relationship-e57b336486db4113b77e,published,source-usaspending-recent-contracts,finding-ec7e00713fa1c00bebcab5b8,usaspending-recent-contracts,USAspending.gov — Recent Contract Awards,https://www.usaspending.gov/award/HC108426FB015,2026-06-26T00:00:00.000Z,2026-07-11T12:51:11.789Z,B,record-update,The registered source published or hosts the record titled “ATT MOBILITY LLC — Department of Defense”.,"This update alone does not establish wrongdoing, intent or coordinated action.",registry-linked,source-id-link,1
relationship-a378bac1bce91e715d17,published,source-usaspending-recent-contracts,finding-ec968f2ec6ba82128b4cd91b,usaspending-recent-contracts,USAspending.gov — Recent Contract Awards,https://www.usaspending.gov/award/95C67826P0279,2026-09-30T00:00:00.000Z,2026-07-11T12:51:11.789Z,B,record-update,The registered source published or hosts the record titled “INDUSTRIAL BANK — District of Columbia Courts”.,"This update alone does not establish wrongdoing, intent or coordinated action.",registry-linked,source-id-link,1
relationship-2de28aeb985ce0275ba2,published,source-usaspending-recent-contracts,finding-f23de16432822daf7c6c73a5,usaspending-recent-contracts,USAspending.gov — Recent Contract Awards,https://www.usaspending.gov/award/91003121F0007,2021-04-01T00:00:00.000Z,2026-07-11T12:51:11.789Z,B,record-update,The registered source published or hosts the record titled “JAZZ SOLUTIONS INC. — Department of Education”.,"This update alone does not establish wrongdoing, intent or coordinated action.",registry-linked,source-id-link,1
relationship-235d74aed7916eaa57c6,published,source-usaspending-recent-contracts,finding-f35db6e60371b21543fc4400,usaspending-recent-contracts,USAspending.gov — Recent Contract Awards,https://www.usaspending.gov/award/89303924FEM000296,2024-05-01T00:00:00.000Z,2026-07-11T12:51:11.789Z,B,record-update,"The registered source published or hosts the record titled “TETRA TECH, INC. — Department of Energy”.","This update alone does not establish wrongdoing, intent or coordinated action.",registry-linked,source-id-link,1
relationship-f153eeff1dc22f0a0574,published,source-usaspending-recent-contracts,finding-f5497ef2a6ad9b039bbb4c17,usaspending-recent-contracts,USAspending.gov — Recent Contract Awards,https://www.usaspending.gov/award/91990025C0055,2025-04-01T00:00:00.000Z,2026-07-11T12:51:11.789Z,B,record-update,"The registered source published or hosts the record titled “EDUCATION, NEW JERSEY DEPARTMENT OF — Department of Education”.","This update alone does not establish wrongdoing, intent or coordinated action.",registry-linked,source-id-link,1
relationship-642996687bd611056b24,published,source-usaspending-recent-contracts,finding-f5819a590feeb685967290db,usaspending-recent-contracts,USAspending.gov — Recent Contract Awards,https://www.usaspending.gov/award/9531CB26F0033,2026-07-28T00:00:00.000Z,2026-07-11T12:51:11.789Z,B,record-update,"The registered source published or hosts the record titled “ANACAPA MICRO PRODUCTS, INC. — Consumer Financial Protection Bureau”.","This update alone does not establish wrongdoing, intent or coordinated action.",registry-linked,source-id-link,1
relationship-f6f4ff6554a659312272,published,source-usaspending-recent-contracts,finding-f59c90618904f6edd4fd15ed,usaspending-recent-contracts,USAspending.gov — Recent Contract Awards,https://www.usaspending.gov/award/89303026FMA401022,2026-07-08T00:00:00.000Z,2026-07-11T12:51:11.789Z,B,record-update,"The registered source published or hosts the record titled “THE FIELDS GROUP, LLC — Department of Energy”.","This update alone does not establish wrongdoing, intent or coordinated action.",registry-linked,source-id-link,1
relationship-c696c2dfd674c1322ef1,published,source-usaspending-recent-contracts,finding-f63e6c55355c28cd56433171,usaspending-recent-contracts,USAspending.gov — Recent Contract Awards,https://www.usaspending.gov/award/91003125F0023,2025-03-12T00:00:00.000Z,2026-07-11T12:51:11.789Z,B,record-update,"The registered source published or hosts the record titled “GOLDSCHMITT-CRI-2, LLC — Department of Education”.","This update alone does not establish wrongdoing, intent or coordinated action.",registry-linked,source-id-link,1
relationship-31fbf913e29dadc195fa,published,source-usaspending-recent-contracts,finding-f8ffdb97b928c01e16940372,usaspending-recent-contracts,USAspending.gov — Recent Contract Awards,https://www.usaspending.gov/award/DTFAWA12C00040,2012-05-02T00:00:00.000Z,2026-07-11T12:51:11.789Z,B,record-update,"The registered source published or hosts the record titled “GENERAL DYNAMICS MISSION SYSTEMS, INC. — Department of Transportation”.","This update alone does not establish wrongdoing, intent or coordinated action.",registry-linked,source-id-link,1
relationship-2e490457b12392002826,published,source-wikileaks-publications,finding-0481fb8ede1beca05807c9b1,wikileaks-publications,WikiLeaks — Publications,https://wikileaks.org//vault7/hive/,2026-07-11T12:51:11.789Z,2026-07-11T12:51:11.789Z,C,leak-or-document-lead,"The registered source published or hosts the record titled “Custom Search Vault 7: HIVE Today, April 14th 2017, WikiLeaks releases six documents from the HIVE project created by CIA's ""Embedded Development Branch"" (EDB). 14 April 2017”.","The document must be authenticated, dated, contextualised and corroborated before it supports an accusation.",registry-linked,source-id-link,1
relationship-f4eb74feb95dfc94620f,published,source-wikileaks-publications,finding-06812013ec61a9fb44ea900f,wikileaks-publications,WikiLeaks — Publications,https://search.wikileaks.org/syria-files/,2026-07-11T12:51:11.789Z,2026-07-11T12:51:11.789Z,C,leak-or-document-lead,"The registered source published or hosts the record titled “Custom Search Syria Files More than two million emails from Syrian political figures, ministries and associated companies, dating from August 2006 to March 2012. 05 July 2012”.","The document must be authenticated, dated, contextualised and corroborated before it supports an accusation.",registry-linked,source-id-link,1
relationship-85be81a15f6b0e771138,published,source-wikileaks-publications,finding-08ee9faa22aa38f7420cdf5f,wikileaks-publications,WikiLeaks — Publications,https://wikileaks.org//vault7/expresslane/,2026-07-11T12:51:11.789Z,2026-07-11T12:51:11.789Z,C,leak-or-document-lead,"The registered source published or hosts the record titled “Custom Search Vault 7: ExpressLane Today, August 24th 2017, WikiLeaks publishes secret documents from the cyber operations the CIA conducts against liaison services - which includes NSA, DHS and FBI. 24 August 2017”.","The document must be authenticated, dated, contextualised and corroborated before it supports an accusation.",registry-linked,source-id-link,1
relationship-3ab40b80fb49edf232b7,published,source-wikileaks-publications,finding-0a694c0826e842b2877fcc2c,wikileaks-publications,WikiLeaks — Publications,https://wikileaks.org//tpp-final,2026-07-11T12:51:11.789Z,2026-07-11T12:51:11.789Z,C,leak-or-document-lead,The registered source published or hosts the record titled “Custom Search Trans-Pacific Partnership Agreement Documents relating to the Trans-Pacific Partnership Agreement during its negotiation period. The TPP encompasses 12 nations and over 40 percent of global GDP. 16 Novembe…”.,"The document must be authenticated, dated, contextualised and corroborated before it supports an accusation.",registry-linked,source-id-link,1
relationship-83d2f3323d93840ba9ae,published,source-wikileaks-publications,finding-0d5836b3b90c293c42fe3148,wikileaks-publications,WikiLeaks — Publications,https://wikileaks.org//tisa,2026-07-11T12:51:11.789Z,2026-07-11T12:51:11.789Z,C,leak-or-document-lead,"The registered source published or hosts the record titled “Custom Search Trade in Services Agreement Secret documents relating to the secret Trade in Services Agreement, the largest 'trade deal' in history. TiSA is being negotiated by the US, EU and 22 other countries that acco…”.","The document must be authenticated, dated, contextualised and corroborated before it supports an accusation.",registry-linked,source-id-link,1
relationship-e89a15f2aae000f68cb1,published,source-wikileaks-publications,finding-1914793c3f4198f7e2fb5cef,wikileaks-publications,WikiLeaks — Publications,https://wikileaks.org//vault7/angelfire/,2026-07-11T12:51:11.789Z,2026-07-11T12:51:11.789Z,C,leak-or-document-lead,"The registered source published or hosts the record titled “Custom Search Vault 7: Angelfire Today, August 31st 2017, WikiLeaks publishes documents from the Angelfire project of the CIA, a persistent framework used to infect Microsoft Windows systems. 31 August 2017”.","The document must be authenticated, dated, contextualised and corroborated before it supports an accusation.",registry-linked,source-id-link,1
relationship-01ddd663649da5b082b8,published,source-wikileaks-publications,finding-1db0f625be624a8073309bba,wikileaks-publications,WikiLeaks — Publications,https://wikileaks.org//vault7/marble/,2026-07-11T12:51:11.789Z,2026-07-11T12:51:11.789Z,C,leak-or-document-lead,"The registered source published or hosts the record titled “Custom Search Vault 7: Marble Framework Today, March 31st 2017, WikiLeaks releases Vault 7 ""Marble"" - 676 source code files for the CIA's secret anti-forensic Marble Framework. 31 March 2017”.","The document must be authenticated, dated, contextualised and corroborated before it supports an accusation.",registry-linked,source-id-link,1
relationship-b824a427540d0f81d03c,published,source-wikileaks-publications,finding-221ee4011de49d38352d432f,wikileaks-publications,WikiLeaks — Publications,https://wikileaks.org//vault7/highrise/,2026-07-11T12:51:11.789Z,2026-07-11T12:51:11.789Z,C,leak-or-document-lead,"The registered source published or hosts the record titled “Custom Search Vault 7: Highrise Today, July 13th 2017, WikiLeaks publishes documents from the Highrise project of the CIA, an Android application designed to provide a redirector function for SMS. 13 July 2017”.","The document must be authenticated, dated, contextualised and corroborated before it supports an accusation.",registry-linked,source-id-link,1
relationship-5d5a1edbb106e220eedc,published,source-wikileaks-publications,finding-31d34a4d34e2740c27715d6b,wikileaks-publications,WikiLeaks — Publications,https://search.wikileaks.org/gifiles/,2026-07-11T12:51:11.789Z,2026-07-11T12:51:11.789Z,C,leak-or-document-lead,"The registered source published or hosts the record titled “Custom Search Global Intelligence Files Over five million e-mails from the Texas headquartered ""global intelligence"" company Stratfor. The e-mails date between July 2004 and late December 2011. 27 February 2012”.","The document must be authenticated, dated, contextualised and corroborated before it supports an accusation.",registry-linked,source-id-link,1
relationship-6c51ebb53b3c01d54b24,published,source-wikileaks-publications,finding-3cfa29acb65cc8eb4c7ab4c8,wikileaks-publications,WikiLeaks — Publications,https://wikileaks.org//vault7/outlawcountry/,2026-07-11T12:51:11.789Z,2026-07-11T12:51:11.789Z,C,leak-or-document-lead,"The registered source published or hosts the record titled “Custom Search Vault 7: Outlaw Country Today, June 29th 2017, WikiLeaks publishes documents from the OutlawCountry project of the CIA that targets computers running the Linux operating system. 29 June 2017”.","The document must be authenticated, dated, contextualised and corroborated before it supports an accusation.",registry-linked,source-id-link,1
relationship-461214e0c9bc0151a07d,published,source-wikileaks-publications,finding-42e2c5058a7cedb71b14bb1e,wikileaks-publications,WikiLeaks — Publications,https://wikileaks.org//gitmo,2026-07-11T12:51:11.789Z,2026-07-11T12:51:11.789Z,C,leak-or-document-lead,"The registered source published or hosts the record titled “Custom Search Guantánamo Files In thousands of pages of documents dating from 2002 to 2008, the cases of the prisoners held at Guantánamo are described in detail in memoranda from the Joint Task Force at Guantánamo Bay…”.","The document must be authenticated, dated, contextualised and corroborated before it supports an accusation.",registry-linked,source-id-link,1
relationship-68d6211a6e568309cd38,published,source-wikileaks-publications,finding-4d440ce89e07b82c7f53e61b,wikileaks-publications,WikiLeaks — Publications,https://wikileaks.org//vault7/athena/,2026-07-11T12:51:11.789Z,2026-07-11T12:51:11.789Z,C,leak-or-document-lead,"The registered source published or hosts the record titled “Custom Search Vault 7: Athena Today, May 19th 2017, WikiLeaks publishes documents from the ""Athena"" project - remote beacon and loader capabilities on target computers running Microsoft Windows 19 May 2017”.","The document must be authenticated, dated, contextualised and corroborated before it supports an accusation.",registry-linked,source-id-link,1
relationship-cd49a273e608ac67042b,published,source-wikileaks-publications,finding-529e26b6469da057df0af18a,wikileaks-publications,WikiLeaks — Publications,https://wikileaks.org//vault7/elsa/,2026-07-11T12:51:11.789Z,2026-07-11T12:51:11.789Z,C,leak-or-document-lead,"The registered source published or hosts the record titled “Custom Search Vault 7: Elsa Today, June 28th 2017, WikiLeaks publishes documents from the CIA project ELSA, a geo-location malware for WiFi-enabled devices. 28 June 2017”.","The document must be authenticated, dated, contextualised and corroborated before it supports an accusation.",registry-linked,source-id-link,1
relationship-e99e8c469fb57d332843,published,source-wikileaks-publications,finding-549960e4ffcd95cfc2c5ce04,wikileaks-publications,WikiLeaks — Publications,https://wikileaks.org//vault7/grasshopper/,2026-07-11T12:51:11.789Z,2026-07-11T12:51:11.789Z,C,leak-or-document-lead,"The registered source published or hosts the record titled “Custom Search Vault 7: Grasshopper Framework Today, April 7th 2017, WikiLeaks releases 27 documents from the CIA's Grasshopper framework, a platform used to build customized malware payloads for Microsoft Windows operat…”.","The document must be authenticated, dated, contextualised and corroborated before it supports an accusation.",registry-linked,source-id-link,1
relationship-7ef4ec3a7a67c821afe6,published,source-wikileaks-publications,finding-588b42193598f17468bcba5d,wikileaks-publications,WikiLeaks — Publications,https://wikileaks.org//akp-emails/,2026-07-11T12:51:11.789Z,2026-07-11T12:51:11.789Z,C,leak-or-document-lead,"The registered source published or hosts the record titled “Custom Search AKP Email Archive The AKP, or the Justice & Development Party, is the ruling party of Turkey and is the political force behind the country's president, Recep Tayyip Erdoğan. Part one of the series covers 7…”.","The document must be authenticated, dated, contextualised and corroborated before it supports an accusation.",registry-linked,source-id-link,1
relationship-826a9ba34b19d5d0a9c5,published,source-wikileaks-publications,finding-5b4741fa2fca916a91388731,wikileaks-publications,WikiLeaks — Publications,https://wikileaks.org//vault7/imperial/,2026-07-11T12:51:11.789Z,2026-07-11T12:51:11.789Z,C,leak-or-document-lead,"The registered source published or hosts the record titled “Custom Search Vault 7: Imperial Today, July 27th 2017, WikiLeaks publishes documents from the Imperial project of the CIA. 27 July 2017”.","The document must be authenticated, dated, contextualised and corroborated before it supports an accusation.",registry-linked,source-id-link,1
relationship-ee265e0b4d9963ab230d,published,source-wikileaks-publications,finding-610886d8639ec49338292fcc,wikileaks-publications,WikiLeaks — Publications,https://wikileaks.org//spyfiles/russia/,2026-07-11T12:51:11.789Z,2026-07-11T12:51:11.789Z,C,leak-or-document-lead,"The registered source published or hosts the record titled “Custom Search Spy Files: Russia Today, September 19th 2017, WikiLeaks starts publishing the series ""Spy Files Russia"" with documents from the Russian company Петер-Сервис (PETER-SERVICE). 19 September 2017”.","The document must be authenticated, dated, contextualised and corroborated before it supports an accusation.",registry-linked,source-id-link,1
relationship-a97e1ec6a6ad117cf629,published,source-wikileaks-publications,finding-62acacaa187dc4a71132806e,wikileaks-publications,WikiLeaks — Publications,https://wikileaks.org//nsa-japan,2026-07-11T12:51:11.789Z,2026-07-11T12:51:11.789Z,C,leak-or-document-lead,"The registered source published or hosts the record titled “Custom Search NSA World Spying A collection of NSA documents showing its surveillance operations in France, Germany, Brazil, and Japan. Spying targets include heads of state, foreign ministries, and major companies. 31…”.","The document must be authenticated, dated, contextualised and corroborated before it supports an accusation.",registry-linked,source-id-link,1
relationship-9e46d77382fae4a6c43e,published,source-wikileaks-publications,finding-6bbfd9cb4ba09311c28081e0,wikileaks-publications,WikiLeaks — Publications,https://wikileaks.org//cia-emails,2026-07-11T12:51:11.789Z,2026-07-11T12:51:11.789Z,C,leak-or-document-lead,The registered source published or hosts the record titled “Custom Search Brennan Emails A collection of documents retrieved from CIA Director John Brennan's non-government email account. Brennan used the account occasionally for intelligence related projects. 21 October 2015”.,"The document must be authenticated, dated, contextualised and corroborated before it supports an accusation.",registry-linked,source-id-link,1
relationship-6048651a4a5bd8844378,published,source-wikileaks-publications,finding-6d32dff83eeb53ecc561a89d,wikileaks-publications,WikiLeaks — Publications,https://wikileaks.org//car-mining,2026-07-11T12:51:11.789Z,2026-07-11T12:51:11.789Z,C,leak-or-document-lead,The registered source published or hosts the record titled “Custom Search The New Dirty War for Africa's uranium and mineral rights A collection of documents that open up a corrupt multi-billion dollar war by Western and Chinese companies grab uranium and other mining rights in…”.,"The document must be authenticated, dated, contextualised and corroborated before it supports an accusation.",registry-linked,source-id-link,1
relationship-731dcee44205a393460a,published,source-wikileaks-publications,finding-6f06b475a199923599ea1558,wikileaks-publications,WikiLeaks — Publications,https://wikileaks.org//vault7/protego/,2026-07-11T12:51:11.789Z,2026-07-11T12:51:11.789Z,C,leak-or-document-lead,"The registered source published or hosts the record titled “Custom Search Vault 7: Protego Today, September 7th 2017, WikiLeaks publishes four secret documents from the Protego project of the CIA, along with 37 related manuals. 07 September 2017”.","The document must be authenticated, dated, contextualised and corroborated before it supports an accusation.",registry-linked,source-id-link,1
relationship-ad684b81814fc6743325,published,source-wikileaks-publications,finding-787889fca3597926343c3ca7,wikileaks-publications,WikiLeaks — Publications,https://wikileaks.org//wiki/Bank_Julius_Baer,2026-07-11T12:51:11.789Z,2026-07-11T12:51:11.789Z,C,leak-or-document-lead,"The registered source published or hosts the record titled “Custom Search Bank Julius Baer Documents Several hundred documents from a Swiss banking whistleblower purportedly showing offshore tax evasion and money laundering by extremely wealthy and in some cases, politically sen…”.","The document must be authenticated, dated, contextualised and corroborated before it supports an accusation.",registry-linked,source-id-link,1
relationship-ba6ebf0e2d6a65b28d28,published,source-wikileaks-publications,finding-80793ff7ba684f205f5461ef,wikileaks-publications,WikiLeaks — Publications,https://wikileaks.org//spyfiles,2026-07-11T12:51:11.789Z,2026-07-11T12:51:11.789Z,C,leak-or-document-lead,"The registered source published or hosts the record titled “Custom Search Spy Files On Thursday, December 1st, 2011 WikiLeaks began publishing The Spy Files, thousands of pages and other materials exposing the global mass surveillance industry. 15 September 2014”.","The document must be authenticated, dated, contextualised and corroborated before it supports an accusation.",registry-linked,source-id-link,1
relationship-8a8f0a4b920f1cebd2a2,published,source-wikileaks-publications,finding-87662194ba4a8529860adceb,wikileaks-publications,WikiLeaks — Publications,https://wikileaks.org//vault7/cherryblossom/,2026-07-11T12:51:11.789Z,2026-07-11T12:51:11.789Z,C,leak-or-document-lead,"The registered source published or hosts the record titled “Custom Search Vault 7: Cherry Blossom Today, June 15th 2017, WikiLeaks publishes documents from the CherryBlossom, a means of monitoring the Internet activity of and performing software exploits on Targets of interest.…”.","The document must be authenticated, dated, contextualised and corroborated before it supports an accusation.",registry-linked,source-id-link,1
relationship-2fd822c89def9913c9e5,published,source-wikileaks-publications,finding-90ed3341a5bc2039ae96a1bc,wikileaks-publications,WikiLeaks — Publications,https://wikileaks.org//vault7/bothanspy/,2026-07-11T12:51:11.789Z,2026-07-11T12:51:11.789Z,C,leak-or-document-lead,"The registered source published or hosts the record titled “Custom Search Vault 7: BothanSpy Today, July 6th, WikiLeaks publishes documents from the BothanSpy and Gyrfalcon projects of the CIA, designed to intercept and exfiltrate SSH credentials. 06 July 2017”.","The document must be authenticated, dated, contextualised and corroborated before it supports an accusation.",registry-linked,source-id-link,1
relationship-23aff2069f62579ac0ef,published,source-wikileaks-publications,finding-95e86e63d246d7f05f1e5c37,wikileaks-publications,WikiLeaks — Publications,https://wikileaks.org//vault7/dumbo/,2026-07-11T12:51:11.789Z,2026-07-11T12:51:11.789Z,C,leak-or-document-lead,"The registered source published or hosts the record titled “Custom Search Vault 7: Dumbo Today, August 3rd 2017 WikiLeaks publishes documents from the Dumbo project of the CIA, enabling a way to suspend processes utilizing webcams and corrupt any video recordings. 03 August 2017”.","The document must be authenticated, dated, contextualised and corroborated before it supports an accusation.",registry-linked,source-id-link,1
relationship-ce42f7134aa9fec72ca6,published,source-wikileaks-publications,finding-9f0a5a6d7c9bedbc74d31760,wikileaks-publications,WikiLeaks — Publications,https://wikileaks.org/+-Government-+.html,2026-07-11T12:51:11.789Z,2026-07-11T12:51:11.789Z,C,leak-or-document-lead,The registered source published or hosts the record titled “Government”.,"The document must be authenticated, dated, contextualised and corroborated before it supports an accusation.",registry-linked,source-id-link,1
relationship-2305a047fa90a85cb4f5,published,source-wikileaks-publications,finding-a32d2df93cd3181aa3afa538,wikileaks-publications,WikiLeaks — Publications,https://wikileaks.org//dnc-emails/,2026-07-11T12:51:11.789Z,2026-07-11T12:51:11.789Z,C,leak-or-document-lead,"The registered source published or hosts the record titled “Custom Search DNC Email Archive This releases contains 19,252 emails and 8,034 attachments from the top of the US Democratic National Committee (DNC) and is part of our Hillary Leaks series. The leaks come from the acco…”.","The document must be authenticated, dated, contextualised and corroborated before it supports an accusation.",registry-linked,source-id-link,1
relationship-2744f2c70a2fbb409893,published,source-wikileaks-publications,finding-a5be1f359c774cec28d4f695,wikileaks-publications,WikiLeaks — Publications,https://wikileaks.org//cia-travel,2026-07-11T12:51:11.789Z,2026-07-11T12:51:11.789Z,C,leak-or-document-lead,The registered source published or hosts the record titled “Custom Search CIA Series Two classified documents by a previously undisclosed CIA office detailing how to maintain cover while traveling through airports using false IDs. 21 December 2014”.,"The document must be authenticated, dated, contextualised and corroborated before it supports an accusation.",registry-linked,source-id-link,1
relationship-8d832649fc31bad8867d,published,source-wikileaks-publications,finding-a72f7c6c0ad6af53f37ce603,wikileaks-publications,WikiLeaks — Publications,https://our.wikileaks.org/,2026-07-11T12:51:11.789Z,2026-07-11T12:51:11.789Z,C,leak-or-document-lead,The registered source published or hosts the record titled “WL Research Community - user contributed research based on documents published by WikiLeaks.”.,"The document must be authenticated, dated, contextualised and corroborated before it supports an accusation.",registry-linked,source-id-link,1
relationship-cb03a08af1ec0515d2fd,published,source-wikileaks-publications,finding-a733d651738d9b5fb00a6137,wikileaks-publications,WikiLeaks — Publications,https://wikileaks.org//vault7/pandemic/,2026-07-11T12:51:11.789Z,2026-07-11T12:51:11.789Z,C,leak-or-document-lead,"The registered source published or hosts the record titled “Custom Search Vault 7: Pandemic Today, June 1st 2017, WikiLeaks publishes documents from the ""Pandemic"", a persistent implant for Microsoft Windows machines that share files in a local network. 01 June 2017”.","The document must be authenticated, dated, contextualised and corroborated before it supports an accusation.",registry-linked,source-id-link,1
relationship-abc97a28d6fe671506a2,published,source-wikileaks-publications,finding-ae8bec742bcfd76417dda139,wikileaks-publications,WikiLeaks — Publications,https://wikileaks.org//saudi-cables,2026-07-11T12:51:11.789Z,2026-07-11T12:51:11.789Z,C,leak-or-document-lead,The registered source published or hosts the record titled “Custom Search Saudi Cables Over half a million searchable cables and other documents from the Saudi Foreign Ministry including secret communications from various Saudi Embassies around the world. 26 November 2015”.,"The document must be authenticated, dated, contextualised and corroborated before it supports an accusation.",registry-linked,source-id-link,1
relationship-8db168b727e29b4fc374,published,source-wikileaks-publications,finding-b66370c902eb0dc3bf67ff24,wikileaks-publications,WikiLeaks — Publications,https://wikileaks.org//bnd-inquiry/,2026-07-11T12:51:11.789Z,2026-07-11T12:51:11.789Z,C,leak-or-document-lead,"The registered source published or hosts the record titled “Custom Search German BND-NSA Inquiry Exhibits Today, 1 December 2016, WikiLeaks releases 90 gigabytes of information relating to the German parliamentary inquiry into the surveillance activities of Germany's foreign int…”.","The document must be authenticated, dated, contextualised and corroborated before it supports an accusation.",registry-linked,source-id-link,1
relationship-00743a363dbd7329270b,published,source-wikileaks-publications,finding-b7a93a6cd63a6b0dd30cb633,wikileaks-publications,WikiLeaks — Publications,https://wikileaks.org//detaineepolicies,2026-07-11T12:51:11.789Z,2026-07-11T12:51:11.789Z,C,leak-or-document-lead,The registered source published or hosts the record titled “Custom Search Detainee Policies More than 100 classified or otherwise restricted files from the United States Department of Defense covering the rules and procedures for detainees in U.S. military custody. 03 December 2…”.,"The document must be authenticated, dated, contextualised and corroborated before it supports an accusation.",registry-linked,source-id-link,1
relationship-df052187d4216820702a,published,source-wikileaks-publications,finding-bcd74225adf67b8d3cc242a2,wikileaks-publications,WikiLeaks — Publications,https://wikileaks.org//macron-emails/,2026-07-11T12:51:11.789Z,2026-07-11T12:51:11.789Z,C,leak-or-document-lead,"The registered source published or hosts the record titled “Custom Search Macron Campaign Emails Today, Monday 31 July 2017, WikiLeaks publishes a searchable archive of 21,075 unique verified emails associated with the French presidential campaign of Emmanual Macron. 31 July 2017”.","The document must be authenticated, dated, contextualised and corroborated before it supports an accusation.",registry-linked,source-id-link,1
relationship-82d1b423b6441846051a,published,source-wikileaks-publications,finding-be3f515bda40afdb2c3fcd3c,wikileaks-publications,WikiLeaks — Publications,https://wikileaks.org//vault7/brutalkangaroo/,2026-07-11T12:51:11.789Z,2026-07-11T12:51:11.789Z,C,leak-or-document-lead,"The registered source published or hosts the record titled “Custom Search Vault 7: Brutal Kangaroo Today, June 22nd 2017, WikiLeaks publishes documents from the CIA project Brutal Kangaroo, that targets closed networks by air gap jumping using thumbdrives. 22 June 2017”.","The document must be authenticated, dated, contextualised and corroborated before it supports an accusation.",registry-linked,source-id-link,1
relationship-f63cf2c9d634d48d816f,published,source-wikileaks-publications,finding-c0a82e5877b47efca0adeb06,wikileaks-publications,WikiLeaks — Publications,https://wikileaks.org//sony/emails/,2026-07-11T12:51:11.789Z,2026-07-11T12:51:11.789Z,C,leak-or-document-lead,"The registered source published or hosts the record titled “Custom Search Sony Files 30,287 documents from Sony Pictures Entertainment (SPE) and 173,132 emails to and from more than 2,200 SPE email addresses. 16 April 2015”.","The document must be authenticated, dated, contextualised and corroborated before it supports an accusation.",registry-linked,source-id-link,1
relationship-fc7c81e485e77a8ba373,published,source-wikileaks-publications,finding-ce5c7a230101a62c14ce43d3,wikileaks-publications,WikiLeaks — Publications,https://wikileaks.org//clinton-emails/,2026-07-11T12:51:11.789Z,2026-07-11T12:51:11.789Z,C,leak-or-document-lead,The registered source published or hosts the record titled “Custom Search Hillary Clinton Email Archive A searchable archive for over 30 thousand emails & email attachments sent to and from Hillary Clinton's private email server while she was Secretary of State. *Updated* 04 Mar…”.,"The document must be authenticated, dated, contextualised and corroborated before it supports an accusation.",registry-linked,source-id-link,1
relationship-26bd7b5b09cfe632c01e,published,source-wikileaks-publications,finding-d74135099a3c51ad034adc4d,wikileaks-publications,WikiLeaks — Publications,https://wikileaks.org//ciav7p1,2026-07-11T12:51:11.789Z,2026-07-11T12:51:11.789Z,C,leak-or-document-lead,"The registered source published or hosts the record titled “Custom Search Vault 7: CIA Hacking Tools Revealed A series of leaks on the U.S. Central Intelligence Agency. Code-named ""Vault 7"" by WikiLeaks, it is the largest ever publication of confidential documents on the agency.…”.","The document must be authenticated, dated, contextualised and corroborated before it supports an accusation.",registry-linked,source-id-link,1
relationship-eefd5f161aea852f29db,published,source-wikileaks-publications,finding-e762106c808e258509c9efe4,wikileaks-publications,WikiLeaks — Publications,https://wikileaks.org//vault7/ucl/,2026-07-11T12:51:11.789Z,2026-07-11T12:51:11.789Z,C,leak-or-document-lead,"The registered source published or hosts the record titled “Custom Search Vault 7: UCL / Raytheon Today, July 19th 2017, WikiLeaks publishes documents from the CIA contractor Raytheon Blackbird Technologies for the ""UMBRAGE Component Library"" project. 19 July 2017”.","The document must be authenticated, dated, contextualised and corroborated before it supports an accusation.",registry-linked,source-id-link,1
relationship-4bc9056fb427cf690143,published,source-wikileaks-publications,finding-efb6032ad6e4de3959bffb0b,wikileaks-publications,WikiLeaks — Publications,https://wikileaks.org//hackingteam/emails/,2026-07-11T12:51:11.789Z,2026-07-11T12:51:11.789Z,C,leak-or-document-lead,The registered source published or hosts the record titled “Custom Search Hacking Team Over 1 million searchable emails from the Italian surveillance malware vendor Hacking Team. These internal emails show the inner workings of the controversial global surveillance industry. 08…”.,"The document must be authenticated, dated, contextualised and corroborated before it supports an accusation.",registry-linked,source-id-link,1
relationship-a94aee50a60ee7b8bf9d,published,source-wikileaks-publications,finding-f0873f197dece81e2cd9b593,wikileaks-publications,WikiLeaks — Publications,https://wikileaks.org//vault8/#Hive,2026-07-11T12:51:11.789Z,2026-07-11T12:51:11.789Z,C,leak-or-document-lead,"The registered source published or hosts the record titled “Custom Search Vault 8: Hive Today, 9. November 2017, WikiLeaks publishes the first source code repository related to a CIA project Hive from the Vault7 publication. 09 November 2017”.","The document must be authenticated, dated, contextualised and corroborated before it supports an accusation.",registry-linked,source-id-link,1
relationship-d06b949f60fa30ccbfa6,published,source-wikileaks-publications,finding-f1a568785c39f1e342f7f6c1,wikileaks-publications,WikiLeaks — Publications,https://wikileaks.org/+-Intelligence-+.html,2026-07-11T12:51:11.789Z,2026-07-11T12:51:11.789Z,C,leak-or-document-lead,The registered source published or hosts the record titled “Intelligence”.,"The document must be authenticated, dated, contextualised and corroborated before it supports an accusation.",registry-linked,source-id-link,1
relationship-8198edc454f33932ef47,retrievedFrom,document-1dd13bb46aace5b5f76aa596,source-sec-litigation-releases,sec-litigation-releases,U.S. Securities and Exchange Commission — Litigation Releases,https://www.sec.gov/files/litigation/litreleases/2026/judg26545-lloyd.pdf,,2026-07-11T13:06:17.977Z,B,document-retrieval,The document was retrieved from the stated source route and preserved by content hash.,"Extracted document text is an unreviewed source record. Searchability does not make an allegation true, establish guilt, authenticate every statement, or convert the document into a published finding.",unreviewed-source-document,document-provenance-link,1
relationship-1af2ce5a463d3d668abf,retrievedFrom,document-21062c3794165a26e8de0095,source-sec-litigation-releases,sec-litigation-releases,U.S. Securities and Exchange Commission — Litigation Releases,https://www.sec.gov/files/litigation/litreleases/2026/26526-final-judgment-bongiorno.pdf,,2026-07-11T13:06:17.977Z,B,document-retrieval,The document was retrieved from the stated source route and preserved by content hash.,"Extracted document text is an unreviewed source record. Searchability does not make an allegation true, establish guilt, authenticate every statement, or convert the document into a published finding.",unreviewed-source-document,document-provenance-link,1
relationship-f0c48f82d53ce5a55b86,retrievedFrom,document-4ed5cb53b53914104fe6240e,source-sec-litigation-releases,sec-litigation-releases,U.S. Securities and Exchange Commission — Litigation Releases,https://www.sec.gov/files/litigation/litreleases/2026/order26497.pdf,,2026-07-11T13:06:17.977Z,B,document-retrieval,The document was retrieved from the stated source route and preserved by content hash.,"Extracted document text is an unreviewed source record. Searchability does not make an allegation true, establish guilt, authenticate every statement, or convert the document into a published finding.",unreviewed-source-document,document-provenance-link,1
relationship-f6954f02578acfc53c5e,retrievedFrom,document-5cfcef7e6d9081a2f8b4cfc1,source-sec-litigation-releases,sec-litigation-releases,U.S. Securities and Exchange Commission — Litigation Releases,https://www.sec.gov/files/litigation/litreleases/2026/judg26502.pdf,,2026-07-11T13:06:17.977Z,B,document-retrieval,The document was retrieved from the stated source route and preserved by content hash.,"Extracted document text is an unreviewed source record. Searchability does not make an allegation true, establish guilt, authenticate every statement, or convert the document into a published finding.",unreviewed-source-document,document-provenance-link,1
relationship-ef49a0198d646600b4e5,retrievedFrom,document-5fb001c8d3d59b384a7b9d0e,source-sec-litigation-releases,sec-litigation-releases,U.S. Securities and Exchange Commission — Litigation Releases,https://www.sec.gov/files/litigation/litreleases/2026/judg26550.pdf,,2026-07-11T13:06:17.977Z,B,document-retrieval,The document was retrieved from the stated source route and preserved by content hash.,"Extracted document text is an unreviewed source record. Searchability does not make an allegation true, establish guilt, authenticate every statement, or convert the document into a published finding.",unreviewed-source-document,document-provenance-link,1
relationship-be2405bffcd8e04a599d,retrievedFrom,document-68517786b3f869614d6441d5,source-sec-litigation-releases,sec-litigation-releases,U.S. Securities and Exchange Commission — Litigation Releases,https://www.sec.gov/files/litigation/litreleases/2026/judg26549-daveglo.pdf,,2026-07-11T13:06:17.977Z,B,document-retrieval,The document was retrieved from the stated source route and preserved by content hash.,"Extracted document text is an unreviewed source record. Searchability does not make an allegation true, establish guilt, authenticate every statement, or convert the document into a published finding.",unreviewed-source-document,document-provenance-link,1
relationship-609bdfd360efaa756e64,retrievedFrom,document-6960ea14c65d98405708eb15,source-sec-litigation-releases,sec-litigation-releases,U.S. Securities and Exchange Commission — Litigation Releases,https://www.sec.gov/files/litigation/litreleases/2026/judg26506-suzee-han.pdf,,2026-07-11T13:06:17.977Z,B,document-retrieval,The document was retrieved from the stated source route and preserved by content hash.,"Extracted document text is an unreviewed source record. Searchability does not make an allegation true, establish guilt, authenticate every statement, or convert the document into a published finding.",unreviewed-source-document,document-provenance-link,1
relationship-0233068abd5532bcbd89,retrievedFrom,document-6f9f8bf79aaccb91ea301d46,source-federal-register-latest,federal-register-latest,Federal Register — Latest Documents,https://www.govinfo.gov/content/pkg/FR-2026-07-13/pdf/2026-14070.pdf,,2026-07-11T13:06:17.977Z,B,document-retrieval,The document was retrieved from the stated source route and preserved by content hash.,"Extracted document text is an unreviewed source record. Searchability does not make an allegation true, establish guilt, authenticate every statement, or convert the document into a published finding.",unreviewed-source-document,document-provenance-link,1
relationship-43e6833fe5e12c17f0a7,retrievedFrom,document-71075e23fe7038c517705773,source-sec-litigation-releases,sec-litigation-releases,U.S. Securities and Exchange Commission — Litigation Releases,https://www.sec.gov/files/litigation/litreleases/2026/judg26498-puzzullo.pdf,,2026-07-11T13:06:17.977Z,B,document-retrieval,The document was retrieved from the stated source route and preserved by content hash.,"Extracted document text is an unreviewed source record. Searchability does not make an allegation true, establish guilt, authenticate every statement, or convert the document into a published finding.",unreviewed-source-document,document-provenance-link,1
relationship-8d9d4ae7dda54564ad48,retrievedFrom,document-71a3a8053e182934a63d80e7,source-sec-litigation-releases,sec-litigation-releases,U.S. Securities and Exchange Commission — Litigation Releases,https://www.sec.gov/files/litigation/litreleases/2026/judg26498-chad-miller.pdf,,2026-07-11T13:06:17.977Z,B,document-retrieval,The document was retrieved from the stated source route and preserved by content hash.,"Extracted document text is an unreviewed source record. Searchability does not make an allegation true, establish guilt, authenticate every statement, or convert the document into a published finding.",unreviewed-source-document,document-provenance-link,1
relationship-54fe8093da3ab03ce1d1,retrievedFrom,document-aeb34da6588c7ea5d75c67e0,source-federal-register-latest,federal-register-latest,Federal Register — Latest Documents,https://public-inspection.federalregister.gov/2026-13996.pdf?1783601118,,2026-07-11T13:06:17.977Z,B,document-retrieval,The document was retrieved from the stated source route and preserved by content hash.,"Extracted document text is an unreviewed source record. Searchability does not make an allegation true, establish guilt, authenticate every statement, or convert the document into a published finding.",unreviewed-source-document,document-provenance-link,1
relationship-e8b66aab87bb7e310cc9,retrievedFrom,document-f57d360e4a64cc086c4022d2,source-sec-litigation-releases,sec-litigation-releases,U.S. Securities and Exchange Commission — Litigation Releases,https://www.sec.gov/files/litigation/litreleases/2026/judg26493.pdf,,2026-07-11T13:06:17.977Z,B,document-retrieval,The document was retrieved from the stated source route and preserved by content hash.,"Extracted document text is an unreviewed source record. Searchability does not make an allegation true, establish guilt, authenticate every statement, or convert the document into a published finding.",unreviewed-source-document,document-provenance-link,1
relationship-cd5b887685b40117c4ed,subjectOf,contract-05cc788c04ce0ebfc6f0,finding-2482c3e0241c7c7679a18cd1,usaspending-recent-contracts,USAspending.gov — Recent Contract Awards,https://www.usaspending.gov/award/95314226F0006,2026-08-01T00:00:00.000Z,2026-07-11T12:51:11.789Z,A,official-audit-finding,"The cited record is classified as concerning a contract, award, grant, tender or procurement matter.","Classification does not establish improper contracting, payment, ownership or corruption.",machine-classified-unreviewed,contract-keyword-classifier,0.72
relationship-583ed4f895add619b5bb,subjectOf,contract-065521b93c53b2664287,finding-5433e5239c297305b27d7262,usaspending-recent-contracts,USAspending.gov — Recent Contract Awards,https://www.usaspending.gov/award/DEDT0008326,2014-10-01T00:00:00.000Z,2026-07-11T12:51:11.789Z,B,record-update,"The cited record is classified as concerning a contract, award, grant, tender or procurement matter.","Classification does not establish improper contracting, payment, ownership or corruption.",machine-classified-unreviewed,contract-keyword-classifier,0.72
relationship-c8be7da5edd7acb47a8a,subjectOf,contract-0aaeeac223cb0d8187ce,finding-0fa0719ffda3f0e8adccffe5,usaspending-recent-contracts,USAspending.gov — Recent Contract Awards,https://www.usaspending.gov/award/HC101323FF709,2023-07-31T00:00:00.000Z,2026-07-11T12:51:11.789Z,B,record-update,"The cited record is classified as concerning a contract, award, grant, tender or procurement matter.","Classification does not establish improper contracting, payment, ownership or corruption.",machine-classified-unreviewed,contract-keyword-classifier,0.72
relationship-8eb1a6043604b265df86,subjectOf,contract-0ae2c0e77f7c91117a12,finding-0ff69e40e7eece162fe5c35c,usaspending-recent-contracts,USAspending.gov — Recent Contract Awards,https://www.usaspending.gov/award/89603026F0041,2026-07-01T00:00:00.000Z,2026-07-11T12:51:11.789Z,B,record-update,"The cited record is classified as concerning a contract, award, grant, tender or procurement matter.","Classification does not establish improper contracting, payment, ownership or corruption.",machine-classified-unreviewed,contract-keyword-classifier,0.72
relationship-233220d2809f861d16f1,subjectOf,contract-1310cb4b86555bbf49b7,finding-59440b4b6cc529687a64d545,sec-current-filings,U.S. Securities and Exchange Commission — Current EDGAR Filings,https://www.sec.gov/Archives/edgar/data/1251825/000106299326003613/0001062993-26-003613-index.htm,2026-07-11T00:09:26.000Z,2026-07-11T12:51:11.789Z,B,record-update,"The cited record is classified as concerning a contract, award, grant, tender or procurement matter.","Classification does not establish improper contracting, payment, ownership or corruption.",machine-classified-unreviewed,contract-keyword-classifier,0.72
relationship-2f8f355baeb97cf3f376,subjectOf,contract-13ca53e471d5ca3d34bd,finding-aab2511729587ed369faf67f,sec-current-filings,U.S. Securities and Exchange Commission — Current EDGAR Filings,https://www.sec.gov/Archives/edgar/data/1878390/000119312526301192/0001193125-26-301192-index.htm,2026-07-11T00:25:50.000Z,2026-07-11T12:51:11.789Z,B,record-update,"The cited record is classified as concerning a contract, award, grant, tender or procurement matter.","Classification does not establish improper contracting, payment, ownership or corruption.",machine-classified-unreviewed,contract-keyword-classifier,0.72
relationship-a27cfadaa237a965ac79,subjectOf,contract-14be4460743d50aca1ae,finding-a9fb8425f321f16b8fbbcf8e,sec-current-filings,U.S. Securities and Exchange Commission — Current EDGAR Filings,https://www.sec.gov/Archives/edgar/data/1279704/000110465926082761/0001104659-26-082761-index.htm,2026-07-11T01:00:13.000Z,2026-07-11T12:51:11.789Z,B,record-update,"The cited record is classified as concerning a contract, award, grant, tender or procurement matter.","Classification does not establish improper contracting, payment, ownership or corruption.",machine-classified-unreviewed,contract-keyword-classifier,0.72
relationship-4b5d0cbb0c046d754dbd,subjectOf,contract-14c89df1ca598ec79c59,finding-1ea7bb7a62240e86a0975044,sec-current-filings,U.S. Securities and Exchange Commission — Current EDGAR Filings,https://www.sec.gov/Archives/edgar/data/1779990/000110465926082758/0001104659-26-082758-index.htm,2026-07-11T00:00:17.000Z,2026-07-11T12:51:11.789Z,B,record-update,"The cited record is classified as concerning a contract, award, grant, tender or procurement matter.","Classification does not establish improper contracting, payment, ownership or corruption.",machine-classified-unreviewed,contract-keyword-classifier,0.72
relationship-568ea03a93df93bc8bfe,subjectOf,contract-16765a7a6eaa4dbb383b,finding-85457c16f47de2b6ce23ced0,usaspending-recent-contracts,USAspending.gov — Recent Contract Awards,https://www.usaspending.gov/award/VA118A13F0068,2013-07-18T00:00:00.000Z,2026-07-11T12:51:11.789Z,B,record-update,"The cited record is classified as concerning a contract, award, grant, tender or procurement matter.","Classification does not establish improper contracting, payment, ownership or corruption.",machine-classified-unreviewed,contract-keyword-classifier,0.72
relationship-123279a8a237682c18df,subjectOf,contract-18a131c386147cacda2a,finding-980364fb9251711ef8875c46,usaspending-recent-contracts,USAspending.gov — Recent Contract Awards,https://www.usaspending.gov/award/89303724FEM400308,2023-12-14T00:00:00.000Z,2026-07-11T12:51:11.789Z,B,record-update,"The cited record is classified as concerning a contract, award, grant, tender or procurement matter.","Classification does not establish improper contracting, payment, ownership or corruption.",machine-classified-unreviewed,contract-keyword-classifier,0.72
relationship-f20c5d551d78003cf01a,subjectOf,contract-1abe1d795b9af4d41e2e,finding-2e7d26952cdda0b56a26e7d3,usaspending-recent-contracts,USAspending.gov — Recent Contract Awards,https://www.usaspending.gov/award/89303924FEM000318,2024-07-25T00:00:00.000Z,2026-07-11T12:51:11.789Z,B,record-update,"The cited record is classified as concerning a contract, award, grant, tender or procurement matter.","Classification does not establish improper contracting, payment, ownership or corruption.",machine-classified-unreviewed,contract-keyword-classifier,0.72
relationship-26e6ee2b7b6c4e34554a,subjectOf,contract-20ba78cd1d5cfc96be9b,finding-06d57ac9c426b43aa36de519,usaspending-recent-contracts,USAspending.gov — Recent Contract Awards,https://www.usaspending.gov/award/89503626FSW400387,2026-07-09T00:00:00.000Z,2026-07-11T12:51:11.789Z,B,record-update,"The cited record is classified as concerning a contract, award, grant, tender or procurement matter.","Classification does not establish improper contracting, payment, ownership or corruption.",machine-classified-unreviewed,contract-keyword-classifier,0.72
relationship-6398e4cffdc14ebc699e,subjectOf,contract-228709408eff8236ffce,finding-c5f5b8ef0fa17a3fcbd4f46c,usaspending-recent-contracts,USAspending.gov — Recent Contract Awards,https://www.usaspending.gov/award/DTRT5717P80026,2017-01-01T00:00:00.000Z,2026-07-11T12:51:11.789Z,B,record-update,"The cited record is classified as concerning a contract, award, grant, tender or procurement matter.","Classification does not establish improper contracting, payment, ownership or corruption.",machine-classified-unreviewed,contract-keyword-classifier,0.72
relationship-2ffb1b0df6b997a6722b,subjectOf,contract-28be632c385bbb3e58ae,finding-7248ec9945f5759174b66e47,usaspending-recent-contracts,USAspending.gov — Recent Contract Awards,https://www.usaspending.gov/award/89603024F0052,2024-09-29T00:00:00.000Z,2026-07-11T12:51:11.789Z,B,record-update,"The cited record is classified as concerning a contract, award, grant, tender or procurement matter.","Classification does not establish improper contracting, payment, ownership or corruption.",machine-classified-unreviewed,contract-keyword-classifier,0.72
relationship-dd5b4a81b0f8c6bea341,subjectOf,contract-291e56859e60caece271,finding-e2905c0f54ffa868944f4a88,sec-current-filings,U.S. Securities and Exchange Commission — Current EDGAR Filings,https://www.sec.gov/Archives/edgar/data/1034842/000090514826003238/0000905148-26-003238-index.htm,2026-07-11T01:53:28.000Z,2026-07-11T12:51:11.789Z,B,record-update,"The cited record is classified as concerning a contract, award, grant, tender or procurement matter.","Classification does not establish improper contracting, payment, ownership or corruption.",machine-classified-unreviewed,contract-keyword-classifier,0.72
relationship-a2c03e40286cadfdb5a5,subjectOf,contract-298f01b5050774d7899e,finding-4874f97c8ccbd2378c2b7264,usaspending-recent-contracts,USAspending.gov — Recent Contract Awards,https://www.usaspending.gov/award/HHSO100201600009C,2016-06-17T00:00:00.000Z,2026-07-11T12:51:11.789Z,B,record-update,"The cited record is classified as concerning a contract, award, grant, tender or procurement matter.","Classification does not establish improper contracting, payment, ownership or corruption.",machine-classified-unreviewed,contract-keyword-classifier,0.72
relationship-1afd9a1a49ce05baa42d,subjectOf,contract-2992b9e95a61e3372689,finding-4b6b6ccdb27016aa851359c1,usaspending-recent-contracts,USAspending.gov — Recent Contract Awards,https://www.usaspending.gov/award/HHSN261201700238P,2017-04-04T00:00:00.000Z,2026-07-11T12:51:11.789Z,B,record-update,"The cited record is classified as concerning a contract, award, grant, tender or procurement matter.","Classification does not establish improper contracting, payment, ownership or corruption.",machine-classified-unreviewed,contract-keyword-classifier,0.72
relationship-a45a9643803ccc21d1cf,subjectOf,contract-29aa8920c45cefb4feef,finding-c5c56a3c14263196795d0728,usaspending-recent-contracts,USAspending.gov — Recent Contract Awards,https://www.usaspending.gov/award/91990018C0057,2018-09-27T00:00:00.000Z,2026-07-11T12:51:11.789Z,B,record-update,"The cited record is classified as concerning a contract, award, grant, tender or procurement matter.","Classification does not establish improper contracting, payment, ownership or corruption.",machine-classified-unreviewed,contract-keyword-classifier,0.72
relationship-f7fee108b9e7386c8b4d,subjectOf,contract-2ba0420f9e179d3617ff,finding-40f1cc536bb9be84a44e68a2,usaspending-recent-contracts,USAspending.gov — Recent Contract Awards,https://www.usaspending.gov/award/89503223FWA400392,2023-08-10T00:00:00.000Z,2026-07-11T12:51:11.789Z,B,record-update,"The cited record is classified as concerning a contract, award, grant, tender or procurement matter.","Classification does not establish improper contracting, payment, ownership or corruption.",machine-classified-unreviewed,contract-keyword-classifier,0.72
relationship-a9a60d3a36027b3eca7e,subjectOf,contract-2e2b6ef0887d2beeade0,finding-e73b6048f1dd4f5716928e81,usaspending-recent-contracts,USAspending.gov — Recent Contract Awards,https://www.usaspending.gov/award/HC108426FB095,2026-07-23T00:00:00.000Z,2026-07-11T12:51:11.789Z,B,record-update,"The cited record is classified as concerning a contract, award, grant, tender or procurement matter.","Classification does not establish improper contracting, payment, ownership or corruption.",machine-classified-unreviewed,contract-keyword-classifier,0.72
relationship-082d5d59111f6012ee2c,subjectOf,contract-2e68cc1dfed5d2241c4d,finding-1fc0b635ff3a51cf5aa0fa01,sec-current-filings,U.S. Securities and Exchange Commission — Current EDGAR Filings,https://www.sec.gov/Archives/edgar/data/1645600/000090514826003238/0000905148-26-003238-index.htm,2026-07-11T01:53:28.000Z,2026-07-11T12:51:11.789Z,B,record-update,"The cited record is classified as concerning a contract, award, grant, tender or procurement matter.","Classification does not establish improper contracting, payment, ownership or corruption.",machine-classified-unreviewed,contract-keyword-classifier,0.72
relationship-c1d7799955c91e891e27,subjectOf,contract-2ee6ea180de32e973799,finding-0e08f9e9a801438956378956,usaspending-recent-contracts,USAspending.gov — Recent Contract Awards,https://www.usaspending.gov/award/89503025FWA401087,2025-09-22T00:00:00.000Z,2026-07-11T12:51:11.789Z,B,record-update,"The cited record is classified as concerning a contract, award, grant, tender or procurement matter.","Classification does not establish improper contracting, payment, ownership or corruption.",machine-classified-unreviewed,contract-keyword-classifier,0.72
relationship-18f8b0c108e57bc8acc8,subjectOf,contract-31937e710053c7065dcb,finding-addc61adad5aa09acfd38c78,usaspending-recent-contracts,USAspending.gov — Recent Contract Awards,https://www.usaspending.gov/award/DEAC0576RL01830,1978-09-15T00:00:00.000Z,2026-07-11T12:51:11.789Z,B,record-update,"The cited record is classified as concerning a contract, award, grant, tender or procurement matter.","Classification does not establish improper contracting, payment, ownership or corruption.",machine-classified-unreviewed,contract-keyword-classifier,0.72
relationship-a57b3f2ecc713f74ea5a,subjectOf,contract-38c75d2dfdd8f4af0aba,finding-32572fd8b2e92da7640e3aec,sec-current-filings,U.S. Securities and Exchange Commission — Current EDGAR Filings,https://www.sec.gov/Archives/edgar/data/2052959/000119312526301179/0001193125-26-301179-index.htm,2026-07-11T00:00:03.000Z,2026-07-11T12:51:11.789Z,B,record-update,"The cited record is classified as concerning a contract, award, grant, tender or procurement matter.","Classification does not establish improper contracting, payment, ownership or corruption.",machine-classified-unreviewed,contract-keyword-classifier,0.72
relationship-e850a364ebb3fbb6888f,subjectOf,contract-3a16eebf47ffb9204f84,finding-0c4fa394dfc4a64387d552b3,usaspending-recent-contracts,USAspending.gov — Recent Contract Awards,https://www.usaspending.gov/award/89503426PWA002324,2026-07-08T00:00:00.000Z,2026-07-11T12:51:11.789Z,B,record-update,"The cited record is classified as concerning a contract, award, grant, tender or procurement matter.","Classification does not establish improper contracting, payment, ownership or corruption.",machine-classified-unreviewed,contract-keyword-classifier,0.72
relationship-4d437e48835bf746e770,subjectOf,contract-3b5ea075c8ed03c67e21,finding-677c432e6454f2e13ee87ccc,sec-current-filings,U.S. Securities and Exchange Commission — Current EDGAR Filings,https://www.sec.gov/Archives/edgar/data/1665418/000119312526301192/0001193125-26-301192-index.htm,2026-07-11T00:25:50.000Z,2026-07-11T12:51:11.789Z,B,record-update,"The cited record is classified as concerning a contract, award, grant, tender or procurement matter.","Classification does not establish improper contracting, payment, ownership or corruption.",machine-classified-unreviewed,contract-keyword-classifier,0.72
relationship-8284be1782907a3bdfa9,subjectOf,contract-3b63bc3fc61f4d8b615a,finding-eb888e921836d03ba1019eac,sec-current-filings,U.S. Securities and Exchange Commission — Current EDGAR Filings,https://www.sec.gov/Archives/edgar/data/2144955/000214495526000001/0002144955-26-000001-index.htm,2026-07-10T23:51:26.000Z,2026-07-11T12:51:11.789Z,B,record-update,"The cited record is classified as concerning a contract, award, grant, tender or procurement matter.","Classification does not establish improper contracting, payment, ownership or corruption.",machine-classified-unreviewed,contract-keyword-classifier,0.72
relationship-3b8e93e6d4292697a5e4,subjectOf,contract-3c334923298e79d499be,finding-6b3bab2b0e38b99f5bb0a056,usaspending-recent-contracts,USAspending.gov — Recent Contract Awards,https://www.usaspending.gov/award/95900622C0004,2022-02-19T00:00:00.000Z,2026-07-11T12:51:11.789Z,B,record-update,"The cited record is classified as concerning a contract, award, grant, tender or procurement matter.","Classification does not establish improper contracting, payment, ownership or corruption.",machine-classified-unreviewed,contract-keyword-classifier,0.72
relationship-c3ef3a2d8eac55efa0e0,subjectOf,contract-4410ad768e35e1b643b3,finding-889527d73fe3b84f7154851e,usaspending-recent-contracts,USAspending.gov — Recent Contract Awards,https://www.usaspending.gov/award/89303924FEM000326,2024-08-12T00:00:00.000Z,2026-07-11T12:51:11.789Z,B,record-update,"The cited record is classified as concerning a contract, award, grant, tender or procurement matter.","Classification does not establish improper contracting, payment, ownership or corruption.",machine-classified-unreviewed,contract-keyword-classifier,0.72
relationship-aa0d428a28392c03fdf1,subjectOf,contract-450e8f3b0db8f3893c83,finding-89226eace5537d9294eaa675,usaspending-recent-contracts,USAspending.gov — Recent Contract Awards,https://www.usaspending.gov/award/89503226PWA000631,2026-06-29T00:00:00.000Z,2026-07-11T12:51:11.789Z,B,record-update,"The cited record is classified as concerning a contract, award, grant, tender or procurement matter.","Classification does not establish improper contracting, payment, ownership or corruption.",machine-classified-unreviewed,contract-keyword-classifier,0.72
relationship-7238e69af907515980ca,subjectOf,contract-49ada1ae5d0e38b6fe65,finding-c26faf4e8dfe5ddfefbbb5db,usaspending-recent-contracts,USAspending.gov — Recent Contract Awards,https://www.usaspending.gov/award/89503224CWA000103,2024-05-15T00:00:00.000Z,2026-07-11T12:51:11.789Z,B,record-update,"The cited record is classified as concerning a contract, award, grant, tender or procurement matter.","Classification does not establish improper contracting, payment, ownership or corruption.",machine-classified-unreviewed,contract-keyword-classifier,0.72
relationship-cc9f1e3c3989fee9dd75,subjectOf,contract-4c2c65f7974d57814a01,finding-d19795d12e6207d2119fb57c,sec-current-filings,U.S. Securities and Exchange Commission — Current EDGAR Filings,https://www.sec.gov/Archives/edgar/data/1850148/000119312526301199/0001193125-26-301199-index.htm,2026-07-11T00:30:04.000Z,2026-07-11T12:51:11.789Z,B,record-update,"The cited record is classified as concerning a contract, award, grant, tender or procurement matter.","Classification does not establish improper contracting, payment, ownership or corruption.",machine-classified-unreviewed,contract-keyword-classifier,0.72
relationship-d25ae99dd10c5d5d159b,subjectOf,contract-4ebd622bbb45947318fb,finding-f63e6c55355c28cd56433171,usaspending-recent-contracts,USAspending.gov — Recent Contract Awards,https://www.usaspending.gov/award/91003125F0023,2025-03-12T00:00:00.000Z,2026-07-11T12:51:11.789Z,B,record-update,"The cited record is classified as concerning a contract, award, grant, tender or procurement matter.","Classification does not establish improper contracting, payment, ownership or corruption.",machine-classified-unreviewed,contract-keyword-classifier,0.72
relationship-4a29bca3437ee8c60b7e,subjectOf,contract-521eae75cb89ffe03fa1,finding-4a7d75ee207fe677780fc053,usaspending-recent-contracts,USAspending.gov — Recent Contract Awards,https://www.usaspending.gov/award/DTFA0101CA0065CALL0001,2001-06-18T00:00:00.000Z,2026-07-11T12:51:11.789Z,B,record-update,"The cited record is classified as concerning a contract, award, grant, tender or procurement matter.","Classification does not establish improper contracting, payment, ownership or corruption.",machine-classified-unreviewed,contract-keyword-classifier,0.72
relationship-005b7a2b0f64f32b9094,subjectOf,contract-57570bdedc0b86c2fe9d,finding-e8f82512ea94077d82a25012,usaspending-recent-contracts,USAspending.gov — Recent Contract Awards,https://www.usaspending.gov/award/9531BM25F0037,2025-08-01T00:00:00.000Z,2026-07-11T12:51:11.789Z,B,record-update,"The cited record is classified as concerning a contract, award, grant, tender or procurement matter.","Classification does not establish improper contracting, payment, ownership or corruption.",machine-classified-unreviewed,contract-keyword-classifier,0.72
relationship-9777cd4e5c5b1d2a75e1,subjectOf,contract-58560c091d5525de6421,finding-17024a9fdb6b12fd58e505e0,usaspending-recent-contracts,USAspending.gov — Recent Contract Awards,https://www.usaspending.gov/award/DEAC0276SF00515,1978-11-20T00:00:00.000Z,2026-07-11T12:51:11.789Z,B,record-update,"The cited record is classified as concerning a contract, award, grant, tender or procurement matter.","Classification does not establish improper contracting, payment, ownership or corruption.",machine-classified-unreviewed,contract-keyword-classifier,0.72
relationship-406ebfd66e177ba87a19,subjectOf,contract-58bdb089c1e7a5292648,finding-4a494f48e9bba61b49dd6917,usaspending-recent-contracts,USAspending.gov — Recent Contract Awards,https://www.usaspending.gov/award/91996025P0013,2024-11-01T00:00:00.000Z,2026-07-11T12:51:11.789Z,B,record-update,"The cited record is classified as concerning a contract, award, grant, tender or procurement matter.","Classification does not establish improper contracting, payment, ownership or corruption.",machine-classified-unreviewed,contract-keyword-classifier,0.72
relationship-bb18e29501e78e4eaf30,subjectOf,contract-58c61a5a9a22d92f83d5,finding-45f8bf051ace1af0359d376a,usaspending-recent-contracts,USAspending.gov — Recent Contract Awards,https://www.usaspending.gov/award/91990020F0039,2020-08-12T00:00:00.000Z,2026-07-11T12:51:11.789Z,B,record-update,"The cited record is classified as concerning a contract, award, grant, tender or procurement matter.","Classification does not establish improper contracting, payment, ownership or corruption.",machine-classified-unreviewed,contract-keyword-classifier,0.72
relationship-672ac1c139d8d06bcba2,subjectOf,contract-5c426520fb49ba2d63e6,finding-21cff0ca475c04fd164d34c6,usaspending-recent-contracts,USAspending.gov — Recent Contract Awards,https://www.usaspending.gov/award/DTFACT15D00003CALL0002,2015-11-03T00:00:00.000Z,2026-07-11T12:51:11.789Z,B,record-update,"The cited record is classified as concerning a contract, award, grant, tender or procurement matter.","Classification does not establish improper contracting, payment, ownership or corruption.",machine-classified-unreviewed,contract-keyword-classifier,0.72
relationship-b76f537c09f10cc53423,subjectOf,contract-5dbeacd00a4b1926bf6a,finding-f23de16432822daf7c6c73a5,usaspending-recent-contracts,USAspending.gov — Recent Contract Awards,https://www.usaspending.gov/award/91003121F0007,2021-04-01T00:00:00.000Z,2026-07-11T12:51:11.789Z,B,record-update,"The cited record is classified as concerning a contract, award, grant, tender or procurement matter.","Classification does not establish improper contracting, payment, ownership or corruption.",machine-classified-unreviewed,contract-keyword-classifier,0.72
relationship-0a242a0b57e8744027fc,subjectOf,contract-5f01882c440b098189b1,finding-bbb7e088febd82bee63a6794,sec-current-filings,U.S. Securities and Exchange Commission — Current EDGAR Filings,https://www.sec.gov/Archives/edgar/data/1776719/000119312526301192/0001193125-26-301192-index.htm,2026-07-11T00:25:50.000Z,2026-07-11T12:51:11.789Z,B,record-update,"The cited record is classified as concerning a contract, award, grant, tender or procurement matter.","Classification does not establish improper contracting, payment, ownership or corruption.",machine-classified-unreviewed,contract-keyword-classifier,0.72
relationship-76753e281b2042fdd7fe,subjectOf,contract-60a402d9c5d57131ddc8,finding-b68c1d0dacb092399a8fddea,sec-current-filings,U.S. Securities and Exchange Commission — Current EDGAR Filings,https://www.sec.gov/Archives/edgar/data/1789029/000119312526301199/0001193125-26-301199-index.htm,2026-07-11T00:30:04.000Z,2026-07-11T12:51:11.789Z,B,record-update,"The cited record is classified as concerning a contract, award, grant, tender or procurement matter.","Classification does not establish improper contracting, payment, ownership or corruption.",machine-classified-unreviewed,contract-keyword-classifier,0.72
relationship-f1a9de7eae7fb22266ed,subjectOf,contract-60d7b4d5c7a058a247cc,finding-ff3f58e21c1102743fa06722,sec-current-filings,U.S. Securities and Exchange Commission — Current EDGAR Filings,https://www.sec.gov/Archives/edgar/data/1259603/000119312526301192/0001193125-26-301192-index.htm,2026-07-11T00:25:50.000Z,2026-07-11T12:51:11.789Z,B,record-update,"The cited record is classified as concerning a contract, award, grant, tender or procurement matter.","Classification does not establish improper contracting, payment, ownership or corruption.",machine-classified-unreviewed,contract-keyword-classifier,0.72
relationship-d47f11ae51f7505312d5,subjectOf,contract-61098a08172390ab284e,finding-d523f573454d7107b54eee44,usaspending-recent-contracts,USAspending.gov — Recent Contract Awards,https://www.usaspending.gov/award/9531CB26F0031,2026-07-08T00:00:00.000Z,2026-07-11T12:51:11.789Z,B,record-update,"The cited record is classified as concerning a contract, award, grant, tender or procurement matter.","Classification does not establish improper contracting, payment, ownership or corruption.",machine-classified-unreviewed,contract-keyword-classifier,0.72
relationship-ed74fd0f58bdf30bd46a,subjectOf,contract-65081d0d35ed7c243896,finding-ab7b2cf392766b74da6ff222,usaspending-recent-contracts,USAspending.gov — Recent Contract Awards,https://www.usaspending.gov/award/89503223PWA000396,2023-02-06T00:00:00.000Z,2026-07-11T12:51:11.789Z,B,record-update,"The cited record is classified as concerning a contract, award, grant, tender or procurement matter.","Classification does not establish improper contracting, payment, ownership or corruption.",machine-classified-unreviewed,contract-keyword-classifier,0.72
relationship-6dd5c01e959cf381a5ca,subjectOf,contract-65bae170f104e7e3acbf,finding-e497bfc368cbe5342781e900,usaspending-recent-contracts,USAspending.gov — Recent Contract Awards,https://www.usaspending.gov/award/DTFAWA12C00055,2012-09-13T00:00:00.000Z,2026-07-11T12:51:11.789Z,B,record-update,"The cited record is classified as concerning a contract, award, grant, tender or procurement matter.","Classification does not establish improper contracting, payment, ownership or corruption.",machine-classified-unreviewed,contract-keyword-classifier,0.72
relationship-8d1eceb3ad506f46790d,subjectOf,contract-67a981294c1910d09cba,finding-b21aa5ba63b54271e26d8f57,sec-current-filings,U.S. Securities and Exchange Commission — Current EDGAR Filings,https://www.sec.gov/Archives/edgar/data/1757072/000175707226000007/0001757072-26-000007-index.htm,2026-07-10T23:59:49.000Z,2026-07-11T12:51:11.789Z,B,record-update,"The cited record is classified as concerning a contract, award, grant, tender or procurement matter.","Classification does not establish improper contracting, payment, ownership or corruption.",machine-classified-unreviewed,contract-keyword-classifier,0.72
relationship-83df6a9a27b4fd4b34cc,subjectOf,contract-68be7433329a87ab31a1,finding-b4f55419591f8b3ec1df520b,sec-current-filings,U.S. Securities and Exchange Commission — Current EDGAR Filings,https://www.sec.gov/Archives/edgar/data/1817713/000186415826000004/0001864158-26-000004-index.htm,2026-07-11T00:00:05.000Z,2026-07-11T12:51:11.789Z,B,record-update,"The cited record is classified as concerning a contract, award, grant, tender or procurement matter.","Classification does not establish improper contracting, payment, ownership or corruption.",machine-classified-unreviewed,contract-keyword-classifier,0.72
relationship-a949e1a0f3cf9d38e1c9,subjectOf,contract-6ccdac1f88879417fa7e,finding-2460309f68c1e9a813f4eb8b,usaspending-recent-contracts,USAspending.gov — Recent Contract Awards,https://www.usaspending.gov/award/HC101326FB624,2026-07-13T00:00:00.000Z,2026-07-11T12:51:11.789Z,B,record-update,"The cited record is classified as concerning a contract, award, grant, tender or procurement matter.","Classification does not establish improper contracting, payment, ownership or corruption.",machine-classified-unreviewed,contract-keyword-classifier,0.72
relationship-3796105b605e998ea12b,subjectOf,contract-6e4dbbf1b29255e8bb34,finding-91e1274311a70a5c04830917,sec-current-filings,U.S. Securities and Exchange Commission — Current EDGAR Filings,https://www.sec.gov/Archives/edgar/data/1742455/000119312526301192/0001193125-26-301192-index.htm,2026-07-11T00:25:50.000Z,2026-07-11T12:51:11.789Z,B,record-update,"The cited record is classified as concerning a contract, award, grant, tender or procurement matter.","Classification does not establish improper contracting, payment, ownership or corruption.",machine-classified-unreviewed,contract-keyword-classifier,0.72
relationship-3f8d9ab8fd8352f46a64,subjectOf,contract-6e8ed2f50d3bdc17ca9d,finding-816524053f328bb094e49d9a,usaspending-recent-contracts,USAspending.gov — Recent Contract Awards,https://www.usaspending.gov/award/91990026F0024,2026-03-22T00:00:00.000Z,2026-07-11T12:51:11.789Z,B,record-update,"The cited record is classified as concerning a contract, award, grant, tender or procurement matter.","Classification does not establish improper contracting, payment, ownership or corruption.",machine-classified-unreviewed,contract-keyword-classifier,0.72
relationship-1cc78ec75b6f9b99c78a,subjectOf,contract-72dae438a21ae841a9c3,finding-f5497ef2a6ad9b039bbb4c17,usaspending-recent-contracts,USAspending.gov — Recent Contract Awards,https://www.usaspending.gov/award/91990025C0055,2025-04-01T00:00:00.000Z,2026-07-11T12:51:11.789Z,B,record-update,"The cited record is classified as concerning a contract, award, grant, tender or procurement matter.","Classification does not establish improper contracting, payment, ownership or corruption.",machine-classified-unreviewed,contract-keyword-classifier,0.72
relationship-4401f4b66944c5d8fa89,subjectOf,contract-74ab1b5def5e9a61d26d,finding-d3589cf045e6d530b37381a9,usaspending-recent-contracts,USAspending.gov — Recent Contract Awards,https://www.usaspending.gov/award/HC101326FB587,2026-08-21T00:00:00.000Z,2026-07-11T12:51:11.789Z,B,record-update,"The cited record is classified as concerning a contract, award, grant, tender or procurement matter.","Classification does not establish improper contracting, payment, ownership or corruption.",machine-classified-unreviewed,contract-keyword-classifier,0.72
relationship-7aee43d27a7adfd0a4c3,subjectOf,contract-762560e99f6b66b71afb,finding-298e9e87f5417f0c024e390c,sec-current-filings,U.S. Securities and Exchange Commission — Current EDGAR Filings,https://www.sec.gov/Archives/edgar/data/1648710/000119312526301192/0001193125-26-301192-index.htm,2026-07-11T00:25:50.000Z,2026-07-11T12:51:11.789Z,B,record-update,"The cited record is classified as concerning a contract, award, grant, tender or procurement matter.","Classification does not establish improper contracting, payment, ownership or corruption.",machine-classified-unreviewed,contract-keyword-classifier,0.72
relationship-a2e7a855fcf91514f525,subjectOf,contract-7a7c6809a839efeaa99d,finding-e28b45a27fd076768d165e35,federal-register-latest,Federal Register — Latest Documents,https://www.federalregister.gov/documents/2026/07/13/2026-14051/agency-information-collection-activities-proposed-collection-public-comment-request-information,2026-07-13T00:00:00.000Z,2026-07-11T12:51:11.789Z,B,record-update,"The cited record is classified as concerning a contract, award, grant, tender or procurement matter.","Classification does not establish improper contracting, payment, ownership or corruption.",machine-classified-unreviewed,contract-keyword-classifier,0.72
relationship-e63337a353ae760940e0,subjectOf,contract-8117f68403dceb4e5852,finding-788d34968a553c21b453392e,doj-oig-reports,U.S. Department of Justice Office of Inspector General — Reports,https://oig.justice.gov/reports/audit-utilization-office-violence-against-womens-stop-services-training-officers-and,2026-07-11T12:51:11.789Z,2026-07-11T12:51:11.789Z,A,official-audit-finding,"The cited record is classified as concerning a contract, award, grant, tender or procurement matter.","Classification does not establish improper contracting, payment, ownership or corruption.",machine-classified-unreviewed,contract-keyword-classifier,0.72
relationship-5548d751a0f654e8441b,subjectOf,contract-81e5b51652cabd78371b,finding-4760d05f4604f7599f2447d3,usaspending-recent-contracts,USAspending.gov — Recent Contract Awards,https://www.usaspending.gov/award/VA25017F3742,2017-07-08T00:00:00.000Z,2026-07-11T12:51:11.789Z,B,record-update,"The cited record is classified as concerning a contract, award, grant, tender or procurement matter.","Classification does not establish improper contracting, payment, ownership or corruption.",machine-classified-unreviewed,contract-keyword-classifier,0.72
relationship-e960c967b262c0803a9f,subjectOf,contract-83413fec1755f85c8dc1,finding-d788c182281f2d6505299ad8,sec-current-filings,U.S. Securities and Exchange Commission — Current EDGAR Filings,https://www.sec.gov/Archives/edgar/data/1789029/000119312526301198/0001193125-26-301198-index.htm,2026-07-11T00:30:03.000Z,2026-07-11T12:51:11.789Z,B,record-update,"The cited record is classified as concerning a contract, award, grant, tender or procurement matter.","Classification does not establish improper contracting, payment, ownership or corruption.",machine-classified-unreviewed,contract-keyword-classifier,0.72
relationship-0f3f89ea81c58a39fb5a,subjectOf,contract-84fab9842131b0e748ae,finding-f35db6e60371b21543fc4400,usaspending-recent-contracts,USAspending.gov — Recent Contract Awards,https://www.usaspending.gov/award/89303924FEM000296,2024-05-01T00:00:00.000Z,2026-07-11T12:51:11.789Z,B,record-update,"The cited record is classified as concerning a contract, award, grant, tender or procurement matter.","Classification does not establish improper contracting, payment, ownership or corruption.",machine-classified-unreviewed,contract-keyword-classifier,0.72
relationship-2a790f13849274a19af2,subjectOf,contract-86a8ba66d7ec32b7c7a1,finding-79083a9a1130332112c5b59e,usaspending-recent-contracts,USAspending.gov — Recent Contract Awards,https://www.usaspending.gov/award/91003122C0007,2022-07-15T00:00:00.000Z,2026-07-11T12:51:11.789Z,B,record-update,"The cited record is classified as concerning a contract, award, grant, tender or procurement matter.","Classification does not establish improper contracting, payment, ownership or corruption.",machine-classified-unreviewed,contract-keyword-classifier,0.72
relationship-60ff75525476e18f0e40,subjectOf,contract-8b7858597f9f1d4472bc,finding-1ce83f5449e72a28aa68969a,usaspending-recent-contracts,USAspending.gov — Recent Contract Awards,https://www.usaspending.gov/award/89303126FEM400487,2026-07-09T00:00:00.000Z,2026-07-11T12:51:11.789Z,B,record-update,"The cited record is classified as concerning a contract, award, grant, tender or procurement matter.","Classification does not establish improper contracting, payment, ownership or corruption.",machine-classified-unreviewed,contract-keyword-classifier,0.72
relationship-d976e8c7ac21dbeaa588,subjectOf,contract-8df41969aefa4ee44011,finding-de9879583e3b80a5347773e8,usaspending-recent-contracts,USAspending.gov — Recent Contract Awards,https://www.usaspending.gov/award/89303126FEM400486,2026-07-08T00:00:00.000Z,2026-07-11T12:51:11.789Z,B,record-update,"The cited record is classified as concerning a contract, award, grant, tender or procurement matter.","Classification does not establish improper contracting, payment, ownership or corruption.",machine-classified-unreviewed,contract-keyword-classifier,0.72
relationship-1c9ba1b08ae9b87ad1e1,subjectOf,contract-9148b0ee66753d06c3e8,finding-af910276ebbeb5dbdb2388cc,usaspending-recent-contracts,USAspending.gov — Recent Contract Awards,https://www.usaspending.gov/award/89503225CWA000116,2025-07-01T00:00:00.000Z,2026-07-11T12:51:11.789Z,B,record-update,"The cited record is classified as concerning a contract, award, grant, tender or procurement matter.","Classification does not establish improper contracting, payment, ownership or corruption.",machine-classified-unreviewed,contract-keyword-classifier,0.72
relationship-c17bb8a52ecdd3b14a48,subjectOf,contract-91ae52334e155b39af91,finding-59f69b54987e0e81b6bfddb4,usaspending-recent-contracts,USAspending.gov — Recent Contract Awards,https://www.usaspending.gov/award/89303125FEM400426,2025-09-04T00:00:00.000Z,2026-07-11T12:51:11.789Z,B,record-update,"The cited record is classified as concerning a contract, award, grant, tender or procurement matter.","Classification does not establish improper contracting, payment, ownership or corruption.",machine-classified-unreviewed,contract-keyword-classifier,0.72
relationship-c8e6b924487466f0d9d8,subjectOf,contract-935d4d160f9ea457287c,finding-d64bacebc4e38bad65fdf635,sec-current-filings,U.S. Securities and Exchange Commission — Current EDGAR Filings,https://www.sec.gov/Archives/edgar/data/2122176/000106299326003615/0001062993-26-003615-index.htm,2026-07-11T01:08:27.000Z,2026-07-11T12:51:11.789Z,B,record-update,"The cited record is classified as concerning a contract, award, grant, tender or procurement matter.","Classification does not establish improper contracting, payment, ownership or corruption.",machine-classified-unreviewed,contract-keyword-classifier,0.72
relationship-4c43292d63f30b531089,subjectOf,contract-94ec66a152d25ff8ef85,finding-72696ec32e1dbd8eab13d2cf,usaspending-recent-contracts,USAspending.gov — Recent Contract Awards,https://www.usaspending.gov/award/95C67826P0277,2026-07-08T00:00:00.000Z,2026-07-11T12:51:11.789Z,B,document-release,"The cited record is classified as concerning a contract, award, grant, tender or procurement matter.","Classification does not establish improper contracting, payment, ownership or corruption.",machine-classified-unreviewed,contract-keyword-classifier,0.72
relationship-aeeef2cdfa170247b25b,subjectOf,contract-964f504cade5b9182945,finding-ceea92723ecaa0669313d213,sec-current-filings,U.S. Securities and Exchange Commission — Current EDGAR Filings,https://www.sec.gov/Archives/edgar/data/1368801/000122520826006582/0001225208-26-006582-index.htm,2026-07-10T23:58:05.000Z,2026-07-11T12:51:11.789Z,B,record-update,"The cited record is classified as concerning a contract, award, grant, tender or procurement matter.","Classification does not establish improper contracting, payment, ownership or corruption.",machine-classified-unreviewed,contract-keyword-classifier,0.72
relationship-0d8e86bea62510ce8095,subjectOf,contract-97351b5c2b4ca667cd70,finding-2bb9488f27ba1953a2303978,usaspending-recent-contracts,USAspending.gov — Recent Contract Awards,https://www.usaspending.gov/award/89303126FEM400485,2026-07-08T00:00:00.000Z,2026-07-11T12:51:11.789Z,B,record-update,"The cited record is classified as concerning a contract, award, grant, tender or procurement matter.","Classification does not establish improper contracting, payment, ownership or corruption.",machine-classified-unreviewed,contract-keyword-classifier,0.72
relationship-43ae510ab9afc9f397f4,subjectOf,contract-9765e0236457046f43aa,finding-5539707ef2c1c09dd75a39c3,sec-current-filings,U.S. Securities and Exchange Commission — Current EDGAR Filings,https://www.sec.gov/Archives/edgar/data/1974640/000110465926082758/0001104659-26-082758-index.htm,2026-07-11T00:00:17.000Z,2026-07-11T12:51:11.789Z,B,record-update,"The cited record is classified as concerning a contract, award, grant, tender or procurement matter.","Classification does not establish improper contracting, payment, ownership or corruption.",machine-classified-unreviewed,contract-keyword-classifier,0.72
relationship-22956324dd482e57310a,subjectOf,contract-98cb0c06206dad6b6ffe,finding-2f73bb3133cd5dc5a95364b3,usaspending-recent-contracts,USAspending.gov — Recent Contract Awards,https://www.usaspending.gov/award/91990026P0013,2026-04-10T00:00:00.000Z,2026-07-11T12:51:11.789Z,B,record-update,"The cited record is classified as concerning a contract, award, grant, tender or procurement matter.","Classification does not establish improper contracting, payment, ownership or corruption.",machine-classified-unreviewed,contract-keyword-classifier,0.72
relationship-285d13b6018fd7d34980,subjectOf,contract-9a96813fab4dd54365da,finding-13b087ab8a71105736b6edcb,usaspending-recent-contracts,USAspending.gov — Recent Contract Awards,https://www.usaspending.gov/award/HC108426FA996,2026-06-18T00:00:00.000Z,2026-07-11T12:51:11.789Z,B,record-update,"The cited record is classified as concerning a contract, award, grant, tender or procurement matter.","Classification does not establish improper contracting, payment, ownership or corruption.",machine-classified-unreviewed,contract-keyword-classifier,0.72
relationship-213ca7768bbf4b3156ac,subjectOf,contract-9cac4fc0d9098b95b100,finding-c7b000c40da5dc2381fd5b79,usaspending-recent-contracts,USAspending.gov — Recent Contract Awards,https://www.usaspending.gov/award/89503426PWA002323,2026-07-08T00:00:00.000Z,2026-07-11T12:51:11.789Z,B,record-update,"The cited record is classified as concerning a contract, award, grant, tender or procurement matter.","Classification does not establish improper contracting, payment, ownership or corruption.",machine-classified-unreviewed,contract-keyword-classifier,0.72
relationship-897b057575e6a0f6bdd0,subjectOf,contract-9d33d2a264e326511ed2,finding-8479ea212cb74cf733b32982,usaspending-recent-contracts,USAspending.gov — Recent Contract Awards,https://www.usaspending.gov/award/HC108426FB105,2026-07-23T00:00:00.000Z,2026-07-11T12:51:11.789Z,B,record-update,"The cited record is classified as concerning a contract, award, grant, tender or procurement matter.","Classification does not establish improper contracting, payment, ownership or corruption.",machine-classified-unreviewed,contract-keyword-classifier,0.72
relationship-a0fd807da438daf4ada5,subjectOf,contract-9fcd6c6843b8cfc731c0,finding-72decf998cf1a5ff4b6d5a9b,usaspending-recent-contracts,USAspending.gov — Recent Contract Awards,https://www.usaspending.gov/award/91990024F0066,2024-10-01T00:00:00.000Z,2026-07-11T12:51:11.789Z,B,record-update,"The cited record is classified as concerning a contract, award, grant, tender or procurement matter.","Classification does not establish improper contracting, payment, ownership or corruption.",machine-classified-unreviewed,contract-keyword-classifier,0.72
relationship-d1dfb793bf9facb8f562,subjectOf,contract-a47dfcc5fd667a010927,finding-cefd7cbcd4a98e9aff0f56cf,sec-current-filings,U.S. Securities and Exchange Commission — Current EDGAR Filings,https://www.sec.gov/Archives/edgar/data/1720424/000106299326003613/0001062993-26-003613-index.htm,2026-07-11T00:09:26.000Z,2026-07-11T12:51:11.789Z,B,record-update,"The cited record is classified as concerning a contract, award, grant, tender or procurement matter.","Classification does not establish improper contracting, payment, ownership or corruption.",machine-classified-unreviewed,contract-keyword-classifier,0.72
relationship-a76348a04bb26b99771a,subjectOf,contract-a86cfc820cb29e9c9cf6,finding-8430db1b6a4fe59e296c90b2,usaspending-recent-contracts,USAspending.gov — Recent Contract Awards,https://www.usaspending.gov/award/89303126FEM400483,2026-07-07T00:00:00.000Z,2026-07-11T12:51:11.789Z,B,record-update,"The cited record is classified as concerning a contract, award, grant, tender or procurement matter.","Classification does not establish improper contracting, payment, ownership or corruption.",machine-classified-unreviewed,contract-keyword-classifier,0.72
relationship-66e474a4eb6fb1a6a895,subjectOf,contract-a88af8cdc1e334bac84a,finding-237905cf1ad579917b39aec8,usaspending-recent-contracts,USAspending.gov — Recent Contract Awards,https://www.usaspending.gov/award/HSHQDC17F00216,2017-09-29T00:00:00.000Z,2026-07-11T12:51:11.789Z,B,record-update,"The cited record is classified as concerning a contract, award, grant, tender or procurement matter.","Classification does not establish improper contracting, payment, ownership or corruption.",machine-classified-unreviewed,contract-keyword-classifier,0.72
relationship-ce9078ef34a9a3f11a0f,subjectOf,contract-aa8e26df9d7949a696e5,finding-2aa1d5305138916e8aa97cd2,usaspending-recent-contracts,USAspending.gov — Recent Contract Awards,https://www.usaspending.gov/award/89303924FEM000325,2024-08-12T00:00:00.000Z,2026-07-11T12:51:11.789Z,B,record-update,"The cited record is classified as concerning a contract, award, grant, tender or procurement matter.","Classification does not establish improper contracting, payment, ownership or corruption.",machine-classified-unreviewed,contract-keyword-classifier,0.72
relationship-765ee6e6995ccf82caa9,subjectOf,contract-ad682943a9fe5a1bd23a,finding-fa98106d7b17f4ae9a98f2d8,sec-current-filings,U.S. Securities and Exchange Commission — Current EDGAR Filings,https://www.sec.gov/Archives/edgar/data/1482541/000135979426000004/0001359794-26-000004-index.htm,2026-07-11T00:48:52.000Z,2026-07-11T12:51:11.789Z,B,record-update,"The cited record is classified as concerning a contract, award, grant, tender or procurement matter.","Classification does not establish improper contracting, payment, ownership or corruption.",machine-classified-unreviewed,contract-keyword-classifier,0.72
relationship-88c8cc61a8cc6fa8cf67,subjectOf,contract-adf6834ce1b5e0beb6d6,finding-9525a32c8b2ef5a9e97959d5,usaspending-recent-contracts,USAspending.gov — Recent Contract Awards,https://www.usaspending.gov/award/VA24417C0005,2017-03-31T00:00:00.000Z,2026-07-11T12:51:11.789Z,B,record-update,"The cited record is classified as concerning a contract, award, grant, tender or procurement matter.","Classification does not establish improper contracting, payment, ownership or corruption.",machine-classified-unreviewed,contract-keyword-classifier,0.72
relationship-158bd720bd5166f584a9,subjectOf,contract-ae6b482e5bcc75ca21fc,finding-911d6aa330f80279bdb3c4d5,usaspending-recent-contracts,USAspending.gov — Recent Contract Awards,https://www.usaspending.gov/award/9523ZY26F0032,2026-08-13T00:00:00.000Z,2026-07-11T12:51:11.789Z,B,record-update,"The cited record is classified as concerning a contract, award, grant, tender or procurement matter.","Classification does not establish improper contracting, payment, ownership or corruption.",machine-classified-unreviewed,contract-keyword-classifier,0.72
relationship-405e79a4b220971770e9,subjectOf,contract-aefa08f1d294cd3e2a99,finding-bcd3e2651586b44f296b1ef1,usaspending-recent-contracts,USAspending.gov — Recent Contract Awards,https://www.usaspending.gov/award/95315824C00011,2024-09-23T00:00:00.000Z,2026-07-11T12:51:11.789Z,B,record-update,"The cited record is classified as concerning a contract, award, grant, tender or procurement matter.","Classification does not establish improper contracting, payment, ownership or corruption.",machine-classified-unreviewed,contract-keyword-classifier,0.72
relationship-b02410afa74734a638f9,subjectOf,contract-af8be66b227649f9ea69,finding-5f129d86ed52475d51c5811b,sec-current-filings,U.S. Securities and Exchange Commission — Current EDGAR Filings,https://www.sec.gov/Archives/edgar/data/1441500/000110465926082761/0001104659-26-082761-index.htm,2026-07-11T01:00:13.000Z,2026-07-11T12:51:11.789Z,B,record-update,"The cited record is classified as concerning a contract, award, grant, tender or procurement matter.","Classification does not establish improper contracting, payment, ownership or corruption.",machine-classified-unreviewed,contract-keyword-classifier,0.72
relationship-d5a176afbe490dd97dec,subjectOf,contract-b0e7c890654e07cc0d7f,finding-b466c9a428f7f0c5c9396ad3,usaspending-recent-contracts,USAspending.gov — Recent Contract Awards,https://www.usaspending.gov/award/95C67826P0275,2026-07-07T00:00:00.000Z,2026-07-11T12:51:11.789Z,B,record-update,"The cited record is classified as concerning a contract, award, grant, tender or procurement matter.","Classification does not establish improper contracting, payment, ownership or corruption.",machine-classified-unreviewed,contract-keyword-classifier,0.72
relationship-c266998909f0ae9c7c99,subjectOf,contract-b172c7333742ac1ae443,finding-1927bc7b32c1263474b4949f,usaspending-recent-contracts,USAspending.gov — Recent Contract Awards,https://www.usaspending.gov/award/95C67826P0282,2026-07-23T00:00:00.000Z,2026-07-11T12:51:11.789Z,B,record-update,"The cited record is classified as concerning a contract, award, grant, tender or procurement matter.","Classification does not establish improper contracting, payment, ownership or corruption.",machine-classified-unreviewed,contract-keyword-classifier,0.72
relationship-b972972327afc39d8435,subjectOf,contract-b252c3995d72004fe867,finding-77046566a836a00317e47514,usaspending-recent-contracts,USAspending.gov — Recent Contract Awards,https://www.usaspending.gov/award/91003125C0011,2025-02-01T00:00:00.000Z,2026-07-11T12:51:11.789Z,B,record-update,"The cited record is classified as concerning a contract, award, grant, tender or procurement matter.","Classification does not establish improper contracting, payment, ownership or corruption.",machine-classified-unreviewed,contract-keyword-classifier,0.72
relationship-c3d8bba84434d856948a,subjectOf,contract-b265abafe25399192c9d,finding-e02714039b1b3d31115ad625,usaspending-recent-contracts,USAspending.gov — Recent Contract Awards,https://www.usaspending.gov/award/91003119F0003,2019-02-20T00:00:00.000Z,2026-07-11T12:51:11.789Z,B,record-update,"The cited record is classified as concerning a contract, award, grant, tender or procurement matter.","Classification does not establish improper contracting, payment, ownership or corruption.",machine-classified-unreviewed,contract-keyword-classifier,0.72
relationship-de941bca0a11d3c16099,subjectOf,contract-b31ff5463799d2dc5a44,finding-8104a70e7a3050c50df76b4f,sec-current-filings,U.S. Securities and Exchange Commission — Current EDGAR Filings,https://www.sec.gov/Archives/edgar/data/1832367/000119312526301192/0001193125-26-301192-index.htm,2026-07-11T00:25:50.000Z,2026-07-11T12:51:11.789Z,B,record-update,"The cited record is classified as concerning a contract, award, grant, tender or procurement matter.","Classification does not establish improper contracting, payment, ownership or corruption.",machine-classified-unreviewed,contract-keyword-classifier,0.72
relationship-c9bebb870e2e98d40b16,subjectOf,contract-b502efb3dfde404056c2,finding-b840483ae8dba96591078d91,usaspending-recent-contracts,USAspending.gov — Recent Contract Awards,https://www.usaspending.gov/award/HHSI244201700015A,2017-05-31T00:00:00.000Z,2026-07-11T12:51:11.789Z,B,record-update,"The cited record is classified as concerning a contract, award, grant, tender or procurement matter.","Classification does not establish improper contracting, payment, ownership or corruption.",machine-classified-unreviewed,contract-keyword-classifier,0.72
relationship-4bf24f4d3452cb81df61,subjectOf,contract-b587467ffe3972040a35,finding-b95850f62d248c593b948864,sec-current-filings,U.S. Securities and Exchange Commission — Current EDGAR Filings,https://www.sec.gov/Archives/edgar/data/1709195/000119312526301192/0001193125-26-301192-index.htm,2026-07-11T00:25:50.000Z,2026-07-11T12:51:11.789Z,B,record-update,"The cited record is classified as concerning a contract, award, grant, tender or procurement matter.","Classification does not establish improper contracting, payment, ownership or corruption.",machine-classified-unreviewed,contract-keyword-classifier,0.72
relationship-47785d5644f8e7cd2c2b,subjectOf,contract-b5c55527415e161558eb,finding-f59c90618904f6edd4fd15ed,usaspending-recent-contracts,USAspending.gov — Recent Contract Awards,https://www.usaspending.gov/award/89303026FMA401022,2026-07-08T00:00:00.000Z,2026-07-11T12:51:11.789Z,B,record-update,"The cited record is classified as concerning a contract, award, grant, tender or procurement matter.","Classification does not establish improper contracting, payment, ownership or corruption.",machine-classified-unreviewed,contract-keyword-classifier,0.72
relationship-fcc2ed5a44e583929849,subjectOf,contract-b8790770cd30fce9777c,finding-270a6aa3d6d6d104a89b7f92,usaspending-recent-contracts,USAspending.gov — Recent Contract Awards,https://www.usaspending.gov/award/89603023P0043,2023-09-30T00:00:00.000Z,2026-07-11T12:51:11.789Z,B,record-update,"The cited record is classified as concerning a contract, award, grant, tender or procurement matter.","Classification does not establish improper contracting, payment, ownership or corruption.",machine-classified-unreviewed,contract-keyword-classifier,0.72
relationship-1dec32c2d59e8e9c8134,subjectOf,contract-b8e101f79a4298df2215,finding-aca38cf0f70cc779a9c5f029,usaspending-recent-contracts,USAspending.gov — Recent Contract Awards,https://www.usaspending.gov/award/91003125C0020,2025-08-01T00:00:00.000Z,2026-07-11T12:51:11.789Z,B,record-update,"The cited record is classified as concerning a contract, award, grant, tender or procurement matter.","Classification does not establish improper contracting, payment, ownership or corruption.",machine-classified-unreviewed,contract-keyword-classifier,0.72
relationship-880bd439c02f8d65f6d5,subjectOf,contract-bbaad099016ec4f80821,finding-c95aef9e46b52ec84e16e635,sec-current-filings,U.S. Securities and Exchange Commission — Current EDGAR Filings,https://www.sec.gov/Archives/edgar/data/1850177/000119312526301198/0001193125-26-301198-index.htm,2026-07-11T00:30:03.000Z,2026-07-11T12:51:11.789Z,B,record-update,"The cited record is classified as concerning a contract, award, grant, tender or procurement matter.","Classification does not establish improper contracting, payment, ownership or corruption.",machine-classified-unreviewed,contract-keyword-classifier,0.72
relationship-832933ea7fb8477712e9,subjectOf,contract-bc60d774c71d3bb76536,finding-9cff3a78e446e894fb1463e2,usaspending-recent-contracts,USAspending.gov — Recent Contract Awards,https://www.usaspending.gov/award/89303026FIM000201,2026-06-24T00:00:00.000Z,2026-07-11T12:51:11.789Z,B,record-update,"The cited record is classified as concerning a contract, award, grant, tender or procurement matter.","Classification does not establish improper contracting, payment, ownership or corruption.",machine-classified-unreviewed,contract-keyword-classifier,0.72
relationship-7c7a276217b8c9d022f6,subjectOf,contract-bd8fb4c65c17858fc27f,finding-c5d436be00ce3c88937f47ae,usaspending-recent-contracts,USAspending.gov — Recent Contract Awards,https://www.usaspending.gov/award/91990025F0015,2025-02-19T00:00:00.000Z,2026-07-11T12:51:11.789Z,B,record-update,"The cited record is classified as concerning a contract, award, grant, tender or procurement matter.","Classification does not establish improper contracting, payment, ownership or corruption.",machine-classified-unreviewed,contract-keyword-classifier,0.72
relationship-8f080a7e551d1b17c9ed,subjectOf,contract-c0bab864242151d507fa,finding-7cf027e49fe31cf4b8c18db7,usaspending-recent-contracts,USAspending.gov — Recent Contract Awards,https://www.usaspending.gov/award/9594CS20P0055,2020-09-30T00:00:00.000Z,2026-07-11T12:51:11.789Z,B,record-update,"The cited record is classified as concerning a contract, award, grant, tender or procurement matter.","Classification does not establish improper contracting, payment, ownership or corruption.",machine-classified-unreviewed,contract-keyword-classifier,0.72
relationship-f781c299abc010d54968,subjectOf,contract-c1edc18be7b9285df7aa,finding-876dd3177370133e42edf0c0,sec-current-filings,U.S. Securities and Exchange Commission — Current EDGAR Filings,https://www.sec.gov/Archives/edgar/data/1378325/000100916526000005/0001009165-26-000005-index.htm,2026-07-11T00:17:03.000Z,2026-07-11T12:51:11.789Z,B,record-update,"The cited record is classified as concerning a contract, award, grant, tender or procurement matter.","Classification does not establish improper contracting, payment, ownership or corruption.",machine-classified-unreviewed,contract-keyword-classifier,0.72
relationship-06fe41586a5e8c6e34bd,subjectOf,contract-c2a6c3c6443b536707f3,finding-89204c8c9231ff1dfba6aca9,usaspending-recent-contracts,USAspending.gov — Recent Contract Awards,https://www.usaspending.gov/award/NNG10XA01C,2010-09-10T00:00:00.000Z,2026-07-11T12:51:11.789Z,B,record-update,"The cited record is classified as concerning a contract, award, grant, tender or procurement matter.","Classification does not establish improper contracting, payment, ownership or corruption.",machine-classified-unreviewed,contract-keyword-classifier,0.72
relationship-4da73150615ba72820ea,subjectOf,contract-c45f58a920717f1a71f6,finding-3dbd3792f4a6c055adca4a41,usaspending-recent-contracts,USAspending.gov — Recent Contract Awards,https://www.usaspending.gov/award/N4033926CF501,2025-12-23T00:00:00.000Z,2026-07-11T12:51:11.789Z,B,record-update,"The cited record is classified as concerning a contract, award, grant, tender or procurement matter.","Classification does not establish improper contracting, payment, ownership or corruption.",machine-classified-unreviewed,contract-keyword-classifier,0.72
relationship-69ff8bed962d9478d1c5,subjectOf,contract-c48d87df972b3eff5e0d,finding-a04b34c9045c55bca6ddfe34,usaspending-recent-contracts,USAspending.gov — Recent Contract Awards,https://www.usaspending.gov/award/89703025FAR400021,2025-08-29T00:00:00.000Z,2026-07-11T12:51:11.789Z,B,record-update,"The cited record is classified as concerning a contract, award, grant, tender or procurement matter.","Classification does not establish improper contracting, payment, ownership or corruption.",machine-classified-unreviewed,contract-keyword-classifier,0.72
relationship-05a81e6d3a3d9ce77b1e,subjectOf,contract-c4df7197b8446c327452,finding-34e4026eb0f3944f6552b835,sec-current-filings,U.S. Securities and Exchange Commission — Current EDGAR Filings,https://www.sec.gov/Archives/edgar/data/1009165/000100916526000005/0001009165-26-000005-index.htm,2026-07-11T00:17:03.000Z,2026-07-11T12:51:11.789Z,B,record-update,"The cited record is classified as concerning a contract, award, grant, tender or procurement matter.","Classification does not establish improper contracting, payment, ownership or corruption.",machine-classified-unreviewed,contract-keyword-classifier,0.72
relationship-68bbf82345ba1d23ed2f,subjectOf,contract-c59afb0a21f5933378d3,finding-b30fb05c0fa8ac9fee254bc3,usaspending-recent-contracts,USAspending.gov — Recent Contract Awards,https://www.usaspending.gov/award/HC101326FB625,2026-07-13T00:00:00.000Z,2026-07-11T12:51:11.789Z,B,record-update,"The cited record is classified as concerning a contract, award, grant, tender or procurement matter.","Classification does not establish improper contracting, payment, ownership or corruption.",machine-classified-unreviewed,contract-keyword-classifier,0.72
relationship-9d04ad6a68b3162e6953,subjectOf,contract-c80624523f8cf6f2ccc5,finding-0963fd6bbdd8156917a0ccf3,usaspending-recent-contracts,USAspending.gov — Recent Contract Awards,https://www.usaspending.gov/award/HC108426FB005,2026-06-26T00:00:00.000Z,2026-07-11T12:51:11.789Z,B,record-update,"The cited record is classified as concerning a contract, award, grant, tender or procurement matter.","Classification does not establish improper contracting, payment, ownership or corruption.",machine-classified-unreviewed,contract-keyword-classifier,0.72
relationship-caddb46b95554b2cffb1,subjectOf,contract-cbea3e5afc5dc89de57d,finding-e499d980f62009e499c22728,sec-current-filings,U.S. Securities and Exchange Commission — Current EDGAR Filings,https://www.sec.gov/Archives/edgar/data/1194368/000119312526301179/0001193125-26-301179-index.htm,2026-07-11T00:00:03.000Z,2026-07-11T12:51:11.789Z,B,record-update,"The cited record is classified as concerning a contract, award, grant, tender or procurement matter.","Classification does not establish improper contracting, payment, ownership or corruption.",machine-classified-unreviewed,contract-keyword-classifier,0.72
relationship-f39bf31644525e62d22a,subjectOf,contract-ce142a45f1161962e65c,finding-e27150e81a31498a42e31ee2,sec-current-filings,U.S. Securities and Exchange Commission — Current EDGAR Filings,https://www.sec.gov/Archives/edgar/data/2044725/000175707226000007/0001757072-26-000007-index.htm,2026-07-10T23:59:49.000Z,2026-07-11T12:51:11.789Z,B,record-update,"The cited record is classified as concerning a contract, award, grant, tender or procurement matter.","Classification does not establish improper contracting, payment, ownership or corruption.",machine-classified-unreviewed,contract-keyword-classifier,0.72
relationship-95a3a9d7e675051842da,subjectOf,contract-cfc6ec0eed1e804da706,finding-6bb19d54548b60ee56414fef,sec-current-filings,U.S. Securities and Exchange Commission — Current EDGAR Filings,https://www.sec.gov/Archives/edgar/data/24545/000122520826006582/0001225208-26-006582-index.htm,2026-07-10T23:58:05.000Z,2026-07-11T12:51:11.789Z,B,record-update,"The cited record is classified as concerning a contract, award, grant, tender or procurement matter.","Classification does not establish improper contracting, payment, ownership or corruption.",machine-classified-unreviewed,contract-keyword-classifier,0.72
relationship-69a7295d147d509991ee,subjectOf,contract-d06d857476ed528bb0ed,finding-60db7e6b710c66e7041aa6d9,sec-current-filings,U.S. Securities and Exchange Commission — Current EDGAR Filings,https://www.sec.gov/Archives/edgar/data/1359794/000135979426000004/0001359794-26-000004-index.htm,2026-07-11T00:48:52.000Z,2026-07-11T12:51:11.789Z,B,record-update,"The cited record is classified as concerning a contract, award, grant, tender or procurement matter.","Classification does not establish improper contracting, payment, ownership or corruption.",machine-classified-unreviewed,contract-keyword-classifier,0.72
relationship-bd55338c77cf6c8117a1,subjectOf,contract-d12020862d4c992ba6e3,finding-95c258b6b9625fee0723a741,usaspending-recent-contracts,USAspending.gov — Recent Contract Awards,https://www.usaspending.gov/award/89503326PWA000433,2026-07-09T00:00:00.000Z,2026-07-11T12:51:11.789Z,B,record-update,"The cited record is classified as concerning a contract, award, grant, tender or procurement matter.","Classification does not establish improper contracting, payment, ownership or corruption.",machine-classified-unreviewed,contract-keyword-classifier,0.72
relationship-14b8476332233f6d5cf9,subjectOf,contract-d4a012a0163cbb6838cb,finding-4cfc94a79a8b2f5317e2beb8,usaspending-recent-contracts,USAspending.gov — Recent Contract Awards,https://www.usaspending.gov/award/HHSN273201400020C,2014-07-18T00:00:00.000Z,2026-07-11T12:51:11.789Z,B,record-update,"The cited record is classified as concerning a contract, award, grant, tender or procurement matter.","Classification does not establish improper contracting, payment, ownership or corruption.",machine-classified-unreviewed,contract-keyword-classifier,0.72
relationship-dbd1cc045ce2e7644e3f,subjectOf,contract-d4ec3952a6da13e5ffd5,finding-1ce8ea5e575bf4f86c37fb16,usaspending-recent-contracts,USAspending.gov — Recent Contract Awards,https://www.usaspending.gov/award/89603025F0060,2025-09-01T00:00:00.000Z,2026-07-11T12:51:11.789Z,B,record-update,"The cited record is classified as concerning a contract, award, grant, tender or procurement matter.","Classification does not establish improper contracting, payment, ownership or corruption.",machine-classified-unreviewed,contract-keyword-classifier,0.72
relationship-e28b7bc4e976b871727a,subjectOf,contract-d64d30e3a51553fa0621,finding-682d1c78d88fe9179ec50089,usaspending-recent-contracts,USAspending.gov — Recent Contract Awards,https://www.usaspending.gov/award/9531CB21F0056,2021-07-21T00:00:00.000Z,2026-07-11T12:51:11.789Z,B,record-update,"The cited record is classified as concerning a contract, award, grant, tender or procurement matter.","Classification does not establish improper contracting, payment, ownership or corruption.",machine-classified-unreviewed,contract-keyword-classifier,0.72
relationship-d55ef6a1b433e146358b,subjectOf,contract-d6e99c44d7978a9f6ba7,finding-a4c3be6557762ace01affe55,usaspending-recent-contracts,USAspending.gov — Recent Contract Awards,https://www.usaspending.gov/award/89303926FEM000399,2026-06-25T00:00:00.000Z,2026-07-11T12:51:11.789Z,B,record-update,"The cited record is classified as concerning a contract, award, grant, tender or procurement matter.","Classification does not establish improper contracting, payment, ownership or corruption.",machine-classified-unreviewed,contract-keyword-classifier,0.72
relationship-3910ab4f7448eb61c951,subjectOf,contract-d7d728fc0b51a9209677,finding-11aa9e482fe4809776fb7285,sec-current-filings,U.S. Securities and Exchange Commission — Current EDGAR Filings,https://www.sec.gov/Archives/edgar/data/1789029/000119312526301200/0001193125-26-301200-index.htm,2026-07-11T00:30:05.000Z,2026-07-11T12:51:11.789Z,B,record-update,"The cited record is classified as concerning a contract, award, grant, tender or procurement matter.","Classification does not establish improper contracting, payment, ownership or corruption.",machine-classified-unreviewed,contract-keyword-classifier,0.72
relationship-01812960b33454c297b1,subjectOf,contract-d9aebc33ddc709cd0aa4,finding-c352a671bc2ccedcb3b119b4,usaspending-recent-contracts,USAspending.gov — Recent Contract Awards,https://www.usaspending.gov/award/95332426F0039,2026-05-05T00:00:00.000Z,2026-07-11T12:51:11.789Z,B,record-update,"The cited record is classified as concerning a contract, award, grant, tender or procurement matter.","Classification does not establish improper contracting, payment, ownership or corruption.",machine-classified-unreviewed,contract-keyword-classifier,0.72
relationship-c31c82ea6784fb7881bd,subjectOf,contract-da55f984c5471a84558d,finding-f8ffdb97b928c01e16940372,usaspending-recent-contracts,USAspending.gov — Recent Contract Awards,https://www.usaspending.gov/award/DTFAWA12C00040,2012-05-02T00:00:00.000Z,2026-07-11T12:51:11.789Z,B,record-update,"The cited record is classified as concerning a contract, award, grant, tender or procurement matter.","Classification does not establish improper contracting, payment, ownership or corruption.",machine-classified-unreviewed,contract-keyword-classifier,0.72
relationship-921b28660dc8b31b0e42,subjectOf,contract-dc9c7f48f628874e2e99,finding-ba8f3bafaa726d0382370385,sec-current-filings,U.S. Securities and Exchange Commission — Current EDGAR Filings,https://www.sec.gov/Archives/edgar/data/1639723/000119312526301192/0001193125-26-301192-index.htm,2026-07-11T00:25:50.000Z,2026-07-11T12:51:11.789Z,B,record-update,"The cited record is classified as concerning a contract, award, grant, tender or procurement matter.","Classification does not establish improper contracting, payment, ownership or corruption.",machine-classified-unreviewed,contract-keyword-classifier,0.72
relationship-d8810007359f12ab3abd,subjectOf,contract-de908f3cfa016d2cf900,finding-0755976f2e7fc80cd55acb40,usaspending-recent-contracts,USAspending.gov — Recent Contract Awards,https://www.usaspending.gov/award/HHSO100201700026C,2017-09-14T00:00:00.000Z,2026-07-11T12:51:11.789Z,B,record-update,"The cited record is classified as concerning a contract, award, grant, tender or procurement matter.","Classification does not establish improper contracting, payment, ownership or corruption.",machine-classified-unreviewed,contract-keyword-classifier,0.72
relationship-7abea41846a607ccaa93,subjectOf,contract-e0921ae8826fa72f66af,finding-888284cce2ab2bca9a3dba3f,usaspending-recent-contracts,USAspending.gov — Recent Contract Awards,https://www.usaspending.gov/award/89303026FIM000188,2025-12-18T00:00:00.000Z,2026-07-11T12:51:11.789Z,B,record-update,"The cited record is classified as concerning a contract, award, grant, tender or procurement matter.","Classification does not establish improper contracting, payment, ownership or corruption.",machine-classified-unreviewed,contract-keyword-classifier,0.72
relationship-c63169248c24cfe70b22,subjectOf,contract-e184f1240b183aacad9d,finding-b91b77270a2f7be8683efd70,usaspending-recent-contracts,USAspending.gov — Recent Contract Awards,https://www.usaspending.gov/award/EPG17H00966,2017-05-02T00:00:00.000Z,2026-07-11T12:51:11.789Z,B,record-update,"The cited record is classified as concerning a contract, award, grant, tender or procurement matter.","Classification does not establish improper contracting, payment, ownership or corruption.",machine-classified-unreviewed,contract-keyword-classifier,0.72
relationship-f6fef463d198a810dd6a,subjectOf,contract-e1fa77f867bccffbcd56,finding-7f05ab465d30211d6925a5dc,sec-current-filings,U.S. Securities and Exchange Commission — Current EDGAR Filings,https://www.sec.gov/Archives/edgar/data/1864158/000186415826000004/0001864158-26-000004-index.htm,2026-07-11T00:00:05.000Z,2026-07-11T12:51:11.789Z,B,record-update,"The cited record is classified as concerning a contract, award, grant, tender or procurement matter.","Classification does not establish improper contracting, payment, ownership or corruption.",machine-classified-unreviewed,contract-keyword-classifier,0.72
relationship-f254be276a6ee5d1c758,subjectOf,contract-e3ec43a5562a491c3b59,finding-8801c1d8aaf667353a578a5e,usaspending-recent-contracts,USAspending.gov — Recent Contract Awards,https://www.usaspending.gov/award/89503426PWA002308,2026-06-10T00:00:00.000Z,2026-07-11T12:51:11.789Z,B,record-update,"The cited record is classified as concerning a contract, award, grant, tender or procurement matter.","Classification does not establish improper contracting, payment, ownership or corruption.",machine-classified-unreviewed,contract-keyword-classifier,0.72
relationship-3f53d1bce9dad5047094,subjectOf,contract-e53b9723d332994a62d8,finding-7904cdee0305ed8c1a8b10c3,usaspending-recent-contracts,USAspending.gov — Recent Contract Awards,https://www.usaspending.gov/award/91990024F0046,2024-08-29T00:00:00.000Z,2026-07-11T12:51:11.789Z,A,official-audit-finding,"The cited record is classified as concerning a contract, award, grant, tender or procurement matter.","Classification does not establish improper contracting, payment, ownership or corruption.",machine-classified-unreviewed,contract-keyword-classifier,0.72
relationship-8cdac65513a285c69647,subjectOf,contract-e8949e5f2d1710c6da5f,finding-04765f6b3b11bbb15e157efc,usaspending-recent-contracts,USAspending.gov — Recent Contract Awards,https://www.usaspending.gov/award/NNG15WA53C,2015-02-01T00:00:00.000Z,2026-07-11T12:51:11.789Z,B,record-update,"The cited record is classified as concerning a contract, award, grant, tender or procurement matter.","Classification does not establish improper contracting, payment, ownership or corruption.",machine-classified-unreviewed,contract-keyword-classifier,0.72
relationship-bd3fa1ac1c5132ca581a,subjectOf,contract-e94c5337810dc86f5c75,finding-eb9a91493c5bec05512fa1c1,usaspending-recent-contracts,USAspending.gov — Recent Contract Awards,https://www.usaspending.gov/award/95C67826P0281,2026-07-09T00:00:00.000Z,2026-07-11T12:51:11.789Z,B,record-update,"The cited record is classified as concerning a contract, award, grant, tender or procurement matter.","Classification does not establish improper contracting, payment, ownership or corruption.",machine-classified-unreviewed,contract-keyword-classifier,0.72
relationship-30033880ecfcbac6b7a1,subjectOf,contract-eadae9891ff5b0e5be5d,finding-15dffef48a581fade619e3f3,doj-oig-reports,U.S. Department of Justice Office of Inspector General — Reports,https://oig.justice.gov/reports/audit-office-community-oriented-policing-services-technology-and-equipment-program-grant,2026-07-11T12:51:11.789Z,2026-07-11T12:51:11.789Z,A,official-audit-finding,"The cited record is classified as concerning a contract, award, grant, tender or procurement matter.","Classification does not establish improper contracting, payment, ownership or corruption.",machine-classified-unreviewed,contract-keyword-classifier,0.72
relationship-1ddc8237c9fb441972de,subjectOf,contract-ecb0cc205d0871ae4982,finding-2b2086a091b47374e32e041d,usaspending-recent-contracts,USAspending.gov — Recent Contract Awards,https://www.usaspending.gov/award/89503426PWA002252,2026-06-01T00:00:00.000Z,2026-07-11T12:51:11.789Z,B,record-update,"The cited record is classified as concerning a contract, award, grant, tender or procurement matter.","Classification does not establish improper contracting, payment, ownership or corruption.",machine-classified-unreviewed,contract-keyword-classifier,0.72
relationship-ffe4ff4a14a61a4bfbf0,subjectOf,contract-edc961ee03c339a246a0,finding-ec7e00713fa1c00bebcab5b8,usaspending-recent-contracts,USAspending.gov — Recent Contract Awards,https://www.usaspending.gov/award/HC108426FB015,2026-06-26T00:00:00.000Z,2026-07-11T12:51:11.789Z,B,record-update,"The cited record is classified as concerning a contract, award, grant, tender or procurement matter.","Classification does not establish improper contracting, payment, ownership or corruption.",machine-classified-unreviewed,contract-keyword-classifier,0.72
relationship-b1b6f4cabb023dd1bf20,subjectOf,contract-ee389442af79768c1b3d,finding-ae372a8cb7a883567f626614,sec-current-filings,U.S. Securities and Exchange Commission — Current EDGAR Filings,https://www.sec.gov/Archives/edgar/data/1720424/000106299326003615/0001062993-26-003615-index.htm,2026-07-11T01:08:27.000Z,2026-07-11T12:51:11.789Z,B,record-update,"The cited record is classified as concerning a contract, award, grant, tender or procurement matter.","Classification does not establish improper contracting, payment, ownership or corruption.",machine-classified-unreviewed,contract-keyword-classifier,0.72
relationship-062be9013c9098368dd9,subjectOf,contract-ef5391560b267d1689f4,finding-ec968f2ec6ba82128b4cd91b,usaspending-recent-contracts,USAspending.gov — Recent Contract Awards,https://www.usaspending.gov/award/95C67826P0279,2026-09-30T00:00:00.000Z,2026-07-11T12:51:11.789Z,B,record-update,"The cited record is classified as concerning a contract, award, grant, tender or procurement matter.","Classification does not establish improper contracting, payment, ownership or corruption.",machine-classified-unreviewed,contract-keyword-classifier,0.72
relationship-f9e6f1d91a2f58a14fa1,subjectOf,contract-efa4f4f312b3dd551326,finding-81867268fe539fe4a1a928dc,usaspending-recent-contracts,USAspending.gov — Recent Contract Awards,https://www.usaspending.gov/award/89503425PWA002069,2025-06-25T00:00:00.000Z,2026-07-11T12:51:11.789Z,B,record-update,"The cited record is classified as concerning a contract, award, grant, tender or procurement matter.","Classification does not establish improper contracting, payment, ownership or corruption.",machine-classified-unreviewed,contract-keyword-classifier,0.72
relationship-0420ce28d80af5d86d22,subjectOf,contract-f13525c8e3cb44d6e0d7,finding-766d25eda1b34cf5e0348d3b,usaspending-recent-contracts,USAspending.gov — Recent Contract Awards,https://www.usaspending.gov/award/95C67826P0255,2026-07-23T00:00:00.000Z,2026-07-11T12:51:11.789Z,B,record-update,"The cited record is classified as concerning a contract, award, grant, tender or procurement matter.","Classification does not establish improper contracting, payment, ownership or corruption.",machine-classified-unreviewed,contract-keyword-classifier,0.72
relationship-81b43b9934f5e7fbd1d3,subjectOf,contract-f17c4f9fde7f3d075e6c,finding-b5ba07258bfb23b39e7489ed,usaspending-recent-contracts,USAspending.gov — Recent Contract Awards,https://www.usaspending.gov/award/GS05P13SAC0022,2013-08-15T00:00:00.000Z,2026-07-11T12:51:11.789Z,B,record-update,"The cited record is classified as concerning a contract, award, grant, tender or procurement matter.","Classification does not establish improper contracting, payment, ownership or corruption.",machine-classified-unreviewed,contract-keyword-classifier,0.72
relationship-8816889d35b9816cd66f,subjectOf,contract-f1de2e58b208c9f652a0,finding-2ed1ebf7235a59c38122c1d7,usaspending-recent-contracts,USAspending.gov — Recent Contract Awards,https://www.usaspending.gov/award/95332A20C0002,2020-03-27T00:00:00.000Z,2026-07-11T12:51:11.789Z,B,record-update,"The cited record is classified as concerning a contract, award, grant, tender or procurement matter.","Classification does not establish improper contracting, payment, ownership or corruption.",machine-classified-unreviewed,contract-keyword-classifier,0.72
relationship-74700c384562a7d7173f,subjectOf,contract-f274aeecd31ebbe53a9a,finding-c24f84e32e96017634420212,usaspending-recent-contracts,USAspending.gov — Recent Contract Awards,https://www.usaspending.gov/award/89303026FEI400166,2026-07-09T00:00:00.000Z,2026-07-11T12:51:11.789Z,B,record-update,"The cited record is classified as concerning a contract, award, grant, tender or procurement matter.","Classification does not establish improper contracting, payment, ownership or corruption.",machine-classified-unreviewed,contract-keyword-classifier,0.72
relationship-ffd3cb82d2e2c016061b,subjectOf,contract-f3726b1f7ee4a35cb821,finding-e6a9858ce2fe9aafdfc31f96,usaspending-recent-contracts,USAspending.gov — Recent Contract Awards,https://www.usaspending.gov/award/91990026F0064,2021-09-30T00:00:00.000Z,2026-07-11T12:51:11.789Z,B,record-update,"The cited record is classified as concerning a contract, award, grant, tender or procurement matter.","Classification does not establish improper contracting, payment, ownership or corruption.",machine-classified-unreviewed,contract-keyword-classifier,0.72
relationship-b8ecb793fa6d536bb05c,subjectOf,contract-f3c84364126e1d48666c,finding-c3ef92932cc4201392c7d30e,usaspending-recent-contracts,USAspending.gov — Recent Contract Awards,https://www.usaspending.gov/award/89603026F0033,2026-07-24T00:00:00.000Z,2026-07-11T12:51:11.789Z,B,record-update,"The cited record is classified as concerning a contract, award, grant, tender or procurement matter.","Classification does not establish improper contracting, payment, ownership or corruption.",machine-classified-unreviewed,contract-keyword-classifier,0.72
relationship-d114d8d0135e0502751e,subjectOf,contract-f4b02cfbf6a04f646034,finding-f5819a590feeb685967290db,usaspending-recent-contracts,USAspending.gov — Recent Contract Awards,https://www.usaspending.gov/award/9531CB26F0033,2026-07-28T00:00:00.000Z,2026-07-11T12:51:11.789Z,B,record-update,"The cited record is classified as concerning a contract, award, grant, tender or procurement matter.","Classification does not establish improper contracting, payment, ownership or corruption.",machine-classified-unreviewed,contract-keyword-classifier,0.72
relationship-c9da11567f29025cd9af,subjectOf,contract-f70873f401e6389d2ea4,finding-e8cead27215965f4536632d7,usaspending-recent-contracts,USAspending.gov — Recent Contract Awards,https://www.usaspending.gov/award/89304223FEM400000,2023-10-01T00:00:00.000Z,2026-07-11T12:51:11.789Z,B,record-update,"The cited record is classified as concerning a contract, award, grant, tender or procurement matter.","Classification does not establish improper contracting, payment, ownership or corruption.",machine-classified-unreviewed,contract-keyword-classifier,0.72
relationship-648a5993c13077288410,subjectOf,contract-f853f9e1ee883ab49449,finding-911293eb2730f17b2647aa2b,sec-current-filings,U.S. Securities and Exchange Commission — Current EDGAR Filings,https://www.sec.gov/Archives/edgar/data/1861359/000119312526301192/0001193125-26-301192-index.htm,2026-07-11T00:25:50.000Z,2026-07-11T12:51:11.789Z,B,record-update,"The cited record is classified as concerning a contract, award, grant, tender or procurement matter.","Classification does not establish improper contracting, payment, ownership or corruption.",machine-classified-unreviewed,contract-keyword-classifier,0.72
relationship-39d1952c9bc3e561891a,subjectOf,contract-fa7dc75bd42c0daff564,finding-730c2dba082e0d2b8d708c77,sec-current-filings,U.S. Securities and Exchange Commission — Current EDGAR Filings,https://www.sec.gov/Archives/edgar/data/1796803/000119312526301192/0001193125-26-301192-index.htm,2026-07-11T00:25:50.000Z,2026-07-11T12:51:11.789Z,B,record-update,"The cited record is classified as concerning a contract, award, grant, tender or procurement matter.","Classification does not establish improper contracting, payment, ownership or corruption.",machine-classified-unreviewed,contract-keyword-classifier,0.72
relationship-ea5558bd5a6e48f425c9,subjectOf,contract-faf4b986ae96cbd0f909,finding-c79dfedc829c895d2877ff01,doj-oig-reports,U.S. Department of Justice Office of Inspector General — Reports,https://oig.justice.gov/reports/audit-office-justice-programs-bureau-justice-assistance-students-teachers-and-officers,2026-07-11T12:51:11.789Z,2026-07-11T12:51:11.789Z,A,official-audit-finding,"The cited record is classified as concerning a contract, award, grant, tender or procurement matter.","Classification does not establish improper contracting, payment, ownership or corruption.",machine-classified-unreviewed,contract-keyword-classifier,0.72
relationship-15bc6e26c066eb5a1910,subjectOf,contract-fdb591b09b9a6137d42d,finding-c021e56ae9b24d30080b9aaa,federal-register-latest,Federal Register — Latest Documents,https://www.federalregister.gov/documents/2026/07/13/2026-14057/fy-2026-job-placement-and-training-native-american-technology-and-manufacturing-grant-pilot-program,2026-07-13T00:00:00.000Z,2026-07-11T12:51:11.789Z,B,record-update,"The cited record is classified as concerning a contract, award, grant, tender or procurement matter.","Classification does not establish improper contracting, payment, ownership or corruption.",machine-classified-unreviewed,contract-keyword-classifier,0.72
relationship-71ad73a41cdadabb516c,subjectOf,contract-fdc78b903f4a4d2b58ca,finding-5f47e14394b68d83d0a7191b,sec-current-filings,U.S. Securities and Exchange Commission — Current EDGAR Filings,https://www.sec.gov/Archives/edgar/data/1849806/000119312526301200/0001193125-26-301200-index.htm,2026-07-11T00:30:05.000Z,2026-07-11T12:51:11.789Z,B,record-update,"The cited record is classified as concerning a contract, award, grant, tender or procurement matter.","Classification does not establish improper contracting, payment, ownership or corruption.",machine-classified-unreviewed,contract-keyword-classifier,0.72
relationship-233cd8422a8d8afce68b,subjectOf,contract-ff15379b0cf0a5924a11,finding-38485310f494008608ba22bb,usaspending-recent-contracts,USAspending.gov — Recent Contract Awards,https://www.usaspending.gov/award/89503222PWA000373,2022-09-01T00:00:00.000Z,2026-07-11T12:51:11.789Z,B,record-update,"The cited record is classified as concerning a contract, award, grant, tender or procurement matter.","Classification does not establish improper contracting, payment, ownership or corruption.",machine-classified-unreviewed,contract-keyword-classifier,0.72
relationship-95d803d7af9e2398490c,subjectOf,courtcase-01919b4d23e966ec7571,finding-b4d03b1ddc5dfe58d7fd652e,doj-epstein-disclosures,U.S. Department of Justice — Epstein Disclosures,https://www.justice.gov/epstein/doj-disclosures/court-records-matter-estate-jeffrey-e-epstein-deceased-no-st-21-rv-00005-vi-super-ct-2021,2026-07-11T12:51:11.789Z,2026-07-11T12:51:11.789Z,B,record-update,"The cited record is classified as a court, complaint, charge, indictment or judgment record.","A charge, complaint, arrest or indictment is not guilt. A final outcome applies only to the parties and conduct stated in the official record.",machine-classified-unreviewed,legal-keyword-classifier,0.78
relationship-1cd5581931264e6d4583,subjectOf,courtcase-04e21bdb70cea36a4682,finding-b6686e1a92c6c321224f2ba6,sec-litigation-releases,U.S. Securities and Exchange Commission — Litigation Releases,https://www.sec.gov/files/litigation/litreleases/2026/judg26582-mark-jacobs.pdf,2026-07-11T12:51:11.789Z,2026-07-11T12:51:11.789Z,B,record-update,"The cited record is classified as a court, complaint, charge, indictment or judgment record.","A charge, complaint, arrest or indictment is not guilt. A final outcome applies only to the parties and conduct stated in the official record.",machine-classified-unreviewed,legal-keyword-classifier,0.78
relationship-dd98b6cf27eac39f4665,subjectOf,courtcase-073d2d60754f3b23cc34,finding-4fcbcd42d1f1071dae897dbf,doj-epstein-disclosures,U.S. Department of Justice — Epstein Disclosures,https://www.justice.gov/epstein/doj-disclosures/foia-federal-bureau-prisons-bop,2026-07-11T12:51:11.789Z,2026-07-11T12:51:11.789Z,B,record-update,"The cited record is classified as a court, complaint, charge, indictment or judgment record.","A charge, complaint, arrest or indictment is not guilt. A final outcome applies only to the parties and conduct stated in the official record.",machine-classified-unreviewed,legal-keyword-classifier,0.78
relationship-dfa692c63dcfe404a2d7,subjectOf,courtcase-07444e59a680745fbfe7,finding-ce6c89056460c0c0b4cff4e4,sec-litigation-releases,U.S. Securities and Exchange Commission — Litigation Releases,https://www.sec.gov/files/litigation/litreleases/2026/26526-final-judgment-bongiorno.pdf,2026-07-11T12:51:11.789Z,2026-07-11T12:51:11.789Z,A,established-wrongdoing,"The cited record is classified as a court, complaint, charge, indictment or judgment record.","A charge, complaint, arrest or indictment is not guilt. A final outcome applies only to the parties and conduct stated in the official record.",machine-classified-unreviewed,legal-keyword-classifier,0.78
relationship-8d595b6b329c5480d29a,subjectOf,courtcase-0836503349204aacce57,finding-3584d83dd217305542320584,doj-epstein-disclosures,U.S. Department of Justice — Epstein Disclosures,https://www.justice.gov/epstein/doj-disclosures/court-records-united-states-v-noel-no-119-cr-00830-sdny-2019,2026-07-11T12:51:11.789Z,2026-07-11T12:51:11.789Z,B,record-update,"The cited record is classified as a court, complaint, charge, indictment or judgment record.","A charge, complaint, arrest or indictment is not guilt. A final outcome applies only to the parties and conduct stated in the official record.",machine-classified-unreviewed,legal-keyword-classifier,0.78
relationship-0f054151d878dd0dddf4,subjectOf,courtcase-0857c42263a95a963053,finding-fd7ff5fb4b01c9edc8b36b1c,doj-epstein-disclosures,U.S. Department of Justice — Epstein Disclosures,https://www.justice.gov/epstein/doj-disclosures/data-set-1-files,2026-07-11T12:51:11.789Z,2026-07-11T12:51:11.789Z,B,document-release,"The cited record is classified as a court, complaint, charge, indictment or judgment record.","A charge, complaint, arrest or indictment is not guilt. A final outcome applies only to the parties and conduct stated in the official record.",machine-classified-unreviewed,legal-keyword-classifier,0.78
relationship-247496ed9d0d08a473a3,subjectOf,courtcase-09cddb797a53638ed482,finding-c29233035ad81a92c3f6f754,sec-litigation-releases,U.S. Securities and Exchange Commission — Litigation Releases,https://www.sec.gov/files/litigation/litreleases/2026/judg26489-lewis.pdf,2026-07-11T12:51:11.789Z,2026-07-11T12:51:11.789Z,A,established-wrongdoing,"The cited record is classified as a court, complaint, charge, indictment or judgment record.","A charge, complaint, arrest or indictment is not guilt. A final outcome applies only to the parties and conduct stated in the official record.",machine-classified-unreviewed,legal-keyword-classifier,0.78
relationship-64eaf7d8abec7aeffbe2,subjectOf,courtcase-09dcc615c45c6ae8f6d4,finding-e0e233197789c43920e8ded5,sec-litigation-releases,U.S. Securities and Exchange Commission — Litigation Releases,https://www.sec.gov/files/litigation/litreleases/2026/judg26515-prisno.pdf,2026-07-11T12:51:11.789Z,2026-07-11T12:51:11.789Z,A,established-wrongdoing,"The cited record is classified as a court, complaint, charge, indictment or judgment record.","A charge, complaint, arrest or indictment is not guilt. A final outcome applies only to the parties and conduct stated in the official record.",machine-classified-unreviewed,legal-keyword-classifier,0.78
relationship-843478d738e6ea498421,subjectOf,courtcase-0c97beaee42ca4a72941,finding-6aa174d9e44246806f0e27d2,doj-epstein-disclosures,U.S. Department of Justice — Epstein Disclosures,https://www.justice.gov/epstein/doj-disclosures/data-set-11-files,2026-07-11T12:51:11.789Z,2026-07-11T12:51:11.789Z,B,document-release,"The cited record is classified as a court, complaint, charge, indictment or judgment record.","A charge, complaint, arrest or indictment is not guilt. A final outcome applies only to the parties and conduct stated in the official record.",machine-classified-unreviewed,legal-keyword-classifier,0.78
relationship-3926d7f27d5e8d93fba4,subjectOf,courtcase-0e789f0f2980bb032252,finding-86705f73deac83b805ef4eea,sec-litigation-releases,U.S. Securities and Exchange Commission — Litigation Releases,https://www.sec.gov/files/litigation/litreleases/2026/judg26577.pdf,2026-07-11T12:51:11.789Z,2026-07-11T12:51:11.789Z,A,established-wrongdoing,"The cited record is classified as a court, complaint, charge, indictment or judgment record.","A charge, complaint, arrest or indictment is not guilt. A final outcome applies only to the parties and conduct stated in the official record.",machine-classified-unreviewed,legal-keyword-classifier,0.78
relationship-c06c2e1622385c4ae90e,subjectOf,courtcase-0eb51d5103fb6dc91629,finding-f3300dd4dbd88dfcfeef6587,doj-epstein-disclosures,U.S. Department of Justice — Epstein Disclosures,http://www.linkedin.com/shareArticle?mini=true&amp;url=https://www.justice.gov/epstein/doj-disclosures&amp;title=DOJ%20Disclosures,2026-07-11T12:51:11.789Z,2026-07-11T12:51:11.789Z,B,record-update,"The cited record is classified as a court, complaint, charge, indictment or judgment record.","A charge, complaint, arrest or indictment is not guilt. A final outcome applies only to the parties and conduct stated in the official record.",machine-classified-unreviewed,legal-keyword-classifier,0.78
relationship-ace61b835942ffb1ea30,subjectOf,courtcase-10ac3f10562f57f0e215,finding-b2440144f917a2ad008b8101,doj-justice-news,U.S. Department of Justice — Justice News,https://www.justice.gov/news,2026-07-11T12:51:11.789Z,2026-07-11T12:51:11.789Z,B,record-update,"The cited record is classified as a court, complaint, charge, indictment or judgment record.","A charge, complaint, arrest or indictment is not guilt. A final outcome applies only to the parties and conduct stated in the official record.",machine-classified-unreviewed,legal-keyword-classifier,0.78
relationship-92c372653637d27b1c95,subjectOf,courtcase-119f1dff383d84da5bcd,finding-b3da1d0797a1b7d1fbb0773b,sec-litigation-releases,U.S. Securities and Exchange Commission — Litigation Releases,https://www.sec.gov/files/litigation/litreleases/2026/judg26576.pdf,2026-07-11T12:51:11.789Z,2026-07-11T12:51:11.789Z,A,established-wrongdoing,"The cited record is classified as a court, complaint, charge, indictment or judgment record.","A charge, complaint, arrest or indictment is not guilt. A final outcome applies only to the parties and conduct stated in the official record.",machine-classified-unreviewed,legal-keyword-classifier,0.78
relationship-b3d20749f5c4058f81b0,subjectOf,courtcase-141044aeb7e1f3577e4d,finding-eea08e12995de57c7b8f279d,doj-epstein-disclosures,U.S. Department of Justice — Epstein Disclosures,https://www.justice.gov/epstein/doj-disclosures/data-set-4-files,2026-07-11T12:51:11.789Z,2026-07-11T12:51:11.789Z,B,document-release,"The cited record is classified as a court, complaint, charge, indictment or judgment record.","A charge, complaint, arrest or indictment is not guilt. A final outcome applies only to the parties and conduct stated in the official record.",machine-classified-unreviewed,legal-keyword-classifier,0.78
relationship-295d4e59b32fca104634,subjectOf,courtcase-16227c9c07615068eee6,finding-ea8c73c16b9786dddbc75149,sec-litigation-releases,U.S. Securities and Exchange Commission — Litigation Releases,https://www.sec.gov/files/litigation/litreleases/2026/judg26485.pdf,2026-07-11T12:51:11.789Z,2026-07-11T12:51:11.789Z,A,established-wrongdoing,"The cited record is classified as a court, complaint, charge, indictment or judgment record.","A charge, complaint, arrest or indictment is not guilt. A final outcome applies only to the parties and conduct stated in the official record.",machine-classified-unreviewed,legal-keyword-classifier,0.78
relationship-e73315c154f889b6b7cb,subjectOf,courtcase-172f154227774241e53d,finding-9631b6d463cf1226af57353c,doj-epstein-disclosures,U.S. Department of Justice — Epstein Disclosures,https://www.justice.gov/opa/pr/department-justice-publishes-35-million-responsive-pages-compliance-epstein-files,2026-07-11T12:51:11.789Z,2026-07-11T12:51:11.789Z,B,document-release,"The cited record is classified as a court, complaint, charge, indictment or judgment record.","A charge, complaint, arrest or indictment is not guilt. A final outcome applies only to the parties and conduct stated in the official record.",machine-classified-unreviewed,legal-keyword-classifier,0.78
relationship-4cf53b3e3ee455bdec12,subjectOf,courtcase-176dbf810769962dbede,finding-c8e4e1d2769612936d0b77da,sec-litigation-releases,U.S. Securities and Exchange Commission — Litigation Releases,https://www.sec.gov/files/litigation/litreleases/2026/judg26549-ortiz.pdf,2026-07-11T12:51:11.789Z,2026-07-11T12:51:11.789Z,A,established-wrongdoing,"The cited record is classified as a court, complaint, charge, indictment or judgment record.","A charge, complaint, arrest or indictment is not guilt. A final outcome applies only to the parties and conduct stated in the official record.",machine-classified-unreviewed,legal-keyword-classifier,0.78
relationship-4fe03bcab6f4de43b18a,subjectOf,courtcase-17ec99c7afaec9495c8e,finding-4d1178946fce26a6a5e8f720,doj-epstein-disclosures,U.S. Department of Justice — Epstein Disclosures,https://www.justice.gov/epstein/doj-disclosures/court-records-doe-v-indyke-no-119-cv-11869-sdny-2019,2026-07-11T12:51:11.789Z,2026-07-11T12:51:11.789Z,B,record-update,"The cited record is classified as a court, complaint, charge, indictment or judgment record.","A charge, complaint, arrest or indictment is not guilt. A final outcome applies only to the parties and conduct stated in the official record.",machine-classified-unreviewed,legal-keyword-classifier,0.78
relationship-b9e059ef5012fe00ff03,subjectOf,courtcase-198fe3600d02d5fca599,finding-6da7bc5c0e901486c3247584,doj-epstein-disclosures,U.S. Department of Justice — Epstein Disclosures,https://www.justice.gov/epstein/doj-disclosures/court-records-doe-no-101-v-epstein-no-909-cv-80591-sd-fla-2009,2026-07-11T12:51:11.789Z,2026-07-11T12:51:11.789Z,B,record-update,"The cited record is classified as a court, complaint, charge, indictment or judgment record.","A charge, complaint, arrest or indictment is not guilt. A final outcome applies only to the parties and conduct stated in the official record.",machine-classified-unreviewed,legal-keyword-classifier,0.78
relationship-3a671b5c36267153510a,subjectOf,courtcase-1c9c653029d40ffa257b,finding-fd0bd0d092ec5e7ef84616da,sec-litigation-releases,U.S. Securities and Exchange Commission — Litigation Releases,https://www.sec.gov/files/litigation/litreleases/2026/judg26557.pdf,2026-07-11T12:51:11.789Z,2026-07-11T12:51:11.789Z,A,established-wrongdoing,"The cited record is classified as a court, complaint, charge, indictment or judgment record.","A charge, complaint, arrest or indictment is not guilt. A final outcome applies only to the parties and conduct stated in the official record.",machine-classified-unreviewed,legal-keyword-classifier,0.78
relationship-bbf76d8ecb4d26559032,subjectOf,courtcase-1fe4e6f1033eb6581c88,finding-81a3e227e0e485e5e2e85733,sec-litigation-releases,U.S. Securities and Exchange Commission — Litigation Releases,https://www.sec.gov/files/litigation/litreleases/2026/judg26524.pdf,2026-07-11T12:51:11.789Z,2026-07-11T12:51:11.789Z,A,established-wrongdoing,"The cited record is classified as a court, complaint, charge, indictment or judgment record.","A charge, complaint, arrest or indictment is not guilt. A final outcome applies only to the parties and conduct stated in the official record.",machine-classified-unreviewed,legal-keyword-classifier,0.78
relationship-ed4fc3bad66833e6b1d5,subjectOf,courtcase-21c8fd2bea8fe3ab1aaa,finding-6b584347f3bc2b675c3f7bd2,doj-epstein-disclosures,U.S. Department of Justice — Epstein Disclosures,https://www.justice.gov/epstein/doj-disclosures/court-records-v-nine-east-71st-street-no-119-cv-07625-sdny-2019,2026-07-11T12:51:11.789Z,2026-07-11T12:51:11.789Z,B,record-update,"The cited record is classified as a court, complaint, charge, indictment or judgment record.","A charge, complaint, arrest or indictment is not guilt. A final outcome applies only to the parties and conduct stated in the official record.",machine-classified-unreviewed,legal-keyword-classifier,0.78
relationship-b34d85492c0c82039756,subjectOf,courtcase-254d3fbc0bafc274f55e,finding-4e47bc95f9c748f74a144169,eppo-news,European Public Prosecutor's Office — News,https://www.eppo.europa.eu/media/news/greece-57-convicted-eur17-million-agricultural-subsidy-fraud-involving-national-reserve-payments-2026-07-08_en,2026-07-11T12:51:11.789Z,2026-07-11T12:51:11.789Z,A,established-wrongdoing,"The cited record is classified as a court, complaint, charge, indictment or judgment record.","A charge, complaint, arrest or indictment is not guilt. A final outcome applies only to the parties and conduct stated in the official record.",machine-classified-unreviewed,legal-keyword-classifier,0.78
relationship-1776308a532f012f37e3,subjectOf,courtcase-25dc8bacbe179d36eecc,finding-45cf2275c0d97b3389533686,sec-litigation-releases,U.S. Securities and Exchange Commission — Litigation Releases,https://www.sec.gov/files/litigation/litreleases/2026/judg26528-dahmen.pdf,2026-07-11T12:51:11.789Z,2026-07-11T12:51:11.789Z,B,record-update,"The cited record is classified as a court, complaint, charge, indictment or judgment record.","A charge, complaint, arrest or indictment is not guilt. A final outcome applies only to the parties and conduct stated in the official record.",machine-classified-unreviewed,legal-keyword-classifier,0.78
relationship-1785be556cc03941c200,subjectOf,courtcase-261cd6de65d1bb20b2b3,finding-9fa5a0ad9018c5d8efa96ce7,sec-litigation-releases,U.S. Securities and Exchange Commission — Litigation Releases,https://www.sec.gov/files/litigation/litreleases/2026/judg26506-suzee-han.pdf,2026-07-11T12:51:11.789Z,2026-07-11T12:51:11.789Z,A,established-wrongdoing,"The cited record is classified as a court, complaint, charge, indictment or judgment record.","A charge, complaint, arrest or indictment is not guilt. A final outcome applies only to the parties and conduct stated in the official record.",machine-classified-unreviewed,legal-keyword-classifier,0.78
relationship-c95d03c488a4c2e9bfd0,subjectOf,courtcase-263dbeeb863db4159af6,finding-28d4c404aecdcea4089e9ed2,doj-epstein-disclosures,U.S. Department of Justice — Epstein Disclosures,https://www.justice.gov/epstein/doj-disclosures/court-records-doe-v-indyke-no-120-cv-02365-sdny-2020,2026-07-11T12:51:11.789Z,2026-07-11T12:51:11.789Z,B,record-update,"The cited record is classified as a court, complaint, charge, indictment or judgment record.","A charge, complaint, arrest or indictment is not guilt. A final outcome applies only to the parties and conduct stated in the official record.",machine-classified-unreviewed,legal-keyword-classifier,0.78
relationship-682b8476091e2e241d67,subjectOf,courtcase-27eed7c7d9bd96be75db,finding-908e93ff5a07d8b4500eed38,sec-litigation-releases,U.S. Securities and Exchange Commission — Litigation Releases,https://www.sec.gov/files/litigation/litreleases/2026/judg26580.pdf,2026-07-11T12:51:11.789Z,2026-07-11T12:51:11.789Z,A,established-wrongdoing,"The cited record is classified as a court, complaint, charge, indictment or judgment record.","A charge, complaint, arrest or indictment is not guilt. A final outcome applies only to the parties and conduct stated in the official record.",machine-classified-unreviewed,legal-keyword-classifier,0.78
relationship-4cf28eeb8db69d4e15f4,subjectOf,courtcase-28f2f83493b6a4a33aa3,finding-8b5fcbcbcce1dd2f3c66a749,sec-litigation-releases,U.S. Securities and Exchange Commission — Litigation Releases,https://www.sec.gov/files/litigation/litreleases/2026/judg26575.pdf,2026-07-11T12:51:11.789Z,2026-07-11T12:51:11.789Z,A,established-wrongdoing,"The cited record is classified as a court, complaint, charge, indictment or judgment record.","A charge, complaint, arrest or indictment is not guilt. A final outcome applies only to the parties and conduct stated in the official record.",machine-classified-unreviewed,legal-keyword-classifier,0.78
relationship-edd78d410815cefb6933,subjectOf,courtcase-2984ecc9e31ff63b7443,finding-082965d46ebe0197c48b4983,doj-epstein-disclosures,U.S. Department of Justice — Epstein Disclosures,https://www.justice.gov/epstein/doj-disclosures/data-set-8-files,2026-07-11T12:51:11.789Z,2026-07-11T12:51:11.789Z,B,document-release,"The cited record is classified as a court, complaint, charge, indictment or judgment record.","A charge, complaint, arrest or indictment is not guilt. A final outcome applies only to the parties and conduct stated in the official record.",machine-classified-unreviewed,legal-keyword-classifier,0.78
relationship-c0c8c761befa7b06dd21,subjectOf,courtcase-29b9f5f9f7980e12f604,finding-b03056213cc10a2476cda438,doj-epstein-disclosures,U.S. Department of Justice — Epstein Disclosures,https://www.justice.gov/epstein/doj-disclosures/data-set-3-files,2026-07-11T12:51:11.789Z,2026-07-11T12:51:11.789Z,B,document-release,"The cited record is classified as a court, complaint, charge, indictment or judgment record.","A charge, complaint, arrest or indictment is not guilt. A final outcome applies only to the parties and conduct stated in the official record.",machine-classified-unreviewed,legal-keyword-classifier,0.78
relationship-50eb87eb7c2a90acfcf8,subjectOf,courtcase-2b39711f4b9d96ab6e85,finding-76695ba4416b15324b90fc56,doj-epstein-disclosures,U.S. Department of Justice — Epstein Disclosures,https://www.justice.gov/epstein/doj-disclosures/court-records-v-indyke-no-119-cv-10479-sdny-2019,2026-07-11T12:51:11.789Z,2026-07-11T12:51:11.789Z,B,record-update,"The cited record is classified as a court, complaint, charge, indictment or judgment record.","A charge, complaint, arrest or indictment is not guilt. A final outcome applies only to the parties and conduct stated in the official record.",machine-classified-unreviewed,legal-keyword-classifier,0.78
relationship-4268675e5d84991ab282,subjectOf,courtcase-2c29a092b27cee987762,finding-a7105482b520092289b997f6,doj-epstein-disclosures,U.S. Department of Justice — Epstein Disclosures,https://www.justice.gov/epstein/doj-disclosures/court-records-state-florida-v-epstein-no-50-2008-cf-009381-axxx-mb-fla-15th-cir-ct-2008,2026-07-11T12:51:11.789Z,2026-07-11T12:51:11.789Z,B,record-update,"The cited record is classified as a court, complaint, charge, indictment or judgment record.","A charge, complaint, arrest or indictment is not guilt. A final outcome applies only to the parties and conduct stated in the official record.",machine-classified-unreviewed,legal-keyword-classifier,0.78
relationship-370cc7be0f38a99a8658,subjectOf,courtcase-2d6371494b07d48134db,finding-b60d456b9c61cee06f6603ce,sec-litigation-releases,U.S. Securities and Exchange Commission — Litigation Releases,https://www.sec.gov/files/litigation/litreleases/2026/judg26500-hao.pdf,2026-07-11T12:51:11.789Z,2026-07-11T12:51:11.789Z,A,established-wrongdoing,"The cited record is classified as a court, complaint, charge, indictment or judgment record.","A charge, complaint, arrest or indictment is not guilt. A final outcome applies only to the parties and conduct stated in the official record.",machine-classified-unreviewed,legal-keyword-classifier,0.78
relationship-9c43b87cec2185b4783b,subjectOf,courtcase-2eb3569e832cd0f98106,finding-7e24ede6753bcfaccd2af89c,doj-epstein-disclosures,U.S. Department of Justice — Epstein Disclosures,https://www.justice.gov/epstein/doj-disclosures/court-records-doe-no-103-v-epstein-no-910-cv-80309-sd-fla-2010,2026-07-11T12:51:11.789Z,2026-07-11T12:51:11.789Z,B,record-update,"The cited record is classified as a court, complaint, charge, indictment or judgment record.","A charge, complaint, arrest or indictment is not guilt. A final outcome applies only to the parties and conduct stated in the official record.",machine-classified-unreviewed,legal-keyword-classifier,0.78
relationship-1aaae5bf9f4d7e6df490,subjectOf,courtcase-2f70dcec8cbe4ebeb225,finding-789052cd46551658a29a03c5,doj-epstein-disclosures,U.S. Department of Justice — Epstein Disclosures,https://www.justice.gov/epstein/doj-disclosures/maxwell-proffer,2026-07-11T12:51:11.789Z,2026-07-11T12:51:11.789Z,B,record-update,"The cited record is classified as a court, complaint, charge, indictment or judgment record.","A charge, complaint, arrest or indictment is not guilt. A final outcome applies only to the parties and conduct stated in the official record.",machine-classified-unreviewed,legal-keyword-classifier,0.78
relationship-f63f9022f47711f67164,subjectOf,courtcase-307a2573de132b69f0c0,finding-96b05c92e631496231657f3b,eppo-news,European Public Prosecutor's Office — News,https://www.eppo.europa.eu/media/news/croatia-first-verdict-corruption-and-eu-funds-misuse-case-involving-ministry-culture-and-faculty-2026-07-07_en,2026-07-11T12:51:11.789Z,2026-07-11T12:51:11.789Z,B,wrongdoing-lead,"The cited record is classified as a court, complaint, charge, indictment or judgment record.","A charge, complaint, arrest or indictment is not guilt. A final outcome applies only to the parties and conduct stated in the official record.",machine-classified-unreviewed,legal-keyword-classifier,0.78
relationship-eac8bce9af7f6dace0e0,subjectOf,courtcase-31339a01f37600bcb9db,finding-8ca3f730799c2d89e967b5c9,sec-litigation-releases,U.S. Securities and Exchange Commission — Litigation Releases,https://www.sec.gov/files/litigation/litreleases/2026/judg26498-chad-miller.pdf,2026-07-11T12:51:11.789Z,2026-07-11T12:51:11.789Z,A,established-wrongdoing,"The cited record is classified as a court, complaint, charge, indictment or judgment record.","A charge, complaint, arrest or indictment is not guilt. A final outcome applies only to the parties and conduct stated in the official record.",machine-classified-unreviewed,legal-keyword-classifier,0.78
relationship-ba3b2aa3450f79f17b1a,subjectOf,courtcase-31d812d605de95921832,finding-cbd46140f573612814a8aeba,doj-epstein-disclosures,U.S. Department of Justice — Epstein Disclosures,https://www.justice.gov/epstein/doj-disclosures/court-records-doe-v-epstein-no-909-v-80469-sd-fla-2009,2026-07-11T12:51:11.789Z,2026-07-11T12:51:11.789Z,B,record-update,"The cited record is classified as a court, complaint, charge, indictment or judgment record.","A charge, complaint, arrest or indictment is not guilt. A final outcome applies only to the parties and conduct stated in the official record.",machine-classified-unreviewed,legal-keyword-classifier,0.78
relationship-d5fc347801c64fdf10b1,subjectOf,courtcase-325222bb3c7490150bd0,finding-dea2301f4b7a354af24238a4,doj-epstein-disclosures,U.S. Department of Justice — Epstein Disclosures,https://www.justice.gov/epstein/doj-disclosures/foia-customs-and-border-protection-cbp,2026-07-11T12:51:11.789Z,2026-07-11T12:51:11.789Z,B,record-update,"The cited record is classified as a court, complaint, charge, indictment or judgment record.","A charge, complaint, arrest or indictment is not guilt. A final outcome applies only to the parties and conduct stated in the official record.",machine-classified-unreviewed,legal-keyword-classifier,0.78
relationship-ea7636a1d8454c04f8a9,subjectOf,courtcase-331020a4f8dab133c318,finding-e986f2f565b8f10ac56cd395,doj-epstein-disclosures,U.S. Department of Justice — Epstein Disclosures,https://www.justice.gov/epstein/doj-disclosures/court-records-maxwell-v-estate-jeffrey-epstein-no-st-20-cv-155-vi-super-ct-2020,2026-07-11T12:51:11.789Z,2026-07-11T12:51:11.789Z,B,record-update,"The cited record is classified as a court, complaint, charge, indictment or judgment record.","A charge, complaint, arrest or indictment is not guilt. A final outcome applies only to the parties and conduct stated in the official record.",machine-classified-unreviewed,legal-keyword-classifier,0.78
relationship-2fe88b88d98312d4ac0e,subjectOf,courtcase-35e7d3b0617cb624a439,finding-93e7bb9b21bc9a5bb87f8f7a,sec-litigation-releases,U.S. Securities and Exchange Commission — Litigation Releases,https://www.sec.gov/files/litigation/litreleases/2026/judg26564.pdf,2026-07-11T12:51:11.789Z,2026-07-11T12:51:11.789Z,A,established-wrongdoing,"The cited record is classified as a court, complaint, charge, indictment or judgment record.","A charge, complaint, arrest or indictment is not guilt. A final outcome applies only to the parties and conduct stated in the official record.",machine-classified-unreviewed,legal-keyword-classifier,0.78
relationship-573cfe5e5b081fa36c50,subjectOf,courtcase-36b97d7ab951611544f8,finding-0d1a208466ca961f87bdbe14,sec-litigation-releases,U.S. Securities and Exchange Commission — Litigation Releases,https://www.sec.gov/files/litigation/litreleases/2026/consents26554-sadani.pdf,2026-07-11T12:51:11.789Z,2026-07-11T12:51:11.789Z,A,established-wrongdoing,"The cited record is classified as a court, complaint, charge, indictment or judgment record.","A charge, complaint, arrest or indictment is not guilt. A final outcome applies only to the parties and conduct stated in the official record.",machine-classified-unreviewed,legal-keyword-classifier,0.78
relationship-ac01f4e5e46d23b27ccd,subjectOf,courtcase-3b492c1cfd32d5bdee66,finding-58a8d2f9ddc676bc6c575053,doj-epstein-disclosures,U.S. Department of Justice — Epstein Disclosures,https://www.justice.gov/epstein/doj-disclosures/data-set-9-files,2026-07-11T12:51:11.789Z,2026-07-11T12:51:11.789Z,B,document-release,"The cited record is classified as a court, complaint, charge, indictment or judgment record.","A charge, complaint, arrest or indictment is not guilt. A final outcome applies only to the parties and conduct stated in the official record.",machine-classified-unreviewed,legal-keyword-classifier,0.78
relationship-17618c2107aaf63d992e,subjectOf,courtcase-3d031936d3a4b9f7dcc1,finding-3b99d718e9dd4294c4f003f4,doj-epstein-disclosures,U.S. Department of Justice — Epstein Disclosures,https://www.justice.gov/epstein/doj-disclosures/court-records-united-states-v-maxwell-no-22-1426-2d-cir-2022,2026-07-11T12:51:11.789Z,2026-07-11T12:51:11.789Z,B,record-update,"The cited record is classified as a court, complaint, charge, indictment or judgment record.","A charge, complaint, arrest or indictment is not guilt. A final outcome applies only to the parties and conduct stated in the official record.",machine-classified-unreviewed,legal-keyword-classifier,0.78
relationship-12a938da494c297da0e5,subjectOf,courtcase-40269dee00f02870a727,finding-1e43ec8e272bc23c7824442b,sec-litigation-releases,U.S. Securities and Exchange Commission — Litigation Releases,https://www.sec.gov/files/litigation/litreleases/2026/judg26568.pdf,2026-07-11T12:51:11.789Z,2026-07-11T12:51:11.789Z,A,established-wrongdoing,"The cited record is classified as a court, complaint, charge, indictment or judgment record.","A charge, complaint, arrest or indictment is not guilt. A final outcome applies only to the parties and conduct stated in the official record.",machine-classified-unreviewed,legal-keyword-classifier,0.78
relationship-dd8d1ba6409e9ffe719b,subjectOf,courtcase-41000ff2792a14d6a619,finding-4812aa0c228c623c55fd3f6a,doj-epstein-disclosures,U.S. Department of Justice — Epstein Disclosures,https://www.justice.gov/epstein/doj-disclosures/court-records-doe-no-4-v-epstein-no-908-cv-80380-sd-fla-2008,2026-07-11T12:51:11.789Z,2026-07-11T12:51:11.789Z,B,record-update,"The cited record is classified as a court, complaint, charge, indictment or judgment record.","A charge, complaint, arrest or indictment is not guilt. A final outcome applies only to the parties and conduct stated in the official record.",machine-classified-unreviewed,legal-keyword-classifier,0.78
relationship-e9d752e1401d09ed1575,subjectOf,courtcase-43252d02392345324957,finding-fa96f7b05fc88177b7556b23,doj-epstein-disclosures,U.S. Department of Justice — Epstein Disclosures,https://www.justice.gov/epstein/doj-disclosures/court-records-v-indyke-no-119-cv-10475-sdny-2019,2026-07-11T12:51:11.789Z,2026-07-11T12:51:11.789Z,B,record-update,"The cited record is classified as a court, complaint, charge, indictment or judgment record.","A charge, complaint, arrest or indictment is not guilt. A final outcome applies only to the parties and conduct stated in the official record.",machine-classified-unreviewed,legal-keyword-classifier,0.78
relationship-ff840232fceec623d496,subjectOf,courtcase-461af4c2740e06d2fa70,finding-392ea37d1d6b5e5c9af93b67,sec-litigation-releases,U.S. Securities and Exchange Commission — Litigation Releases,https://www.sec.gov/files/litigation/litreleases/2026/judg26565.pdf,2026-07-11T12:51:11.789Z,2026-07-11T12:51:11.789Z,A,established-wrongdoing,"The cited record is classified as a court, complaint, charge, indictment or judgment record.","A charge, complaint, arrest or indictment is not guilt. A final outcome applies only to the parties and conduct stated in the official record.",machine-classified-unreviewed,legal-keyword-classifier,0.78
relationship-e362fbcd7213f0010332,subjectOf,courtcase-47316a3bd62b58396409,finding-59b3bba3b9d3f139ac7cf70b,sec-litigation-releases,U.S. Securities and Exchange Commission — Litigation Releases,https://www.sec.gov/files/litigation/complaints/2026/judgment26548.pdf,2026-07-11T12:51:11.789Z,2026-07-11T12:51:11.789Z,A,established-wrongdoing,"The cited record is classified as a court, complaint, charge, indictment or judgment record.","A charge, complaint, arrest or indictment is not guilt. A final outcome applies only to the parties and conduct stated in the official record.",machine-classified-unreviewed,legal-keyword-classifier,0.78
relationship-34be5470f0b507f8b59b,subjectOf,courtcase-4fbbadb0adba0485d302,finding-9da4b7bbdd81696ece0628fe,doj-epstein-disclosures,U.S. Department of Justice — Epstein Disclosures,https://www.justice.gov/epstein/doj-disclosures/court-records-doe-1000-v-indyke-no-119-cv-10577-sdny-2019,2026-07-11T12:51:11.789Z,2026-07-11T12:51:11.789Z,B,record-update,"The cited record is classified as a court, complaint, charge, indictment or judgment record.","A charge, complaint, arrest or indictment is not guilt. A final outcome applies only to the parties and conduct stated in the official record.",machine-classified-unreviewed,legal-keyword-classifier,0.78
relationship-f9e64b18f5639f762558,subjectOf,courtcase-525d628ca74313c50c6b,finding-689f4fde078948c2631539bd,sec-litigation-releases,U.S. Securities and Exchange Commission — Litigation Releases,https://www.sec.gov/files/litigation/litreleases/2026/judg26489-oconnor.pdf,2026-07-11T12:51:11.789Z,2026-07-11T12:51:11.789Z,A,established-wrongdoing,"The cited record is classified as a court, complaint, charge, indictment or judgment record.","A charge, complaint, arrest or indictment is not guilt. A final outcome applies only to the parties and conduct stated in the official record.",machine-classified-unreviewed,legal-keyword-classifier,0.78
relationship-f715295832cec20b6112,subjectOf,courtcase-528b84e3ce7b97069e16,finding-3066a0de9bdf82ce01ddd38e,doj-epstein-disclosures,U.S. Department of Justice — Epstein Disclosures,https://oversight.house.gov/release/oversight-committee-releases-epstein-records-provided-by-the-department-of-justice/,2026-07-11T12:51:11.789Z,2026-07-11T12:51:11.789Z,B,record-update,"The cited record is classified as a court, complaint, charge, indictment or judgment record.","A charge, complaint, arrest or indictment is not guilt. A final outcome applies only to the parties and conduct stated in the official record.",machine-classified-unreviewed,legal-keyword-classifier,0.78
relationship-e7dd15c8da506b9c7b5f,subjectOf,courtcase-550bd7d962b3d9483ae7,finding-b36c021a9534424e131e8f14,sec-litigation-releases,U.S. Securities and Exchange Commission — Litigation Releases,https://www.sec.gov/files/litigation/litreleases/2026/judg26566.pdf,2026-07-11T12:51:11.789Z,2026-07-11T12:51:11.789Z,B,record-update,"The cited record is classified as a court, complaint, charge, indictment or judgment record.","A charge, complaint, arrest or indictment is not guilt. A final outcome applies only to the parties and conduct stated in the official record.",machine-classified-unreviewed,legal-keyword-classifier,0.78
relationship-96dda2b7c9bb863f26fa,subjectOf,courtcase-5c3879a46e4de29059ad,finding-bcd16861ddee1a6a114900fc,sec-litigation-releases,U.S. Securities and Exchange Commission — Litigation Releases,https://www.sec.gov/files/litigation/litreleases/2026/judg26489-waugh.pdf,2026-07-11T12:51:11.789Z,2026-07-11T12:51:11.789Z,A,established-wrongdoing,"The cited record is classified as a court, complaint, charge, indictment or judgment record.","A charge, complaint, arrest or indictment is not guilt. A final outcome applies only to the parties and conduct stated in the official record.",machine-classified-unreviewed,legal-keyword-classifier,0.78
relationship-9044d92c1d12abf07c39,subjectOf,courtcase-5e37321418f13125201d,finding-d2b8825ad95d8d6c890e0b21,doj-epstein-disclosures,U.S. Department of Justice — Epstein Disclosures,https://www.justice.gov/epstein/doj-disclosures/court-records-doe-v-epstein-no-908-cv-80069-sd-fla-2008,2026-07-11T12:51:11.789Z,2026-07-11T12:51:11.789Z,B,record-update,"The cited record is classified as a court, complaint, charge, indictment or judgment record.","A charge, complaint, arrest or indictment is not guilt. A final outcome applies only to the parties and conduct stated in the official record.",machine-classified-unreviewed,legal-keyword-classifier,0.78
relationship-24bb8af87b205e7ae999,subjectOf,courtcase-5f0fc6d1182c87c3f777,finding-a59e6c703b47ece9c0e5dceb,sec-litigation-releases,U.S. Securities and Exchange Commission — Litigation Releases,https://www.sec.gov/files/litigation/litreleases/2026/judgment26496.pdf,2026-07-11T12:51:11.789Z,2026-07-11T12:51:11.789Z,B,record-update,"The cited record is classified as a court, complaint, charge, indictment or judgment record.","A charge, complaint, arrest or indictment is not guilt. A final outcome applies only to the parties and conduct stated in the official record.",machine-classified-unreviewed,legal-keyword-classifier,0.78
relationship-af665ce5477b7696b9a5,subjectOf,courtcase-609c62fcaf0425acc46e,finding-3c9a07efa8a2571114ff516c,doj-epstein-disclosures,U.S. Department of Justice — Epstein Disclosures,https://www.justice.gov/epstein/doj-disclosures/court-records-jane-doe-43-v-epstein-no-117-cv-00616-sdny-2017,2026-07-11T12:51:11.789Z,2026-07-11T12:51:11.789Z,B,record-update,"The cited record is classified as a court, complaint, charge, indictment or judgment record.","A charge, complaint, arrest or indictment is not guilt. A final outcome applies only to the parties and conduct stated in the official record.",machine-classified-unreviewed,legal-keyword-classifier,0.78
relationship-5fa77e06163da7bded31,subjectOf,courtcase-61692c99c8b6f7e772bd,finding-e82d8c38d4193cf40e6d293c,sec-litigation-releases,U.S. Securities and Exchange Commission — Litigation Releases,https://www.sec.gov/files/litigation/litreleases/2026/judg26579-kushner.pdf,2026-07-11T12:51:11.789Z,2026-07-11T12:51:11.789Z,B,record-update,"The cited record is classified as a court, complaint, charge, indictment or judgment record.","A charge, complaint, arrest or indictment is not guilt. A final outcome applies only to the parties and conduct stated in the official record.",machine-classified-unreviewed,legal-keyword-classifier,0.78
relationship-493c97cafa08c2101880,subjectOf,courtcase-61e9937fef8600e6750f,finding-1e9580ff63e3f1f5d9551d97,doj-epstein-disclosures,U.S. Department of Justice — Epstein Disclosures,https://www.justice.gov/epstein/doj-disclosures/court-records-v-epstein-no-910-cv-81111-sd-fla-2010,2026-07-11T12:51:11.789Z,2026-07-11T12:51:11.789Z,B,record-update,"The cited record is classified as a court, complaint, charge, indictment or judgment record.","A charge, complaint, arrest or indictment is not guilt. A final outcome applies only to the parties and conduct stated in the official record.",machine-classified-unreviewed,legal-keyword-classifier,0.78
relationship-7dd00c1a1c7e3ae62853,subjectOf,courtcase-63b49ee9fcf4db630cf2,finding-37b5afe9bd8190ff8e8aeb64,doj-epstein-disclosures,U.S. Department of Justice — Epstein Disclosures,https://www.justice.gov/epstein/doj-disclosures/court-records-doe-no-5-v-epstein-no-908-cv-80381-sd-fla-2008,2026-07-11T12:51:11.789Z,2026-07-11T12:51:11.789Z,B,record-update,"The cited record is classified as a court, complaint, charge, indictment or judgment record.","A charge, complaint, arrest or indictment is not guilt. A final outcome applies only to the parties and conduct stated in the official record.",machine-classified-unreviewed,legal-keyword-classifier,0.78
relationship-cb759df8db6bbb5aa4b1,subjectOf,courtcase-6495424edad90ea6be10,finding-3db20bff474c8f74511b1d29,doj-epstein-disclosures,U.S. Department of Justice — Epstein Disclosures,https://www.justice.gov/epstein/doj-disclosures/foia-florida,2026-07-11T12:51:11.789Z,2026-07-11T12:51:11.789Z,B,record-update,"The cited record is classified as a court, complaint, charge, indictment or judgment record.","A charge, complaint, arrest or indictment is not guilt. A final outcome applies only to the parties and conduct stated in the official record.",machine-classified-unreviewed,legal-keyword-classifier,0.78
relationship-c808f777f7b3835ed293,subjectOf,courtcase-65d5e3df7936e2f72990,finding-a45f1867dc1464bf90c6e61c,doj-epstein-disclosures,U.S. Department of Justice — Epstein Disclosures,https://www.justice.gov/epstein/doj-disclosures/court-records-v-indyke-no-119-cv-10474-sdny-2019,2026-07-11T12:51:11.789Z,2026-07-11T12:51:11.789Z,B,record-update,"The cited record is classified as a court, complaint, charge, indictment or judgment record.","A charge, complaint, arrest or indictment is not guilt. A final outcome applies only to the parties and conduct stated in the official record.",machine-classified-unreviewed,legal-keyword-classifier,0.78
relationship-015776efa474213ab8cd,subjectOf,courtcase-65fb7267d8433706668f,finding-c465a503b00cfc994561363b,sec-litigation-releases,U.S. Securities and Exchange Commission — Litigation Releases,https://www.sec.gov/files/litigation/litreleases/2026/judg26545-treusch.pdf,2026-07-11T12:51:11.789Z,2026-07-11T12:51:11.789Z,A,established-wrongdoing,"The cited record is classified as a court, complaint, charge, indictment or judgment record.","A charge, complaint, arrest or indictment is not guilt. A final outcome applies only to the parties and conduct stated in the official record.",machine-classified-unreviewed,legal-keyword-classifier,0.78
relationship-f1030eae4ce4bdf01938,subjectOf,courtcase-666be8ca8518d6a588d4,finding-580476645c3c4f084b9427dd,doj-epstein-disclosures,U.S. Department of Justice — Epstein Disclosures,https://www.justice.gov/epstein/doj-disclosures/court-records-v-epstein-909-cv-81092-sd-fla-2009,2026-07-11T12:51:11.789Z,2026-07-11T12:51:11.789Z,B,record-update,"The cited record is classified as a court, complaint, charge, indictment or judgment record.","A charge, complaint, arrest or indictment is not guilt. A final outcome applies only to the parties and conduct stated in the official record.",machine-classified-unreviewed,legal-keyword-classifier,0.78
relationship-5a800b7df2cf17a34a73,subjectOf,courtcase-6789491ff7350c655f61,finding-e7ec714af3a517ae0b8fe68c,doj-epstein-disclosures,U.S. Department of Justice — Epstein Disclosures,https://www.justice.gov/epstein/doj-disclosures/court-records-maxwell-v-united-states-no-24-1073-us-2025-petition-cert,2026-07-11T12:51:11.789Z,2026-07-11T12:51:11.789Z,B,record-update,"The cited record is classified as a court, complaint, charge, indictment or judgment record.","A charge, complaint, arrest or indictment is not guilt. A final outcome applies only to the parties and conduct stated in the official record.",machine-classified-unreviewed,legal-keyword-classifier,0.78
relationship-a2ac6fdc6f363e269b63,subjectOf,courtcase-67c3026cd4f4d1799497,finding-fbe62155f2122548101fe9f0,federal-register-latest,Federal Register — Latest Documents,https://www.federalregister.gov/documents/2026/07/10/2026-13993/certain-pre-stretched-synthetic-braiding-hair-and-packaging-therefor-notice-of-commission,2026-07-10T00:00:00.000Z,2026-07-11T12:51:11.789Z,B,record-update,"The cited record is classified as a court, complaint, charge, indictment or judgment record.","A charge, complaint, arrest or indictment is not guilt. A final outcome applies only to the parties and conduct stated in the official record.",machine-classified-unreviewed,legal-keyword-classifier,0.78
relationship-4b5a2e821fcbffe2dfc5,subjectOf,courtcase-687056e66f372ab3dc55,finding-01a6c576de317aa2b9d204ca,sec-litigation-releases,U.S. Securities and Exchange Commission — Litigation Releases,https://www.sec.gov/files/litigation/litreleases/2026/26526-final-judgment-arthur.pdf,2026-07-11T12:51:11.789Z,2026-07-11T12:51:11.789Z,A,established-wrongdoing,"The cited record is classified as a court, complaint, charge, indictment or judgment record.","A charge, complaint, arrest or indictment is not guilt. A final outcome applies only to the parties and conduct stated in the official record.",machine-classified-unreviewed,legal-keyword-classifier,0.78
relationship-2d3c574233cd497e0217,subjectOf,courtcase-6a2845f07ec6e180b611,finding-5a25689830c47ce95aed0606,sec-litigation-releases,U.S. Securities and Exchange Commission — Litigation Releases,https://www.sec.gov/files/litigation/litreleases/2026/judg26498-puzzullo.pdf,2026-07-11T12:51:11.789Z,2026-07-11T12:51:11.789Z,A,established-wrongdoing,"The cited record is classified as a court, complaint, charge, indictment or judgment record.","A charge, complaint, arrest or indictment is not guilt. A final outcome applies only to the parties and conduct stated in the official record.",machine-classified-unreviewed,legal-keyword-classifier,0.78
relationship-32f7aa202ec8b31815fd,subjectOf,courtcase-6a35469f0dd32c4e06c7,finding-e19f403793261923a3244e16,doj-epstein-disclosures,U.S. Department of Justice — Epstein Disclosures,https://www.justice.gov/epstein/doj-disclosures/court-records-v-maxwell-no-115-cv-07433-sdny-2015,2026-07-11T12:51:11.789Z,2026-07-11T12:51:11.789Z,B,record-update,"The cited record is classified as a court, complaint, charge, indictment or judgment record.","A charge, complaint, arrest or indictment is not guilt. A final outcome applies only to the parties and conduct stated in the official record.",machine-classified-unreviewed,legal-keyword-classifier,0.78
relationship-033b3324f09b8a5b1d38,subjectOf,courtcase-6aa2e47b015c0e260f80,finding-8194b7e8b7e811fe8d10ab2f,sec-litigation-releases,U.S. Securities and Exchange Commission — Litigation Releases,https://www.sec.gov/files/litigation/litreleases/2026/judg26582-mark-jacobs.pdf,2026-07-11T12:51:11.789Z,2026-07-11T12:51:11.789Z,A,established-wrongdoing,"The cited record is classified as a court, complaint, charge, indictment or judgment record.","A charge, complaint, arrest or indictment is not guilt. A final outcome applies only to the parties and conduct stated in the official record.",machine-classified-unreviewed,legal-keyword-classifier,0.78
relationship-e867a96d4fc3518deef2,subjectOf,courtcase-6b5617dbc20e98f7fb6a,finding-258185678381402b467347e6,sec-litigation-releases,U.S. Securities and Exchange Commission — Litigation Releases,https://www.sec.gov/files/litigation/litreleases/2026/judg26498-randy-miller.pdf,2026-07-11T12:51:11.789Z,2026-07-11T12:51:11.789Z,A,established-wrongdoing,"The cited record is classified as a court, complaint, charge, indictment or judgment record.","A charge, complaint, arrest or indictment is not guilt. A final outcome applies only to the parties and conduct stated in the official record.",machine-classified-unreviewed,legal-keyword-classifier,0.78
relationship-57f97c912aa92ab60713,subjectOf,courtcase-6cfc938a9826822d6145,finding-b6ffa72678720ed7406ccfa3,doj-epstein-disclosures,U.S. Department of Justice — Epstein Disclosures,https://www.justice.gov/epstein/doj-disclosures/court-records-united-states-v-maxwell-no-120-mj-00132-dnh-2020,2026-07-11T12:51:11.789Z,2026-07-11T12:51:11.789Z,B,record-update,"The cited record is classified as a court, complaint, charge, indictment or judgment record.","A charge, complaint, arrest or indictment is not guilt. A final outcome applies only to the parties and conduct stated in the official record.",machine-classified-unreviewed,legal-keyword-classifier,0.78
relationship-23f9c4827304177868c3,subjectOf,courtcase-6de5b7227da07f608c75,finding-c022c6c16732bb0ad1abc191,doj-epstein-disclosures,U.S. Department of Justice — Epstein Disclosures,https://www.justice.gov/epstein/doj-disclosures/court-records-doe-no-102-v-epstein-no-909-cv-80656-sd-fla-2009,2026-07-11T12:51:11.789Z,2026-07-11T12:51:11.789Z,B,record-update,"The cited record is classified as a court, complaint, charge, indictment or judgment record.","A charge, complaint, arrest or indictment is not guilt. A final outcome applies only to the parties and conduct stated in the official record.",machine-classified-unreviewed,legal-keyword-classifier,0.78
relationship-39f8e5c67c85fc2a60f1,subjectOf,courtcase-6ea529cffd7461f4af58,finding-9a958437e50a2bb261dfb681,doj-epstein-disclosures,U.S. Department of Justice — Epstein Disclosures,https://www.justice.gov/epstein/doj-disclosures/court-records-united-states-v-maxwell-no-120-cr-00330-sdny-2020,2026-07-11T12:51:11.789Z,2026-07-11T12:51:11.789Z,B,record-update,"The cited record is classified as a court, complaint, charge, indictment or judgment record.","A charge, complaint, arrest or indictment is not guilt. A final outcome applies only to the parties and conduct stated in the official record.",machine-classified-unreviewed,legal-keyword-classifier,0.78
relationship-e52196cfb6af3af8db75,subjectOf,courtcase-7045f01245bef28c6789,finding-e4d374fd2a41651d4de038cc,doj-epstein-disclosures,U.S. Department of Justice — Epstein Disclosures,https://www.justice.gov/epstein/doj-disclosures/data-set-6-files,2026-07-11T12:51:11.789Z,2026-07-11T12:51:11.789Z,B,document-release,"The cited record is classified as a court, complaint, charge, indictment or judgment record.","A charge, complaint, arrest or indictment is not guilt. A final outcome applies only to the parties and conduct stated in the official record.",machine-classified-unreviewed,legal-keyword-classifier,0.78
relationship-dc35d3b7be72568c2338,subjectOf,courtcase-715af56c41d9a52910a2,finding-0135f68d0846e600b495a4f0,doj-epstein-disclosures,U.S. Department of Justice — Epstein Disclosures,https://www.justice.gov/epstein/doj-disclosures/court-records-united-states-v-maxwell-no-21-0770-2d-cir-2021,2026-07-11T12:51:11.789Z,2026-07-11T12:51:11.789Z,B,record-update,"The cited record is classified as a court, complaint, charge, indictment or judgment record.","A charge, complaint, arrest or indictment is not guilt. A final outcome applies only to the parties and conduct stated in the official record.",machine-classified-unreviewed,legal-keyword-classifier,0.78
relationship-1b9ffa88264239f0a177,subjectOf,courtcase-726c5226e8f6a8ae6a5b,finding-855c24f1119d6a694866d72e,sec-litigation-releases,U.S. Securities and Exchange Commission — Litigation Releases,https://www.sec.gov/files/litigation/litreleases/2026/judg26503.pdf,2026-07-11T12:51:11.789Z,2026-07-11T12:51:11.789Z,A,established-wrongdoing,"The cited record is classified as a court, complaint, charge, indictment or judgment record.","A charge, complaint, arrest or indictment is not guilt. A final outcome applies only to the parties and conduct stated in the official record.",machine-classified-unreviewed,legal-keyword-classifier,0.78
relationship-cfbd84d9ba92f67e195e,subjectOf,courtcase-7c8540002ad8d2e27ba1,finding-7b51ccf5eac29822720d84c2,sec-litigation-releases,U.S. Securities and Exchange Commission — Litigation Releases,https://www.sec.gov/files/litigation/litreleases/2026/judg26545-lloyd.pdf,2026-07-11T12:51:11.789Z,2026-07-11T12:51:11.789Z,A,established-wrongdoing,"The cited record is classified as a court, complaint, charge, indictment or judgment record.","A charge, complaint, arrest or indictment is not guilt. A final outcome applies only to the parties and conduct stated in the official record.",machine-classified-unreviewed,legal-keyword-classifier,0.78
relationship-33fe142afd719180f8bb,subjectOf,courtcase-7cf63353c8966127e6f9,finding-4cc4bc9d2a4e521e803e7aa3,sec-litigation-releases,U.S. Securities and Exchange Commission — Litigation Releases,https://www.sec.gov/files/litigation/litreleases/2026/judg26508.pdf,2026-07-11T12:51:11.789Z,2026-07-11T12:51:11.789Z,A,established-wrongdoing,"The cited record is classified as a court, complaint, charge, indictment or judgment record.","A charge, complaint, arrest or indictment is not guilt. A final outcome applies only to the parties and conduct stated in the official record.",machine-classified-unreviewed,legal-keyword-classifier,0.78
relationship-8e81d457ea68a8721d46,subjectOf,courtcase-7cfa766946d9626c5989,finding-b6cea3e082955199ac1ce775,doj-epstein-disclosures,U.S. Department of Justice — Epstein Disclosures,https://www.justice.gov/epstein/doj-disclosures/data-set-2-files,2026-07-11T12:51:11.789Z,2026-07-11T12:51:11.789Z,B,document-release,"The cited record is classified as a court, complaint, charge, indictment or judgment record.","A charge, complaint, arrest or indictment is not guilt. A final outcome applies only to the parties and conduct stated in the official record.",machine-classified-unreviewed,legal-keyword-classifier,0.78
relationship-47ee476090c5d0556445,subjectOf,courtcase-7d1f9e688ec2ae595d93,finding-04c6b72a1420bdc18a7613a1,doj-epstein-disclosures,U.S. Department of Justice — Epstein Disclosures,https://www.justice.gov/epstein/doj-disclosures/court-records-doe-17-v-indyke-no-119-cv-09610-sdny-2019,2026-07-11T12:51:11.789Z,2026-07-11T12:51:11.789Z,B,record-update,"The cited record is classified as a court, complaint, charge, indictment or judgment record.","A charge, complaint, arrest or indictment is not guilt. A final outcome applies only to the parties and conduct stated in the official record.",machine-classified-unreviewed,legal-keyword-classifier,0.78
relationship-ac5bbb35f87ccc465b4b,subjectOf,courtcase-7f1fb6d06070f77ac137,finding-151385790745459ca9a5cc73,doj-epstein-disclosures,U.S. Department of Justice — Epstein Disclosures,https://www.justice.gov/epstein/doj-disclosures/court-records-united-states-v-maxwell-no-21-0058-2d-cir-2021,2026-07-11T12:51:11.789Z,2026-07-11T12:51:11.789Z,B,record-update,"The cited record is classified as a court, complaint, charge, indictment or judgment record.","A charge, complaint, arrest or indictment is not guilt. A final outcome applies only to the parties and conduct stated in the official record.",machine-classified-unreviewed,legal-keyword-classifier,0.78
relationship-60f35a9a6309f779937d,subjectOf,courtcase-7fb7706d07e2d3b3c2e6,finding-1362ff063308acf7a1d207a3,doj-epstein-disclosures,U.S. Department of Justice — Epstein Disclosures,https://www.justice.gov/epstein/doj-disclosures/court-records-doe-v-epstein-no-908-cv-80804-sd-fla-2008,2026-07-11T12:51:11.789Z,2026-07-11T12:51:11.789Z,B,record-update,"The cited record is classified as a court, complaint, charge, indictment or judgment record.","A charge, complaint, arrest or indictment is not guilt. A final outcome applies only to the parties and conduct stated in the official record.",machine-classified-unreviewed,legal-keyword-classifier,0.78
relationship-8d5e76c425b512d97d89,subjectOf,courtcase-7ff1da65f95dce3ef154,finding-004b54a319a896c84a534e30,doj-epstein-disclosures,U.S. Department of Justice — Epstein Disclosures,https://www.justice.gov/epstein/doj-disclosures/court-records-v-indyke-no-119-cv-10788-sdny-2019,2026-07-11T12:51:11.789Z,2026-07-11T12:51:11.789Z,B,record-update,"The cited record is classified as a court, complaint, charge, indictment or judgment record.","A charge, complaint, arrest or indictment is not guilt. A final outcome applies only to the parties and conduct stated in the official record.",machine-classified-unreviewed,legal-keyword-classifier,0.78
relationship-2f305b2faebe096d813b,subjectOf,courtcase-81f7435a73674820b3b5,finding-b3814745bfa66f3d1a8a833e,sec-litigation-releases,U.S. Securities and Exchange Commission — Litigation Releases,https://www.sec.gov/files/litigation/litreleases/2026/judg26543.pdf,2026-07-11T12:51:11.789Z,2026-07-11T12:51:11.789Z,A,established-wrongdoing,"The cited record is classified as a court, complaint, charge, indictment or judgment record.","A charge, complaint, arrest or indictment is not guilt. A final outcome applies only to the parties and conduct stated in the official record.",machine-classified-unreviewed,legal-keyword-classifier,0.78
relationship-b72e5739dd1f3ee3e19c,subjectOf,courtcase-835bc8a868bb55e5fdae,finding-068fcfccd501366853d54306,sec-litigation-releases,U.S. Securities and Exchange Commission — Litigation Releases,https://www.sec.gov/files/litigation/litreleases/2026/judg26493.pdf,2026-07-11T12:51:11.789Z,2026-07-11T12:51:11.789Z,A,established-wrongdoing,"The cited record is classified as a court, complaint, charge, indictment or judgment record.","A charge, complaint, arrest or indictment is not guilt. A final outcome applies only to the parties and conduct stated in the official record.",machine-classified-unreviewed,legal-keyword-classifier,0.78
relationship-decde953c72a5257739a,subjectOf,courtcase-848cf7f285111935c800,finding-cf53bb9e78937f9225db689c,sec-litigation-releases,U.S. Securities and Exchange Commission — Litigation Releases,https://www.sec.gov/files/litigation/litreleases/2026/judg26583-bajic.pdf,2026-07-11T12:51:11.789Z,2026-07-11T12:51:11.789Z,A,established-wrongdoing,"The cited record is classified as a court, complaint, charge, indictment or judgment record.","A charge, complaint, arrest or indictment is not guilt. A final outcome applies only to the parties and conduct stated in the official record.",machine-classified-unreviewed,legal-keyword-classifier,0.78
relationship-5286b8b135af90ca7fac,subjectOf,courtcase-85eb32e8ff0f0c3fb132,finding-ed0ea038df1656aae85f9da0,doj-epstein-disclosures,U.S. Department of Justice — Epstein Disclosures,https://www.justice.gov/epstein/search,2026-07-11T12:51:11.789Z,2026-07-11T12:51:11.789Z,B,record-update,"The cited record is classified as a court, complaint, charge, indictment or judgment record.","A charge, complaint, arrest or indictment is not guilt. A final outcome applies only to the parties and conduct stated in the official record.",machine-classified-unreviewed,legal-keyword-classifier,0.78
relationship-39f9bd18b7fa1d0698ac,subjectOf,courtcase-8fd14432dc3a1159708b,finding-1db72545198150ca0100e704,doj-epstein-disclosures,U.S. Department of Justice — Epstein Disclosures,https://www.justice.gov/epstein/doj-disclosures/data-set-10-files,2026-07-11T12:51:11.789Z,2026-07-11T12:51:11.789Z,B,document-release,"The cited record is classified as a court, complaint, charge, indictment or judgment record.","A charge, complaint, arrest or indictment is not guilt. A final outcome applies only to the parties and conduct stated in the official record.",machine-classified-unreviewed,legal-keyword-classifier,0.78
relationship-be5b4f8b0121d4200ebc,subjectOf,courtcase-9229ab0856bc31f43312,finding-cbe37998b4486fdf1f877814,doj-epstein-disclosures,U.S. Department of Justice — Epstein Disclosures,https://www.justice.gov/media/1426281/dl?inline,2026-07-11T12:51:11.789Z,2026-07-11T12:51:11.789Z,B,document-release,"The cited record is classified as a court, complaint, charge, indictment or judgment record.","A charge, complaint, arrest or indictment is not guilt. A final outcome applies only to the parties and conduct stated in the official record.",machine-classified-unreviewed,legal-keyword-classifier,0.78
relationship-e72dfb61363ce9a43933,subjectOf,courtcase-9276760752d736cad0ab,finding-61b7eb9ffc5009da34e2975a,doj-epstein-disclosures,U.S. Department of Justice — Epstein Disclosures,https://www.justice.gov/epstein/doj-disclosures#main-content,2026-07-11T12:51:11.789Z,2026-07-11T12:51:11.789Z,B,record-update,"The cited record is classified as a court, complaint, charge, indictment or judgment record.","A charge, complaint, arrest or indictment is not guilt. A final outcome applies only to the parties and conduct stated in the official record.",machine-classified-unreviewed,legal-keyword-classifier,0.78
relationship-3446adfd3995671355d1,subjectOf,courtcase-930eae08a514667d4126,finding-a2fb01f0b53b59661ced68c0,sec-litigation-releases,U.S. Securities and Exchange Commission — Litigation Releases,https://www.sec.gov/files/litigation/litreleases/2026/26526-bongiorno-opinion-granting-summary-judgment.pdf,2026-07-11T12:51:11.789Z,2026-07-11T12:51:11.789Z,B,record-update,"The cited record is classified as a court, complaint, charge, indictment or judgment record.","A charge, complaint, arrest or indictment is not guilt. A final outcome applies only to the parties and conduct stated in the official record.",machine-classified-unreviewed,legal-keyword-classifier,0.78
relationship-07a4b5969253f685a85e,subjectOf,courtcase-93aab1768001f7dc961c,finding-58b70a0201a8b0301acc9b4c,doj-epstein-disclosures,U.S. Department of Justice — Epstein Disclosures,https://www.justice.gov/epstein/doj-disclosures/data-set-5-files,2026-07-11T12:51:11.789Z,2026-07-11T12:51:11.789Z,B,document-release,"The cited record is classified as a court, complaint, charge, indictment or judgment record.","A charge, complaint, arrest or indictment is not guilt. A final outcome applies only to the parties and conduct stated in the official record.",machine-classified-unreviewed,legal-keyword-classifier,0.78
relationship-734cf1620c896ee35926,subjectOf,courtcase-9403a4fc68876965dc5a,finding-92de72c0f2abc8dd8c8ec65c,sec-litigation-releases,U.S. Securities and Exchange Commission — Litigation Releases,https://www.sec.gov/files/litigation/litreleases/2026/judg26550.pdf,2026-07-11T12:51:11.789Z,2026-07-11T12:51:11.789Z,A,established-wrongdoing,"The cited record is classified as a court, complaint, charge, indictment or judgment record.","A charge, complaint, arrest or indictment is not guilt. A final outcome applies only to the parties and conduct stated in the official record.",machine-classified-unreviewed,legal-keyword-classifier,0.78
relationship-6e0219cfb4559bdc61e1,subjectOf,courtcase-95a18128b4ae7ffb7230,finding-1ee8aa917958365896c482aa,doj-epstein-disclosures,U.S. Department of Justice — Epstein Disclosures,https://www.justice.gov/epstein/doj-disclosures/court-records-re-grand-jury-05-02-wpb-07-103-wpb-no-925-mc-80920-sd-fla-2025,2026-07-11T12:51:11.789Z,2026-07-11T12:51:11.789Z,B,record-update,"The cited record is classified as a court, complaint, charge, indictment or judgment record.","A charge, complaint, arrest or indictment is not guilt. A final outcome applies only to the parties and conduct stated in the official record.",machine-classified-unreviewed,legal-keyword-classifier,0.78
relationship-b9ba34ac265093e2e8a1,subjectOf,courtcase-9638f8cfb84cf6d86d3e,finding-2fc4b446e5fb62c5bc2360d1,doj-epstein-disclosures,U.S. Department of Justice — Epstein Disclosures,https://www.justice.gov/epstein/doj-disclosures/court-records-doe-v-indyke-no-120-cv-00484-sdny-2020,2026-07-11T12:51:11.789Z,2026-07-11T12:51:11.789Z,B,record-update,"The cited record is classified as a court, complaint, charge, indictment or judgment record.","A charge, complaint, arrest or indictment is not guilt. A final outcome applies only to the parties and conduct stated in the official record.",machine-classified-unreviewed,legal-keyword-classifier,0.78
relationship-521b1c0b1fb89f9255a0,subjectOf,courtcase-9adf9988a5d24c36a0e0,finding-a0f522c2384cc895ec05df53,doj-epstein-disclosures,U.S. Department of Justice — Epstein Disclosures,https://www.justice.gov/epstein/doj-disclosures/court-records-v-maxwell-no-117-mc-00025-sdny-2016,2026-07-11T12:51:11.789Z,2026-07-11T12:51:11.789Z,B,record-update,"The cited record is classified as a court, complaint, charge, indictment or judgment record.","A charge, complaint, arrest or indictment is not guilt. A final outcome applies only to the parties and conduct stated in the official record.",machine-classified-unreviewed,legal-keyword-classifier,0.78
relationship-76e7863e13cc2f5da8a0,subjectOf,courtcase-9b01eefa6f12df4328c8,finding-ab4520ad85bff15354423b11,sec-litigation-releases,U.S. Securities and Exchange Commission — Litigation Releases,https://www.sec.gov/files/litigation/litreleases/2026/judg26583-mcknight.pdf,2026-07-11T12:51:11.789Z,2026-07-11T12:51:11.789Z,A,established-wrongdoing,"The cited record is classified as a court, complaint, charge, indictment or judgment record.","A charge, complaint, arrest or indictment is not guilt. A final outcome applies only to the parties and conduct stated in the official record.",machine-classified-unreviewed,legal-keyword-classifier,0.78
relationship-f73d13ca7d2ed2e49468,subjectOf,courtcase-9e11fdfe21e232621018,finding-8f5e9075eecd3a21b17c4228,sec-litigation-releases,U.S. Securities and Exchange Commission — Litigation Releases,https://www.sec.gov/files/litigation/litreleases/2026/judg26492-lawrence.pdf,2026-07-11T12:51:11.789Z,2026-07-11T12:51:11.789Z,A,established-wrongdoing,"The cited record is classified as a court, complaint, charge, indictment or judgment record.","A charge, complaint, arrest or indictment is not guilt. A final outcome applies only to the parties and conduct stated in the official record.",machine-classified-unreviewed,legal-keyword-classifier,0.78
relationship-5d918a4b29c1eb09058c,subjectOf,courtcase-a1b01058442298031cad,finding-667a15fb611f896c3d723b54,eppo-news,European Public Prosecutor's Office — News,https://www.eppo.europa.eu/media/news/italy-one-suspect-pleads-guilty-yacht-import-customs-fraud-case-another-indicted-2026-06-26_en,2026-07-11T12:51:11.789Z,2026-07-11T12:51:11.789Z,B,official-charge-or-allegation,"The cited record is classified as a court, complaint, charge, indictment or judgment record.","A charge, complaint, arrest or indictment is not guilt. A final outcome applies only to the parties and conduct stated in the official record.",machine-classified-unreviewed,legal-keyword-classifier,0.78
relationship-d9f87b0406ebd940badc,subjectOf,courtcase-a2139175cc79de378734,finding-220a7be0486b20e7994834bf,doj-epstein-disclosures,U.S. Department of Justice — Epstein Disclosures,https://www.justice.gov/epstein/doj-disclosures/memoranda-and-correspondence,2026-07-11T12:51:11.789Z,2026-07-11T12:51:11.789Z,B,record-update,"The cited record is classified as a court, complaint, charge, indictment or judgment record.","A charge, complaint, arrest or indictment is not guilt. A final outcome applies only to the parties and conduct stated in the official record.",machine-classified-unreviewed,legal-keyword-classifier,0.78
relationship-7774cebd1790cd292e5f,subjectOf,courtcase-a5ac92f3e7327fb8d8fc,finding-bf3f50a41eaf993c7bf35ff0,sec-litigation-releases,U.S. Securities and Exchange Commission — Litigation Releases,https://www.sec.gov/files/litigation/litreleases/2026/judg26549-daveglo.pdf,2026-07-11T12:51:11.789Z,2026-07-11T12:51:11.789Z,A,established-wrongdoing,"The cited record is classified as a court, complaint, charge, indictment or judgment record.","A charge, complaint, arrest or indictment is not guilt. A final outcome applies only to the parties and conduct stated in the official record.",machine-classified-unreviewed,legal-keyword-classifier,0.78
relationship-8098d877189c73edf1f1,subjectOf,courtcase-a60415b618c36fe185e2,finding-9d6cd2b8e496ea570fc518a3,sec-litigation-releases,U.S. Securities and Exchange Commission — Litigation Releases,https://www.sec.gov/files/litigation/litreleases/2026/judg26514-mccormick.pdf,2026-07-11T12:51:11.789Z,2026-07-11T12:51:11.789Z,A,established-wrongdoing,"The cited record is classified as a court, complaint, charge, indictment or judgment record.","A charge, complaint, arrest or indictment is not guilt. A final outcome applies only to the parties and conduct stated in the official record.",machine-classified-unreviewed,legal-keyword-classifier,0.78
relationship-e4f75c0aa8dfd6ea9ed3,subjectOf,courtcase-a6a49160f771ce740fb7,finding-82b222bc942f00109559778e,doj-epstein-disclosures,U.S. Department of Justice — Epstein Disclosures,https://www.justice.gov/epstein/doj-disclosures/court-records-operating-engineers-construction-industry-and-miscellaneous-pension-fund-v-dimon-no-123-cv-03903,2026-07-11T12:51:11.789Z,2026-07-11T12:51:11.789Z,B,record-update,"The cited record is classified as a court, complaint, charge, indictment or judgment record.","A charge, complaint, arrest or indictment is not guilt. A final outcome applies only to the parties and conduct stated in the official record.",machine-classified-unreviewed,legal-keyword-classifier,0.78
relationship-1ed1a88dbbd7258193f8,subjectOf,courtcase-a7b1e78626df378a766e,finding-e67a5eb0d9c7413797d173d3,sec-litigation-releases,U.S. Securities and Exchange Commission — Litigation Releases,https://www.sec.gov/files/litigation/litreleases/2026/judg26512-henry-abdo.pdf,2026-07-11T12:51:11.789Z,2026-07-11T12:51:11.789Z,A,established-wrongdoing,"The cited record is classified as a court, complaint, charge, indictment or judgment record.","A charge, complaint, arrest or indictment is not guilt. A final outcome applies only to the parties and conduct stated in the official record.",machine-classified-unreviewed,legal-keyword-classifier,0.78
relationship-80496f3c0b5757677b0e,subjectOf,courtcase-a9d3b4f605989755724b,finding-f74b5d8b537d683ed68a5e18,sec-litigation-releases,U.S. Securities and Exchange Commission — Litigation Releases,https://www.sec.gov/files/litigation/litreleases/2026/order26512-granting-sec-motion-summer-judgment-henry-abdo.pdf,2026-07-11T12:51:11.789Z,2026-07-11T12:51:11.789Z,B,record-update,"The cited record is classified as a court, complaint, charge, indictment or judgment record.","A charge, complaint, arrest or indictment is not guilt. A final outcome applies only to the parties and conduct stated in the official record.",machine-classified-unreviewed,legal-keyword-classifier,0.78
relationship-4b58269625b3dda388f6,subjectOf,courtcase-b083d3ca1e183f10a603,finding-a228392badbd6e25200324de,sec-litigation-releases,U.S. Securities and Exchange Commission — Litigation Releases,https://www.sec.gov/files/litigation/litreleases/2026/judg26494.pdf,2026-07-11T12:51:11.789Z,2026-07-11T12:51:11.789Z,A,established-wrongdoing,"The cited record is classified as a court, complaint, charge, indictment or judgment record.","A charge, complaint, arrest or indictment is not guilt. A final outcome applies only to the parties and conduct stated in the official record.",machine-classified-unreviewed,legal-keyword-classifier,0.78
relationship-2fe43aaf4f31b9bb46ea,subjectOf,courtcase-b0a1ce09127486f6d737,finding-a5f67ee2a60f22788958c284,sec-litigation-releases,U.S. Securities and Exchange Commission — Litigation Releases,https://www.sec.gov/files/litigation/litreleases/2026/judg26582-andrew-kaufman.pdf,2026-07-11T12:51:11.789Z,2026-07-11T12:51:11.789Z,A,established-wrongdoing,"The cited record is classified as a court, complaint, charge, indictment or judgment record.","A charge, complaint, arrest or indictment is not guilt. A final outcome applies only to the parties and conduct stated in the official record.",machine-classified-unreviewed,legal-keyword-classifier,0.78
relationship-312bb68e6e87d12b9f2f,subjectOf,courtcase-b111bb19e2bd3358bd50,finding-f93a549de8c747914558b6b2,sec-litigation-releases,U.S. Securities and Exchange Commission — Litigation Releases,https://www.sec.gov/files/litigation/litreleases/2026/judg26536.pdf,2026-07-11T12:51:11.789Z,2026-07-11T12:51:11.789Z,A,established-wrongdoing,"The cited record is classified as a court, complaint, charge, indictment or judgment record.","A charge, complaint, arrest or indictment is not guilt. A final outcome applies only to the parties and conduct stated in the official record.",machine-classified-unreviewed,legal-keyword-classifier,0.78
relationship-df7b6e834d2a068e9103,subjectOf,courtcase-b2a4823c8c65db195398,finding-a5672235e79f73ecc27165ff,sec-litigation-releases,U.S. Securities and Exchange Commission — Litigation Releases,https://www.sec.gov/files/litigation/litreleases/2026/judg26539.pdf,2026-07-11T12:51:11.789Z,2026-07-11T12:51:11.789Z,A,established-wrongdoing,"The cited record is classified as a court, complaint, charge, indictment or judgment record.","A charge, complaint, arrest or indictment is not guilt. A final outcome applies only to the parties and conduct stated in the official record.",machine-classified-unreviewed,legal-keyword-classifier,0.78
relationship-6905377710171bebe958,subjectOf,courtcase-b4a48fe03973255c3aa4,finding-d914b02fd230f718dd6b2fb7,sec-litigation-releases,U.S. Securities and Exchange Commission — Litigation Releases,https://www.sec.gov/files/litigation/litreleases/2026/judg26506-samir-rao.pdf,2026-07-11T12:51:11.789Z,2026-07-11T12:51:11.789Z,A,established-wrongdoing,"The cited record is classified as a court, complaint, charge, indictment or judgment record.","A charge, complaint, arrest or indictment is not guilt. A final outcome applies only to the parties and conduct stated in the official record.",machine-classified-unreviewed,legal-keyword-classifier,0.78
relationship-6c90da1d34345e5aeaf8,subjectOf,courtcase-b91d44b039b4d69b69e1,finding-d8c28c563927801121a1e6a3,sec-litigation-releases,U.S. Securities and Exchange Commission — Litigation Releases,https://www.sec.gov/files/litigation/litreleases/2026/judg26516.pdf,2026-07-11T12:51:11.789Z,2026-07-11T12:51:11.789Z,A,established-wrongdoing,"The cited record is classified as a court, complaint, charge, indictment or judgment record.","A charge, complaint, arrest or indictment is not guilt. A final outcome applies only to the parties and conduct stated in the official record.",machine-classified-unreviewed,legal-keyword-classifier,0.78
relationship-25535b6219ed115f9472,subjectOf,courtcase-b971cc1de0c7928d9b38,finding-62fd4ae4ce344cac1c7c7013,sec-litigation-releases,U.S. Securities and Exchange Commission — Litigation Releases,https://www.sec.gov/files/litigation/litreleases/2026/judg26515-pe-capital.pdf,2026-07-11T12:51:11.789Z,2026-07-11T12:51:11.789Z,A,established-wrongdoing,"The cited record is classified as a court, complaint, charge, indictment or judgment record.","A charge, complaint, arrest or indictment is not guilt. A final outcome applies only to the parties and conduct stated in the official record.",machine-classified-unreviewed,legal-keyword-classifier,0.78
relationship-51c2b3d7933bd11ce9d3,subjectOf,courtcase-b98110d6d27f928eeb4a,finding-8c823fee008eb1c9eafc946a,sec-litigation-releases,U.S. Securities and Exchange Commission — Litigation Releases,https://www.sec.gov/files/litigation/litreleases/2026/judg26512-titanium-capital-llc.pdf,2026-07-11T12:51:11.789Z,2026-07-11T12:51:11.789Z,A,established-wrongdoing,"The cited record is classified as a court, complaint, charge, indictment or judgment record.","A charge, complaint, arrest or indictment is not guilt. A final outcome applies only to the parties and conduct stated in the official record.",machine-classified-unreviewed,legal-keyword-classifier,0.78
relationship-92b847b16eb4fcbf5247,subjectOf,courtcase-bc08ecd88cae3864f17e,finding-04714fd77f38dcdf6f423a86,sec-litigation-releases,U.S. Securities and Exchange Commission — Litigation Releases,https://www.sec.gov/files/litigation/litreleases/2026/judg26514-cranmer.pdf,2026-07-11T12:51:11.789Z,2026-07-11T12:51:11.789Z,A,established-wrongdoing,"The cited record is classified as a court, complaint, charge, indictment or judgment record.","A charge, complaint, arrest or indictment is not guilt. A final outcome applies only to the parties and conduct stated in the official record.",machine-classified-unreviewed,legal-keyword-classifier,0.78
relationship-20929e3503e7e0f6898f,subjectOf,courtcase-bc7c956e793617b61227,finding-81bb12ffb67e4cd04cf56381,doj-epstein-disclosures,U.S. Department of Justice — Epstein Disclosures,https://www.justice.gov/epstein/doj-disclosures/court-records-doe-v-indyke-no-119-cv-08673-sdny-2019,2026-07-11T12:51:11.789Z,2026-07-11T12:51:11.789Z,B,record-update,"The cited record is classified as a court, complaint, charge, indictment or judgment record.","A charge, complaint, arrest or indictment is not guilt. A final outcome applies only to the parties and conduct stated in the official record.",machine-classified-unreviewed,legal-keyword-classifier,0.78
relationship-01e418b398796dae8720,subjectOf,courtcase-bca1d5f7d9c48ddb5974,finding-fb8bc3e6e5e5baac3f97d5b3,doj-epstein-disclosures,U.S. Department of Justice — Epstein Disclosures,https://www.justice.gov/epstein/doj-disclosures/court-records-doe-no-3-v-epstein-no-908-cv-80232-sd-fla-2008,2026-07-11T12:51:11.789Z,2026-07-11T12:51:11.789Z,B,record-update,"The cited record is classified as a court, complaint, charge, indictment or judgment record.","A charge, complaint, arrest or indictment is not guilt. A final outcome applies only to the parties and conduct stated in the official record.",machine-classified-unreviewed,legal-keyword-classifier,0.78
relationship-d4a04b0db47ea0276afd,subjectOf,courtcase-be00497526ac6646c5c1,finding-3e7cedda981cdeefee8bfbaf,doj-epstein-disclosures,U.S. Department of Justice — Epstein Disclosures,https://www.justice.gov/epstein/doj-disclosures/court-records-united-states-v-epstein-no-119-cr-00490-sdny-2019,2026-07-11T12:51:11.789Z,2026-07-11T12:51:11.789Z,B,record-update,"The cited record is classified as a court, complaint, charge, indictment or judgment record.","A charge, complaint, arrest or indictment is not guilt. A final outcome applies only to the parties and conduct stated in the official record.",machine-classified-unreviewed,legal-keyword-classifier,0.78
relationship-bf9cb5e3cc0e7d69e9cc,subjectOf,courtcase-be146fc3c1b0191b1b24,finding-64c1938af8b07cd0534feeb1,sec-litigation-releases,U.S. Securities and Exchange Commission — Litigation Releases,https://www.sec.gov/files/litigation/litreleases/2026/judg26498-jeffrey-de-laveaga.pdf,2026-07-11T12:51:11.789Z,2026-07-11T12:51:11.789Z,A,established-wrongdoing,"The cited record is classified as a court, complaint, charge, indictment or judgment record.","A charge, complaint, arrest or indictment is not guilt. A final outcome applies only to the parties and conduct stated in the official record.",machine-classified-unreviewed,legal-keyword-classifier,0.78
relationship-b31ae090351662aad613,subjectOf,courtcase-be8409e2bc9b21d899a4,finding-4ae04c302be77393d3102e4a,doj-epstein-disclosures,U.S. Department of Justice — Epstein Disclosures,https://www.justice.gov/epstein/doj-disclosures/court-records-doe-no-8-v-epstein-no-909-cv-80802-sd-fla-2009,2026-07-11T12:51:11.789Z,2026-07-11T12:51:11.789Z,B,record-update,"The cited record is classified as a court, complaint, charge, indictment or judgment record.","A charge, complaint, arrest or indictment is not guilt. A final outcome applies only to the parties and conduct stated in the official record.",machine-classified-unreviewed,legal-keyword-classifier,0.78
relationship-614938f9246159671671,subjectOf,courtcase-c06ac00a036ee78df8f3,finding-0dd56539eddec2288a6ba0b9,doj-epstein-disclosures,U.S. Department of Justice — Epstein Disclosures,https://www.justice.gov/epstein,2026-07-11T12:51:11.789Z,2026-07-11T12:51:11.789Z,B,record-update,"The cited record is classified as a court, complaint, charge, indictment or judgment record.","A charge, complaint, arrest or indictment is not guilt. A final outcome applies only to the parties and conduct stated in the official record.",machine-classified-unreviewed,legal-keyword-classifier,0.78
relationship-282781a4b390b18ad79d,subjectOf,courtcase-c0bab864242151d507fa,finding-7cf027e49fe31cf4b8c18db7,usaspending-recent-contracts,USAspending.gov — Recent Contract Awards,https://www.usaspending.gov/award/9594CS20P0055,2020-09-30T00:00:00.000Z,2026-07-11T12:51:11.789Z,B,record-update,"The cited record is classified as a court, complaint, charge, indictment or judgment record.","A charge, complaint, arrest or indictment is not guilt. A final outcome applies only to the parties and conduct stated in the official record.",machine-classified-unreviewed,legal-keyword-classifier,0.78
relationship-55005124e29229e63bbb,subjectOf,courtcase-c20d262237a622b0ef24,finding-0ffe0526c4eccdf59fd20450,sec-litigation-releases,U.S. Securities and Exchange Commission — Litigation Releases,https://www.sec.gov/files/litigation/litreleases/2026/judg26535.pdf,2026-07-11T12:51:11.789Z,2026-07-11T12:51:11.789Z,B,record-update,"The cited record is classified as a court, complaint, charge, indictment or judgment record.","A charge, complaint, arrest or indictment is not guilt. A final outcome applies only to the parties and conduct stated in the official record.",machine-classified-unreviewed,legal-keyword-classifier,0.78
relationship-474a009069112a418d3e,subjectOf,courtcase-c3ad5b670a130ce95b69,finding-94b0f530df4d48aa19bd3442,sec-litigation-releases,U.S. Securities and Exchange Commission — Litigation Releases,https://www.sec.gov/files/litigation/litreleases/2026/judg26488.pdf,2026-07-11T12:51:11.789Z,2026-07-11T12:51:11.789Z,A,established-wrongdoing,"The cited record is classified as a court, complaint, charge, indictment or judgment record.","A charge, complaint, arrest or indictment is not guilt. A final outcome applies only to the parties and conduct stated in the official record.",machine-classified-unreviewed,legal-keyword-classifier,0.78
relationship-b2fd760404595b2456a1,subjectOf,courtcase-c5131c20f99f8aee09a3,finding-4b2142394168774afcc83a7f,sec-litigation-releases,U.S. Securities and Exchange Commission — Litigation Releases,https://www.sec.gov/files/litigation/litreleases/2026/judg26527.pdf,2026-07-11T12:51:11.789Z,2026-07-11T12:51:11.789Z,A,established-wrongdoing,"The cited record is classified as a court, complaint, charge, indictment or judgment record.","A charge, complaint, arrest or indictment is not guilt. A final outcome applies only to the parties and conduct stated in the official record.",machine-classified-unreviewed,legal-keyword-classifier,0.78
relationship-b869af4a63953a37f65a,subjectOf,courtcase-c5d9dbb2739964c035d8,finding-78c7b3e53eaef473c9cc5d50,sec-litigation-releases,U.S. Securities and Exchange Commission — Litigation Releases,https://www.sec.gov/files/litigation/litreleases/2026/judg26559.pdf,2026-07-11T12:51:11.789Z,2026-07-11T12:51:11.789Z,A,established-wrongdoing,"The cited record is classified as a court, complaint, charge, indictment or judgment record.","A charge, complaint, arrest or indictment is not guilt. A final outcome applies only to the parties and conduct stated in the official record.",machine-classified-unreviewed,legal-keyword-classifier,0.78
relationship-159941abc7250f3445bf,subjectOf,courtcase-c7f454d9893b6a178f32,finding-1e60d3cb3f56638e58426d77,doj-epstein-disclosures,U.S. Department of Justice — Epstein Disclosures,https://www.justice.gov/epstein/doj-disclosures/court-records-doe-v-epstein-no-908-cv-80119-sd-fla-2008,2026-07-11T12:51:11.789Z,2026-07-11T12:51:11.789Z,B,record-update,"The cited record is classified as a court, complaint, charge, indictment or judgment record.","A charge, complaint, arrest or indictment is not guilt. A final outcome applies only to the parties and conduct stated in the official record.",machine-classified-unreviewed,legal-keyword-classifier,0.78
relationship-694a29a99ea0770bf5f8,subjectOf,courtcase-ca158e4ed9b865b9e12b,finding-c6cf2744d8a41c539fe8872e,sec-litigation-releases,U.S. Securities and Exchange Commission — Litigation Releases,https://www.sec.gov/files/litigation/litreleases/2026/judg26545-flagg.pdf,2026-07-11T12:51:11.789Z,2026-07-11T12:51:11.789Z,A,established-wrongdoing,"The cited record is classified as a court, complaint, charge, indictment or judgment record.","A charge, complaint, arrest or indictment is not guilt. A final outcome applies only to the parties and conduct stated in the official record.",machine-classified-unreviewed,legal-keyword-classifier,0.78
relationship-bb27d037be8a14ecf4d7,subjectOf,courtcase-ca2f097daf37f746133a,finding-41338a1858b9f0ba5e65f3a4,sec-litigation-releases,U.S. Securities and Exchange Commission — Litigation Releases,https://www.sec.gov/files/litigation/litreleases/2026/status26583-taneja.pdf,2026-07-11T12:51:11.789Z,2026-07-11T12:51:11.789Z,A,established-wrongdoing,"The cited record is classified as a court, complaint, charge, indictment or judgment record.","A charge, complaint, arrest or indictment is not guilt. A final outcome applies only to the parties and conduct stated in the official record.",machine-classified-unreviewed,legal-keyword-classifier,0.78
relationship-9f73262b58712697b1a3,subjectOf,courtcase-cb01fa3e366b5b50ca42,finding-50d0146d2e93de664ed427b4,doj-epstein-disclosures,U.S. Department of Justice — Epstein Disclosures,https://www.justice.gov/epstein/doj-disclosures/first-phase-declassified-epstein-files,2026-07-11T12:51:11.789Z,2026-07-11T12:51:11.789Z,B,document-release,"The cited record is classified as a court, complaint, charge, indictment or judgment record.","A charge, complaint, arrest or indictment is not guilt. A final outcome applies only to the parties and conduct stated in the official record.",machine-classified-unreviewed,legal-keyword-classifier,0.78
relationship-ef655008f2243588240d,subjectOf,courtcase-cce2c892b54fefbcceb0,finding-8d0ea3be5cea965a55872afd,sec-litigation-releases,U.S. Securities and Exchange Commission — Litigation Releases,https://www.sec.gov/files/litigation/litreleases/2026/judg26528-myre.pdf,2026-07-11T12:51:11.789Z,2026-07-11T12:51:11.789Z,A,established-wrongdoing,"The cited record is classified as a court, complaint, charge, indictment or judgment record.","A charge, complaint, arrest or indictment is not guilt. A final outcome applies only to the parties and conduct stated in the official record.",machine-classified-unreviewed,legal-keyword-classifier,0.78
relationship-19014da67be14113f2c2,subjectOf,courtcase-cd8ac5721b72db5e47b3,finding-8947f501a89ede7835d96792,sec-litigation-releases,U.S. Securities and Exchange Commission — Litigation Releases,https://www.sec.gov/files/litigation/litreleases/2026/judg26528-spartan.pdf,2026-07-11T12:51:11.789Z,2026-07-11T12:51:11.789Z,B,record-update,"The cited record is classified as a court, complaint, charge, indictment or judgment record.","A charge, complaint, arrest or indictment is not guilt. A final outcome applies only to the parties and conduct stated in the official record.",machine-classified-unreviewed,legal-keyword-classifier,0.78
relationship-48a84e60087d92191733,subjectOf,courtcase-cf8dd76438d04fdb7155,finding-ca33bf88016d7ecfa0bd27f2,sec-litigation-releases,U.S. Securities and Exchange Commission — Litigation Releases,https://www.sec.gov/files/litigation/litreleases/2026/judg26497.pdf,2026-07-11T12:51:11.789Z,2026-07-11T12:51:11.789Z,A,established-wrongdoing,"The cited record is classified as a court, complaint, charge, indictment or judgment record.","A charge, complaint, arrest or indictment is not guilt. A final outcome applies only to the parties and conduct stated in the official record.",machine-classified-unreviewed,legal-keyword-classifier,0.78
relationship-d0fbb384aa13aabd350e,subjectOf,courtcase-d34918d0939414600f20,finding-b2cb16391dbfb1e40f62a083,sec-litigation-releases,U.S. Securities and Exchange Commission — Litigation Releases,https://www.sec.gov/files/litigation/litreleases/2026/consents26554-gadani.pdf,2026-07-11T12:51:11.789Z,2026-07-11T12:51:11.789Z,A,established-wrongdoing,"The cited record is classified as a court, complaint, charge, indictment or judgment record.","A charge, complaint, arrest or indictment is not guilt. A final outcome applies only to the parties and conduct stated in the official record.",machine-classified-unreviewed,legal-keyword-classifier,0.78
relationship-3f1765322e273e792dcf,subjectOf,courtcase-d541b3cc85a88755b731,finding-1ca08ac1f645338e39f9723d,doj-epstein-disclosures,U.S. Department of Justice — Epstein Disclosures,https://www.justice.gov/epstein/doj-disclosures/foia-federal-bureau-investigation-fbi,2026-07-11T12:51:11.789Z,2026-07-11T12:51:11.789Z,B,record-update,"The cited record is classified as a court, complaint, charge, indictment or judgment record.","A charge, complaint, arrest or indictment is not guilt. A final outcome applies only to the parties and conduct stated in the official record.",machine-classified-unreviewed,legal-keyword-classifier,0.78
relationship-1ec15fec6831c3ecad77,subjectOf,courtcase-d701a8007581832048ca,finding-fab40c3ed27b9a14218b09df,doj-epstein-disclosures,U.S. Department of Justice — Epstein Disclosures,https://www.justice.gov/epstein/doj-disclosures/court-records-united-states-v-maxwell-no-20-3061-2d-cir-2020,2026-07-11T12:51:11.789Z,2026-07-11T12:51:11.789Z,B,record-update,"The cited record is classified as a court, complaint, charge, indictment or judgment record.","A charge, complaint, arrest or indictment is not guilt. A final outcome applies only to the parties and conduct stated in the official record.",machine-classified-unreviewed,legal-keyword-classifier,0.78
relationship-a0a738deba15384f4825,subjectOf,courtcase-d8e6ab0e70a081233ae4,finding-129da558940c628518181d32,sec-litigation-releases,U.S. Securities and Exchange Commission — Litigation Releases,https://www.sec.gov/files/litigation/litreleases/2026/judg26502.pdf,2026-07-11T12:51:11.789Z,2026-07-11T12:51:11.789Z,A,established-wrongdoing,"The cited record is classified as a court, complaint, charge, indictment or judgment record.","A charge, complaint, arrest or indictment is not guilt. A final outcome applies only to the parties and conduct stated in the official record.",machine-classified-unreviewed,legal-keyword-classifier,0.78
relationship-cb0b2b00bf2f1c098acf,subjectOf,courtcase-daa0f6e7028b0ad865ad,finding-a686c1895495c9d09960946f,doj-epstein-disclosures,U.S. Department of Justice — Epstein Disclosures,https://www.justice.gov/epstein/doj-disclosures/bop-video-footage,2026-07-11T12:51:11.789Z,2026-07-11T12:51:11.789Z,B,record-update,"The cited record is classified as a court, complaint, charge, indictment or judgment record.","A charge, complaint, arrest or indictment is not guilt. A final outcome applies only to the parties and conduct stated in the official record.",machine-classified-unreviewed,legal-keyword-classifier,0.78
relationship-d47aa8441d01f1c1d3ab,subjectOf,courtcase-db94cd56ac25ad68220a,finding-95018eb915abff944c5987dc,sec-litigation-releases,U.S. Securities and Exchange Commission — Litigation Releases,https://www.sec.gov/files/litigation/litreleases/2026/judg26555.pdf,2026-07-11T12:51:11.789Z,2026-07-11T12:51:11.789Z,A,established-wrongdoing,"The cited record is classified as a court, complaint, charge, indictment or judgment record.","A charge, complaint, arrest or indictment is not guilt. A final outcome applies only to the parties and conduct stated in the official record.",machine-classified-unreviewed,legal-keyword-classifier,0.78
relationship-a581399f55af20f4b632,subjectOf,courtcase-dcc15dc4875b76ce5ec7,finding-15924f37444afce606e7c4d2,sec-litigation-releases,U.S. Securities and Exchange Commission — Litigation Releases,https://www.sec.gov/files/litigation/litreleases/2026/judg26484.pdf,2026-07-11T12:51:11.789Z,2026-07-11T12:51:11.789Z,B,record-update,"The cited record is classified as a court, complaint, charge, indictment or judgment record.","A charge, complaint, arrest or indictment is not guilt. A final outcome applies only to the parties and conduct stated in the official record.",machine-classified-unreviewed,legal-keyword-classifier,0.78
relationship-5aed48997dca5c15939d,subjectOf,courtcase-de2a0d3ba303a50d1d42,finding-39b579af6438fd96704306a9,doj-epstein-disclosures,U.S. Department of Justice — Epstein Disclosures,https://www.justice.gov/epstein/doj-disclosures/court-records-doe-v-united-states-no-908-cv-80736-sd-fla-2008,2026-07-11T12:51:11.789Z,2026-07-11T12:51:11.789Z,B,record-update,"The cited record is classified as a court, complaint, charge, indictment or judgment record.","A charge, complaint, arrest or indictment is not guilt. A final outcome applies only to the parties and conduct stated in the official record.",machine-classified-unreviewed,legal-keyword-classifier,0.78
relationship-08c7f7dca57f58804847,subjectOf,courtcase-def51a189d272a11cabc,finding-326264d1e1c0b114db61b8bf,doj-epstein-disclosures,U.S. Department of Justice — Epstein Disclosures,https://www.justice.gov/epstein/doj-disclosures/court-records-state-florida-v-epstein-no-50-2006-cf-009454-axxx-mb-fla-15th-cir-ct-2006,2026-07-11T12:51:11.789Z,2026-07-11T12:51:11.789Z,B,record-update,"The cited record is classified as a court, complaint, charge, indictment or judgment record.","A charge, complaint, arrest or indictment is not guilt. A final outcome applies only to the parties and conduct stated in the official record.",machine-classified-unreviewed,legal-keyword-classifier,0.78
relationship-30ef5b71a1fbb4929f8c,subjectOf,courtcase-e25cd16de6892ec3ae4a,finding-f35e0416dece6a9b28697803,doj-epstein-disclosures,U.S. Department of Justice — Epstein Disclosures,https://www.justice.gov/epstein/doj-disclosures/court-records-v-indyke-no-119-cv-10476-sdny-2019,2026-07-11T12:51:11.789Z,2026-07-11T12:51:11.789Z,B,record-update,"The cited record is classified as a court, complaint, charge, indictment or judgment record.","A charge, complaint, arrest or indictment is not guilt. A final outcome applies only to the parties and conduct stated in the official record.",machine-classified-unreviewed,legal-keyword-classifier,0.78
relationship-83eab594cc0892776cfc,subjectOf,courtcase-e6af05eea59a4f5806a3,finding-943304e449d24176112e3973,doj-epstein-disclosures,U.S. Department of Justice — Epstein Disclosures,https://www.justice.gov/epstein/doj-disclosures/court-records-doe-no-6-v-epstein-no-908-cv-80994-sd-fla-2008,2026-07-11T12:51:11.789Z,2026-07-11T12:51:11.789Z,B,record-update,"The cited record is classified as a court, complaint, charge, indictment or judgment record.","A charge, complaint, arrest or indictment is not guilt. A final outcome applies only to the parties and conduct stated in the official record.",machine-classified-unreviewed,legal-keyword-classifier,0.78
relationship-73a1481d01cdbbd873e9,subjectOf,courtcase-eec824db8afff87d6b4f,finding-527c4610afef184832bffc34,doj-epstein-disclosures,U.S. Department of Justice — Epstein Disclosures,https://www.justice.gov/epstein/doj-disclosures/court-records-epstein-v-no-sc15-2286-fla-sup-ct-2015,2026-07-11T12:51:11.789Z,2026-07-11T12:51:11.789Z,B,record-update,"The cited record is classified as a court, complaint, charge, indictment or judgment record.","A charge, complaint, arrest or indictment is not guilt. A final outcome applies only to the parties and conduct stated in the official record.",machine-classified-unreviewed,legal-keyword-classifier,0.78
relationship-34aad03a4eac681df3b0,subjectOf,courtcase-ef2f2a49e382e5f70aaf,finding-64e1f0f53d8031366a67f2c6,sec-litigation-releases,U.S. Securities and Exchange Commission — Litigation Releases,https://www.sec.gov/files/litigation/litreleases/2026/judg26582-robert-yedid.pdf,2026-07-11T12:51:11.789Z,2026-07-11T12:51:11.789Z,A,established-wrongdoing,"The cited record is classified as a court, complaint, charge, indictment or judgment record.","A charge, complaint, arrest or indictment is not guilt. A final outcome applies only to the parties and conduct stated in the official record.",machine-classified-unreviewed,legal-keyword-classifier,0.78
relationship-1b81cac69fe844d4e34d,subjectOf,courtcase-f318f9c016f608acc721,finding-67423a41727ab0f989b498fd,doj-epstein-disclosures,U.S. Department of Justice — Epstein Disclosures,https://www.justice.gov/epstein/doj-disclosures/court-records-government-united-states-virgin-islands-v-jpmorgan-chase-bank-na-no-122-cv-10904-sdny-2022,2026-07-11T12:51:11.789Z,2026-07-11T12:51:11.789Z,B,record-update,"The cited record is classified as a court, complaint, charge, indictment or judgment record.","A charge, complaint, arrest or indictment is not guilt. A final outcome applies only to the parties and conduct stated in the official record.",machine-classified-unreviewed,legal-keyword-classifier,0.78
relationship-10f825e5f2cdcc127abf,subjectOf,courtcase-f4ec9ad122381307fb6a,finding-d0f40deb9bdcc8af49735de4,sec-litigation-releases,U.S. Securities and Exchange Commission — Litigation Releases,https://www.sec.gov/files/litigation/litreleases/2026/judg26504.pdf,2026-07-11T12:51:11.789Z,2026-07-11T12:51:11.789Z,A,established-wrongdoing,"The cited record is classified as a court, complaint, charge, indictment or judgment record.","A charge, complaint, arrest or indictment is not guilt. A final outcome applies only to the parties and conduct stated in the official record.",machine-classified-unreviewed,legal-keyword-classifier,0.78
relationship-a359d9f745284c5d51a7,subjectOf,courtcase-f54a6a1c3715526960ae,finding-eaad3dc64f4b0d872ee31372,sec-litigation-releases,U.S. Securities and Exchange Commission — Litigation Releases,https://www.sec.gov/files/litigation/litreleases/2026/judg26553.pdf,2026-07-11T12:51:11.789Z,2026-07-11T12:51:11.789Z,A,established-wrongdoing,"The cited record is classified as a court, complaint, charge, indictment or judgment record.","A charge, complaint, arrest or indictment is not guilt. A final outcome applies only to the parties and conduct stated in the official record.",machine-classified-unreviewed,legal-keyword-classifier,0.78
relationship-f08c0126d55990fc541d,subjectOf,courtcase-f6390476b2405d3f15dd,finding-b09e816b03eab3eadb7e7bec,sec-litigation-releases,U.S. Securities and Exchange Commission — Litigation Releases,https://www.sec.gov/files/litigation/litreleases/2026/judg26537.pdf,2026-07-11T12:51:11.789Z,2026-07-11T12:51:11.789Z,A,established-wrongdoing,"The cited record is classified as a court, complaint, charge, indictment or judgment record.","A charge, complaint, arrest or indictment is not guilt. A final outcome applies only to the parties and conduct stated in the official record.",machine-classified-unreviewed,legal-keyword-classifier,0.78
relationship-e12a759943505c13d3d3,subjectOf,courtcase-f6d3873d56fae5cdb25a,finding-7b7038e1538f2d2c4bdfaa70,doj-epstein-disclosures,U.S. Department of Justice — Epstein Disclosures,https://www.justice.gov/epstein/doj-disclosures/court-records-united-states-v-epstein-no-19-2221-2d-cir-2019,2026-07-11T12:51:11.789Z,2026-07-11T12:51:11.789Z,B,record-update,"The cited record is classified as a court, complaint, charge, indictment or judgment record.","A charge, complaint, arrest or indictment is not guilt. A final outcome applies only to the parties and conduct stated in the official record.",machine-classified-unreviewed,legal-keyword-classifier,0.78
relationship-40b606afeb8ea388aee4,subjectOf,courtcase-f7bf1a1c4ce8a575778a,finding-e091e9ef03bc7d3d36969bf0,doj-epstein-disclosures,U.S. Department of Justice — Epstein Disclosures,https://www.justice.gov/epstein/doj-disclosures/data-set-12-files,2026-07-11T12:51:11.789Z,2026-07-11T12:51:11.789Z,B,document-release,"The cited record is classified as a court, complaint, charge, indictment or judgment record.","A charge, complaint, arrest or indictment is not guilt. A final outcome applies only to the parties and conduct stated in the official record.",machine-classified-unreviewed,legal-keyword-classifier,0.78
relationship-8e031e6b0a89bd5a5f57,subjectOf,courtcase-f8ec25cb929c95f7450a,finding-c6d54a0c85660b01489f2154,sec-litigation-releases,U.S. Securities and Exchange Commission — Litigation Releases,https://www.sec.gov/files/litigation/litreleases/2026/judg26489-carter.pdf,2026-07-11T12:51:11.789Z,2026-07-11T12:51:11.789Z,A,established-wrongdoing,"The cited record is classified as a court, complaint, charge, indictment or judgment record.","A charge, complaint, arrest or indictment is not guilt. A final outcome applies only to the parties and conduct stated in the official record.",machine-classified-unreviewed,legal-keyword-classifier,0.78
relationship-3ac757687632092ecd3c,subjectOf,courtcase-fa10347c5444ca04047c,finding-7a60937558fedb552a156d6c,doj-epstein-disclosures,U.S. Department of Justice — Epstein Disclosures,https://www.justice.gov/epstein/doj-disclosures/court-records-ca-florida-holdings-llc-publisher-palm-beach-post-v-aronberg-no-50-2019-ca-014681-xxxx-mb,2026-07-11T12:51:11.789Z,2026-07-11T12:51:11.789Z,B,record-update,"The cited record is classified as a court, complaint, charge, indictment or judgment record.","A charge, complaint, arrest or indictment is not guilt. A final outcome applies only to the parties and conduct stated in the official record.",machine-classified-unreviewed,legal-keyword-classifier,0.78
relationship-7d4c49863eed818adf4e,subjectOf,courtcase-fb7d1e91ee08e921ba79,finding-382aa48843bb101c6dbd534b,doj-epstein-disclosures,U.S. Department of Justice — Epstein Disclosures,https://www.justice.gov/epstein/doj-disclosures/court-records-v-epstein-no-910-cv-80447-sd-fla-2010,2026-07-11T12:51:11.789Z,2026-07-11T12:51:11.789Z,B,record-update,"The cited record is classified as a court, complaint, charge, indictment or judgment record.","A charge, complaint, arrest or indictment is not guilt. A final outcome applies only to the parties and conduct stated in the official record.",machine-classified-unreviewed,legal-keyword-classifier,0.78
relationship-89a0c9de62d8e2778a3a,subjectOf,courtcase-fc0b0c429b4d40cfecc2,finding-8d70f67622b7206cf5b3f175,doj-epstein-disclosures,U.S. Department of Justice — Epstein Disclosures,https://www.justice.gov/epstein/doj-disclosures/court-records-epstein-v-rothstein-no-50-2009-ca-040800-xxxx-mb-fla-15th-cir-ct-2009,2026-07-11T12:51:11.789Z,2026-07-11T12:51:11.789Z,B,record-update,"The cited record is classified as a court, complaint, charge, indictment or judgment record.","A charge, complaint, arrest or indictment is not guilt. A final outcome applies only to the parties and conduct stated in the official record.",machine-classified-unreviewed,legal-keyword-classifier,0.78
relationship-e7ad889511c647407e38,subjectOf,courtcase-fd6e672cf120de936e9f,finding-cdeecf8ebd2a1f8306018972,sec-litigation-releases,U.S. Securities and Exchange Commission — Litigation Releases,https://www.sec.gov/files/litigation/litreleases/2026/judg26579-lamancha.pdf,2026-07-11T12:51:11.789Z,2026-07-11T12:51:11.789Z,B,record-update,"The cited record is classified as a court, complaint, charge, indictment or judgment record.","A charge, complaint, arrest or indictment is not guilt. A final outcome applies only to the parties and conduct stated in the official record.",machine-classified-unreviewed,legal-keyword-classifier,0.78
relationship-465299f2aebabe871a6f,subjectOf,courtcase-fd72ea499459bfcedf22,finding-be650c5fb982d24e1b30cdca,doj-epstein-disclosures,U.S. Department of Justice — Epstein Disclosures,http://www.facebook.com/sharer/sharer.php?u=https://www.justice.gov/epstein/doj-disclosures,2026-07-11T12:51:11.789Z,2026-07-11T12:51:11.789Z,B,record-update,"The cited record is classified as a court, complaint, charge, indictment or judgment record.","A charge, complaint, arrest or indictment is not guilt. A final outcome applies only to the parties and conduct stated in the official record.",machine-classified-unreviewed,legal-keyword-classifier,0.78
relationship-ade6c75fcfcc3c24761d,subjectOf,courtcase-fdda3df2b64ddae55a30,finding-d65be839500a5fe9813405d4,doj-epstein-disclosures,U.S. Department of Justice — Epstein Disclosures,https://www.justice.gov/epstein/doj-disclosures/data-set-7-files,2026-07-11T12:51:11.789Z,2026-07-11T12:51:11.789Z,B,document-release,"The cited record is classified as a court, complaint, charge, indictment or judgment record.","A charge, complaint, arrest or indictment is not guilt. A final outcome applies only to the parties and conduct stated in the official record.",machine-classified-unreviewed,legal-keyword-classifier,0.78
relationship-c0343ee797cf64de0b28,subjectOf,courtcase-ff25c5e9090ffc33fd39,finding-3369f7cbbbd92ca2343c48c2,doj-epstein-disclosures,U.S. Department of Justice — Epstein Disclosures,https://www.justice.gov/epstein/doj-disclosures,2026-07-11T12:51:11.789Z,2026-07-11T12:51:11.789Z,B,record-update,"The cited record is classified as a court, complaint, charge, indictment or judgment record.","A charge, complaint, arrest or indictment is not guilt. A final outcome applies only to the parties and conduct stated in the official record.",machine-classified-unreviewed,legal-keyword-classifier,0.78
relationship-048ccdae2cf247f57308,subjectOf,investigation-01919b4d23e966ec7571,finding-b4d03b1ddc5dfe58d7fd652e,doj-epstein-disclosures,U.S. Department of Justice — Epstein Disclosures,https://www.justice.gov/epstein/doj-disclosures/court-records-matter-estate-jeffrey-e-epstein-deceased-no-st-21-rv-00005-vi-super-ct-2021,2026-07-11T12:51:11.789Z,2026-07-11T12:51:11.789Z,B,record-update,"The cited record is classified as an investigation, audit, inquiry or oversight matter.",An investigation or audit does not automatically establish criminal conduct or guilt.,machine-classified-unreviewed,investigation-keyword-classifier,0.76
relationship-a6d3f7e848f1b3a80e41,subjectOf,investigation-05cc788c04ce0ebfc6f0,finding-2482c3e0241c7c7679a18cd1,usaspending-recent-contracts,USAspending.gov — Recent Contract Awards,https://www.usaspending.gov/award/95314226F0006,2026-08-01T00:00:00.000Z,2026-07-11T12:51:11.789Z,A,official-audit-finding,"The cited record is classified as an investigation, audit, inquiry or oversight matter.",An investigation or audit does not automatically establish criminal conduct or guilt.,machine-classified-unreviewed,investigation-keyword-classifier,0.76
relationship-0a53ad7dfab83aa1dfcd,subjectOf,investigation-073d2d60754f3b23cc34,finding-4fcbcd42d1f1071dae897dbf,doj-epstein-disclosures,U.S. Department of Justice — Epstein Disclosures,https://www.justice.gov/epstein/doj-disclosures/foia-federal-bureau-prisons-bop,2026-07-11T12:51:11.789Z,2026-07-11T12:51:11.789Z,B,record-update,"The cited record is classified as an investigation, audit, inquiry or oversight matter.",An investigation or audit does not automatically establish criminal conduct or guilt.,machine-classified-unreviewed,investigation-keyword-classifier,0.76
relationship-f6d5ed99bd7ea42bf198,subjectOf,investigation-0836503349204aacce57,finding-3584d83dd217305542320584,doj-epstein-disclosures,U.S. Department of Justice — Epstein Disclosures,https://www.justice.gov/epstein/doj-disclosures/court-records-united-states-v-noel-no-119-cr-00830-sdny-2019,2026-07-11T12:51:11.789Z,2026-07-11T12:51:11.789Z,B,record-update,"The cited record is classified as an investigation, audit, inquiry or oversight matter.",An investigation or audit does not automatically establish criminal conduct or guilt.,machine-classified-unreviewed,investigation-keyword-classifier,0.76
relationship-87b42656961d8f4014ef,subjectOf,investigation-0857c42263a95a963053,finding-fd7ff5fb4b01c9edc8b36b1c,doj-epstein-disclosures,U.S. Department of Justice — Epstein Disclosures,https://www.justice.gov/epstein/doj-disclosures/data-set-1-files,2026-07-11T12:51:11.789Z,2026-07-11T12:51:11.789Z,B,document-release,"The cited record is classified as an investigation, audit, inquiry or oversight matter.",An investigation or audit does not automatically establish criminal conduct or guilt.,machine-classified-unreviewed,investigation-keyword-classifier,0.76
relationship-c0e2bf7c988e97bb53ef,subjectOf,investigation-0c97beaee42ca4a72941,finding-6aa174d9e44246806f0e27d2,doj-epstein-disclosures,U.S. Department of Justice — Epstein Disclosures,https://www.justice.gov/epstein/doj-disclosures/data-set-11-files,2026-07-11T12:51:11.789Z,2026-07-11T12:51:11.789Z,B,document-release,"The cited record is classified as an investigation, audit, inquiry or oversight matter.",An investigation or audit does not automatically establish criminal conduct or guilt.,machine-classified-unreviewed,investigation-keyword-classifier,0.76
relationship-895eee9422633dca11be,subjectOf,investigation-0eb51d5103fb6dc91629,finding-f3300dd4dbd88dfcfeef6587,doj-epstein-disclosures,U.S. Department of Justice — Epstein Disclosures,http://www.linkedin.com/shareArticle?mini=true&amp;url=https://www.justice.gov/epstein/doj-disclosures&amp;title=DOJ%20Disclosures,2026-07-11T12:51:11.789Z,2026-07-11T12:51:11.789Z,B,record-update,"The cited record is classified as an investigation, audit, inquiry or oversight matter.",An investigation or audit does not automatically establish criminal conduct or guilt.,machine-classified-unreviewed,investigation-keyword-classifier,0.76
relationship-ea7dbf143d1f30661f1e,subjectOf,investigation-13811dae0d8df0917cd4,finding-a6817dde76af3b762ac84be1,house-oversight-releases,U.S. House Committee on Oversight and Government Reform — Releases,https://oversight.house.gov/landing/biden-family-investigation/,2026-07-11T12:51:11.789Z,2026-07-11T12:51:11.789Z,B,document-release,"The cited record is classified as an investigation, audit, inquiry or oversight matter.",An investigation or audit does not automatically establish criminal conduct or guilt.,machine-classified-unreviewed,investigation-keyword-classifier,0.76
relationship-ec8dfc9f9053e4d52dfc,subjectOf,investigation-141044aeb7e1f3577e4d,finding-eea08e12995de57c7b8f279d,doj-epstein-disclosures,U.S. Department of Justice — Epstein Disclosures,https://www.justice.gov/epstein/doj-disclosures/data-set-4-files,2026-07-11T12:51:11.789Z,2026-07-11T12:51:11.789Z,B,document-release,"The cited record is classified as an investigation, audit, inquiry or oversight matter.",An investigation or audit does not automatically establish criminal conduct or guilt.,machine-classified-unreviewed,investigation-keyword-classifier,0.76
relationship-04db45caf8fd0a7d15ea,subjectOf,investigation-172f154227774241e53d,finding-9631b6d463cf1226af57353c,doj-epstein-disclosures,U.S. Department of Justice — Epstein Disclosures,https://www.justice.gov/opa/pr/department-justice-publishes-35-million-responsive-pages-compliance-epstein-files,2026-07-11T12:51:11.789Z,2026-07-11T12:51:11.789Z,B,document-release,"The cited record is classified as an investigation, audit, inquiry or oversight matter.",An investigation or audit does not automatically establish criminal conduct or guilt.,machine-classified-unreviewed,investigation-keyword-classifier,0.76
relationship-6a2e4f8d4d0ce4cfe3e6,subjectOf,investigation-17ec99c7afaec9495c8e,finding-4d1178946fce26a6a5e8f720,doj-epstein-disclosures,U.S. Department of Justice — Epstein Disclosures,https://www.justice.gov/epstein/doj-disclosures/court-records-doe-v-indyke-no-119-cv-11869-sdny-2019,2026-07-11T12:51:11.789Z,2026-07-11T12:51:11.789Z,B,record-update,"The cited record is classified as an investigation, audit, inquiry or oversight matter.",An investigation or audit does not automatically establish criminal conduct or guilt.,machine-classified-unreviewed,investigation-keyword-classifier,0.76
relationship-19a7c91bdcfe7a685ebe,subjectOf,investigation-198fe3600d02d5fca599,finding-6da7bc5c0e901486c3247584,doj-epstein-disclosures,U.S. Department of Justice — Epstein Disclosures,https://www.justice.gov/epstein/doj-disclosures/court-records-doe-no-101-v-epstein-no-909-cv-80591-sd-fla-2009,2026-07-11T12:51:11.789Z,2026-07-11T12:51:11.789Z,B,record-update,"The cited record is classified as an investigation, audit, inquiry or oversight matter.",An investigation or audit does not automatically establish criminal conduct or guilt.,machine-classified-unreviewed,investigation-keyword-classifier,0.76
relationship-3ce35cd93c4bd2add9b6,subjectOf,investigation-21c8fd2bea8fe3ab1aaa,finding-6b584347f3bc2b675c3f7bd2,doj-epstein-disclosures,U.S. Department of Justice — Epstein Disclosures,https://www.justice.gov/epstein/doj-disclosures/court-records-v-nine-east-71st-street-no-119-cv-07625-sdny-2019,2026-07-11T12:51:11.789Z,2026-07-11T12:51:11.789Z,B,record-update,"The cited record is classified as an investigation, audit, inquiry or oversight matter.",An investigation or audit does not automatically establish criminal conduct or guilt.,machine-classified-unreviewed,investigation-keyword-classifier,0.76
relationship-8302da660b6427f3010c,subjectOf,investigation-263dbeeb863db4159af6,finding-28d4c404aecdcea4089e9ed2,doj-epstein-disclosures,U.S. Department of Justice — Epstein Disclosures,https://www.justice.gov/epstein/doj-disclosures/court-records-doe-v-indyke-no-120-cv-02365-sdny-2020,2026-07-11T12:51:11.789Z,2026-07-11T12:51:11.789Z,B,record-update,"The cited record is classified as an investigation, audit, inquiry or oversight matter.",An investigation or audit does not automatically establish criminal conduct or guilt.,machine-classified-unreviewed,investigation-keyword-classifier,0.76
relationship-6cf9c0ad28901dc4b6ba,subjectOf,investigation-2984ecc9e31ff63b7443,finding-082965d46ebe0197c48b4983,doj-epstein-disclosures,U.S. Department of Justice — Epstein Disclosures,https://www.justice.gov/epstein/doj-disclosures/data-set-8-files,2026-07-11T12:51:11.789Z,2026-07-11T12:51:11.789Z,B,document-release,"The cited record is classified as an investigation, audit, inquiry or oversight matter.",An investigation or audit does not automatically establish criminal conduct or guilt.,machine-classified-unreviewed,investigation-keyword-classifier,0.76
relationship-2ac6cee176048fd239c0,subjectOf,investigation-29b9f5f9f7980e12f604,finding-b03056213cc10a2476cda438,doj-epstein-disclosures,U.S. Department of Justice — Epstein Disclosures,https://www.justice.gov/epstein/doj-disclosures/data-set-3-files,2026-07-11T12:51:11.789Z,2026-07-11T12:51:11.789Z,B,document-release,"The cited record is classified as an investigation, audit, inquiry or oversight matter.",An investigation or audit does not automatically establish criminal conduct or guilt.,machine-classified-unreviewed,investigation-keyword-classifier,0.76
relationship-9009302301a7f924d9b5,subjectOf,investigation-2b39711f4b9d96ab6e85,finding-76695ba4416b15324b90fc56,doj-epstein-disclosures,U.S. Department of Justice — Epstein Disclosures,https://www.justice.gov/epstein/doj-disclosures/court-records-v-indyke-no-119-cv-10479-sdny-2019,2026-07-11T12:51:11.789Z,2026-07-11T12:51:11.789Z,B,record-update,"The cited record is classified as an investigation, audit, inquiry or oversight matter.",An investigation or audit does not automatically establish criminal conduct or guilt.,machine-classified-unreviewed,investigation-keyword-classifier,0.76
relationship-c7eb42de20569b9a09ba,subjectOf,investigation-2c29a092b27cee987762,finding-a7105482b520092289b997f6,doj-epstein-disclosures,U.S. Department of Justice — Epstein Disclosures,https://www.justice.gov/epstein/doj-disclosures/court-records-state-florida-v-epstein-no-50-2008-cf-009381-axxx-mb-fla-15th-cir-ct-2008,2026-07-11T12:51:11.789Z,2026-07-11T12:51:11.789Z,B,record-update,"The cited record is classified as an investigation, audit, inquiry or oversight matter.",An investigation or audit does not automatically establish criminal conduct or guilt.,machine-classified-unreviewed,investigation-keyword-classifier,0.76
relationship-6737285f13d0a123b57f,subjectOf,investigation-2eb3569e832cd0f98106,finding-7e24ede6753bcfaccd2af89c,doj-epstein-disclosures,U.S. Department of Justice — Epstein Disclosures,https://www.justice.gov/epstein/doj-disclosures/court-records-doe-no-103-v-epstein-no-910-cv-80309-sd-fla-2010,2026-07-11T12:51:11.789Z,2026-07-11T12:51:11.789Z,B,record-update,"The cited record is classified as an investigation, audit, inquiry or oversight matter.",An investigation or audit does not automatically establish criminal conduct or guilt.,machine-classified-unreviewed,investigation-keyword-classifier,0.76
relationship-8dc9b2bb16d55b29c089,subjectOf,investigation-2f70dcec8cbe4ebeb225,finding-789052cd46551658a29a03c5,doj-epstein-disclosures,U.S. Department of Justice — Epstein Disclosures,https://www.justice.gov/epstein/doj-disclosures/maxwell-proffer,2026-07-11T12:51:11.789Z,2026-07-11T12:51:11.789Z,B,record-update,"The cited record is classified as an investigation, audit, inquiry or oversight matter.",An investigation or audit does not automatically establish criminal conduct or guilt.,machine-classified-unreviewed,investigation-keyword-classifier,0.76
relationship-5643aa299fb2437b7f87,subjectOf,investigation-31d812d605de95921832,finding-cbd46140f573612814a8aeba,doj-epstein-disclosures,U.S. Department of Justice — Epstein Disclosures,https://www.justice.gov/epstein/doj-disclosures/court-records-doe-v-epstein-no-909-v-80469-sd-fla-2009,2026-07-11T12:51:11.789Z,2026-07-11T12:51:11.789Z,B,record-update,"The cited record is classified as an investigation, audit, inquiry or oversight matter.",An investigation or audit does not automatically establish criminal conduct or guilt.,machine-classified-unreviewed,investigation-keyword-classifier,0.76
relationship-06900522956e50a59cde,subjectOf,investigation-325222bb3c7490150bd0,finding-dea2301f4b7a354af24238a4,doj-epstein-disclosures,U.S. Department of Justice — Epstein Disclosures,https://www.justice.gov/epstein/doj-disclosures/foia-customs-and-border-protection-cbp,2026-07-11T12:51:11.789Z,2026-07-11T12:51:11.789Z,B,record-update,"The cited record is classified as an investigation, audit, inquiry or oversight matter.",An investigation or audit does not automatically establish criminal conduct or guilt.,machine-classified-unreviewed,investigation-keyword-classifier,0.76
relationship-c66228f0d7f05b5bc753,subjectOf,investigation-331020a4f8dab133c318,finding-e986f2f565b8f10ac56cd395,doj-epstein-disclosures,U.S. Department of Justice — Epstein Disclosures,https://www.justice.gov/epstein/doj-disclosures/court-records-maxwell-v-estate-jeffrey-epstein-no-st-20-cv-155-vi-super-ct-2020,2026-07-11T12:51:11.789Z,2026-07-11T12:51:11.789Z,B,record-update,"The cited record is classified as an investigation, audit, inquiry or oversight matter.",An investigation or audit does not automatically establish criminal conduct or guilt.,machine-classified-unreviewed,investigation-keyword-classifier,0.76
relationship-16ce7fac43fbca8200d1,subjectOf,investigation-3b492c1cfd32d5bdee66,finding-58a8d2f9ddc676bc6c575053,doj-epstein-disclosures,U.S. Department of Justice — Epstein Disclosures,https://www.justice.gov/epstein/doj-disclosures/data-set-9-files,2026-07-11T12:51:11.789Z,2026-07-11T12:51:11.789Z,B,document-release,"The cited record is classified as an investigation, audit, inquiry or oversight matter.",An investigation or audit does not automatically establish criminal conduct or guilt.,machine-classified-unreviewed,investigation-keyword-classifier,0.76
relationship-fbfe5d51ea24f560c152,subjectOf,investigation-3d031936d3a4b9f7dcc1,finding-3b99d718e9dd4294c4f003f4,doj-epstein-disclosures,U.S. Department of Justice — Epstein Disclosures,https://www.justice.gov/epstein/doj-disclosures/court-records-united-states-v-maxwell-no-22-1426-2d-cir-2022,2026-07-11T12:51:11.789Z,2026-07-11T12:51:11.789Z,B,record-update,"The cited record is classified as an investigation, audit, inquiry or oversight matter.",An investigation or audit does not automatically establish criminal conduct or guilt.,machine-classified-unreviewed,investigation-keyword-classifier,0.76
relationship-537230c5e33208be2aa4,subjectOf,investigation-41000ff2792a14d6a619,finding-4812aa0c228c623c55fd3f6a,doj-epstein-disclosures,U.S. Department of Justice — Epstein Disclosures,https://www.justice.gov/epstein/doj-disclosures/court-records-doe-no-4-v-epstein-no-908-cv-80380-sd-fla-2008,2026-07-11T12:51:11.789Z,2026-07-11T12:51:11.789Z,B,record-update,"The cited record is classified as an investigation, audit, inquiry or oversight matter.",An investigation or audit does not automatically establish criminal conduct or guilt.,machine-classified-unreviewed,investigation-keyword-classifier,0.76
relationship-4a01d38ee244ab0972b5,subjectOf,investigation-42d31f1d128c43079760,finding-e117d09ac91faef52b92faae,doj-oig-reports,U.S. Department of Justice Office of Inspector General — Reports,https://oig.justice.gov/reports/audit-us-department-justices-fiscal-year-2025-compliance-payment-integrity-information-act,2026-07-11T12:51:11.789Z,2026-07-11T12:51:11.789Z,A,official-audit-finding,"The cited record is classified as an investigation, audit, inquiry or oversight matter.",An investigation or audit does not automatically establish criminal conduct or guilt.,machine-classified-unreviewed,investigation-keyword-classifier,0.76
relationship-176ca2c71f38dc3d3ffe,subjectOf,investigation-43252d02392345324957,finding-fa96f7b05fc88177b7556b23,doj-epstein-disclosures,U.S. Department of Justice — Epstein Disclosures,https://www.justice.gov/epstein/doj-disclosures/court-records-v-indyke-no-119-cv-10475-sdny-2019,2026-07-11T12:51:11.789Z,2026-07-11T12:51:11.789Z,B,record-update,"The cited record is classified as an investigation, audit, inquiry or oversight matter.",An investigation or audit does not automatically establish criminal conduct or guilt.,machine-classified-unreviewed,investigation-keyword-classifier,0.76
relationship-e0370f33c3300497a26b,subjectOf,investigation-4fbbadb0adba0485d302,finding-9da4b7bbdd81696ece0628fe,doj-epstein-disclosures,U.S. Department of Justice — Epstein Disclosures,https://www.justice.gov/epstein/doj-disclosures/court-records-doe-1000-v-indyke-no-119-cv-10577-sdny-2019,2026-07-11T12:51:11.789Z,2026-07-11T12:51:11.789Z,B,record-update,"The cited record is classified as an investigation, audit, inquiry or oversight matter.",An investigation or audit does not automatically establish criminal conduct or guilt.,machine-classified-unreviewed,investigation-keyword-classifier,0.76
relationship-b00446f66f5261748385,subjectOf,investigation-527c17bb35489eb6fd37,finding-055cb11595ad841e8cdf691b,federal-register-latest,Federal Register — Latest Documents,https://www.federalregister.gov/documents/2026/07/13/2026-14067/large-diameter-graphite-electrodes-from-india-postponement-of-preliminary-determination-in-the,2026-07-13T00:00:00.000Z,2026-07-11T12:51:11.789Z,B,record-update,"The cited record is classified as an investigation, audit, inquiry or oversight matter.",An investigation or audit does not automatically establish criminal conduct or guilt.,machine-classified-unreviewed,investigation-keyword-classifier,0.76
relationship-6b33d5a752328c5863e3,subjectOf,investigation-528b84e3ce7b97069e16,finding-3066a0de9bdf82ce01ddd38e,doj-epstein-disclosures,U.S. Department of Justice — Epstein Disclosures,https://oversight.house.gov/release/oversight-committee-releases-epstein-records-provided-by-the-department-of-justice/,2026-07-11T12:51:11.789Z,2026-07-11T12:51:11.789Z,B,record-update,"The cited record is classified as an investigation, audit, inquiry or oversight matter.",An investigation or audit does not automatically establish criminal conduct or guilt.,machine-classified-unreviewed,investigation-keyword-classifier,0.76
relationship-06d4463c589a189cb6f7,subjectOf,investigation-5e37321418f13125201d,finding-d2b8825ad95d8d6c890e0b21,doj-epstein-disclosures,U.S. Department of Justice — Epstein Disclosures,https://www.justice.gov/epstein/doj-disclosures/court-records-doe-v-epstein-no-908-cv-80069-sd-fla-2008,2026-07-11T12:51:11.789Z,2026-07-11T12:51:11.789Z,B,record-update,"The cited record is classified as an investigation, audit, inquiry or oversight matter.",An investigation or audit does not automatically establish criminal conduct or guilt.,machine-classified-unreviewed,investigation-keyword-classifier,0.76
relationship-e26a72f1d0d80efd2a34,subjectOf,investigation-602d3a79a7afb3bc31ee,finding-fc5ac22f918f609e4dadff7e,doj-oig-reports,U.S. Department of Justice Office of Inspector General — Reports,https://oig.justice.gov/reports/audit-office-justice-programs-victim-assistance-funds-subawarded-delaware-criminal-0,2026-07-11T12:51:11.789Z,2026-07-11T12:51:11.789Z,A,official-audit-finding,"The cited record is classified as an investigation, audit, inquiry or oversight matter.",An investigation or audit does not automatically establish criminal conduct or guilt.,machine-classified-unreviewed,investigation-keyword-classifier,0.76
relationship-69cb7c3745d7a7badcb7,subjectOf,investigation-609c62fcaf0425acc46e,finding-3c9a07efa8a2571114ff516c,doj-epstein-disclosures,U.S. Department of Justice — Epstein Disclosures,https://www.justice.gov/epstein/doj-disclosures/court-records-jane-doe-43-v-epstein-no-117-cv-00616-sdny-2017,2026-07-11T12:51:11.789Z,2026-07-11T12:51:11.789Z,B,record-update,"The cited record is classified as an investigation, audit, inquiry or oversight matter.",An investigation or audit does not automatically establish criminal conduct or guilt.,machine-classified-unreviewed,investigation-keyword-classifier,0.76
relationship-55aa8c46d95629a7f48b,subjectOf,investigation-61e9937fef8600e6750f,finding-1e9580ff63e3f1f5d9551d97,doj-epstein-disclosures,U.S. Department of Justice — Epstein Disclosures,https://www.justice.gov/epstein/doj-disclosures/court-records-v-epstein-no-910-cv-81111-sd-fla-2010,2026-07-11T12:51:11.789Z,2026-07-11T12:51:11.789Z,B,record-update,"The cited record is classified as an investigation, audit, inquiry or oversight matter.",An investigation or audit does not automatically establish criminal conduct or guilt.,machine-classified-unreviewed,investigation-keyword-classifier,0.76
relationship-1940bd63e10389f775c2,subjectOf,investigation-63b49ee9fcf4db630cf2,finding-37b5afe9bd8190ff8e8aeb64,doj-epstein-disclosures,U.S. Department of Justice — Epstein Disclosures,https://www.justice.gov/epstein/doj-disclosures/court-records-doe-no-5-v-epstein-no-908-cv-80381-sd-fla-2008,2026-07-11T12:51:11.789Z,2026-07-11T12:51:11.789Z,B,record-update,"The cited record is classified as an investigation, audit, inquiry or oversight matter.",An investigation or audit does not automatically establish criminal conduct or guilt.,machine-classified-unreviewed,investigation-keyword-classifier,0.76
relationship-e8d0d1e26c550c1c252a,subjectOf,investigation-6495424edad90ea6be10,finding-3db20bff474c8f74511b1d29,doj-epstein-disclosures,U.S. Department of Justice — Epstein Disclosures,https://www.justice.gov/epstein/doj-disclosures/foia-florida,2026-07-11T12:51:11.789Z,2026-07-11T12:51:11.789Z,B,record-update,"The cited record is classified as an investigation, audit, inquiry or oversight matter.",An investigation or audit does not automatically establish criminal conduct or guilt.,machine-classified-unreviewed,investigation-keyword-classifier,0.76
relationship-625bf07cef27b59bee35,subjectOf,investigation-6498af220230224006aa,finding-8b1fb687716942f38d1f5698,doj-oig-reports,U.S. Department of Justice Office of Inspector General — Reports,https://oig.justice.gov/reports/audit-broward-sheriffs-office-equitable-sharing-program-activities-broward-county-florida,2026-07-11T12:51:11.789Z,2026-07-11T12:51:11.789Z,A,official-audit-finding,"The cited record is classified as an investigation, audit, inquiry or oversight matter.",An investigation or audit does not automatically establish criminal conduct or guilt.,machine-classified-unreviewed,investigation-keyword-classifier,0.76
relationship-7516629f1faeb11cf1ee,subjectOf,investigation-65d5e3df7936e2f72990,finding-a45f1867dc1464bf90c6e61c,doj-epstein-disclosures,U.S. Department of Justice — Epstein Disclosures,https://www.justice.gov/epstein/doj-disclosures/court-records-v-indyke-no-119-cv-10474-sdny-2019,2026-07-11T12:51:11.789Z,2026-07-11T12:51:11.789Z,B,record-update,"The cited record is classified as an investigation, audit, inquiry or oversight matter.",An investigation or audit does not automatically establish criminal conduct or guilt.,machine-classified-unreviewed,investigation-keyword-classifier,0.76
relationship-2b4c02340ee4c21a2500,subjectOf,investigation-666be8ca8518d6a588d4,finding-580476645c3c4f084b9427dd,doj-epstein-disclosures,U.S. Department of Justice — Epstein Disclosures,https://www.justice.gov/epstein/doj-disclosures/court-records-v-epstein-909-cv-81092-sd-fla-2009,2026-07-11T12:51:11.789Z,2026-07-11T12:51:11.789Z,B,record-update,"The cited record is classified as an investigation, audit, inquiry or oversight matter.",An investigation or audit does not automatically establish criminal conduct or guilt.,machine-classified-unreviewed,investigation-keyword-classifier,0.76
relationship-643620f5a65c9e04119f,subjectOf,investigation-6789491ff7350c655f61,finding-e7ec714af3a517ae0b8fe68c,doj-epstein-disclosures,U.S. Department of Justice — Epstein Disclosures,https://www.justice.gov/epstein/doj-disclosures/court-records-maxwell-v-united-states-no-24-1073-us-2025-petition-cert,2026-07-11T12:51:11.789Z,2026-07-11T12:51:11.789Z,B,record-update,"The cited record is classified as an investigation, audit, inquiry or oversight matter.",An investigation or audit does not automatically establish criminal conduct or guilt.,machine-classified-unreviewed,investigation-keyword-classifier,0.76
relationship-2c4c5afb0391487f1e8a,subjectOf,investigation-6a35469f0dd32c4e06c7,finding-e19f403793261923a3244e16,doj-epstein-disclosures,U.S. Department of Justice — Epstein Disclosures,https://www.justice.gov/epstein/doj-disclosures/court-records-v-maxwell-no-115-cv-07433-sdny-2015,2026-07-11T12:51:11.789Z,2026-07-11T12:51:11.789Z,B,record-update,"The cited record is classified as an investigation, audit, inquiry or oversight matter.",An investigation or audit does not automatically establish criminal conduct or guilt.,machine-classified-unreviewed,investigation-keyword-classifier,0.76
relationship-2d50c1c204101d1914d0,subjectOf,investigation-6cfc938a9826822d6145,finding-b6ffa72678720ed7406ccfa3,doj-epstein-disclosures,U.S. Department of Justice — Epstein Disclosures,https://www.justice.gov/epstein/doj-disclosures/court-records-united-states-v-maxwell-no-120-mj-00132-dnh-2020,2026-07-11T12:51:11.789Z,2026-07-11T12:51:11.789Z,B,record-update,"The cited record is classified as an investigation, audit, inquiry or oversight matter.",An investigation or audit does not automatically establish criminal conduct or guilt.,machine-classified-unreviewed,investigation-keyword-classifier,0.76
relationship-cdff477a3f0ceb947f90,subjectOf,investigation-6de5b7227da07f608c75,finding-c022c6c16732bb0ad1abc191,doj-epstein-disclosures,U.S. Department of Justice — Epstein Disclosures,https://www.justice.gov/epstein/doj-disclosures/court-records-doe-no-102-v-epstein-no-909-cv-80656-sd-fla-2009,2026-07-11T12:51:11.789Z,2026-07-11T12:51:11.789Z,B,record-update,"The cited record is classified as an investigation, audit, inquiry or oversight matter.",An investigation or audit does not automatically establish criminal conduct or guilt.,machine-classified-unreviewed,investigation-keyword-classifier,0.76
relationship-c8fe8b48dd87cdb00aaa,subjectOf,investigation-6e666e6f9d231d56ed33,finding-24320a02f214ed14e90559e9,doj-oig-reports,U.S. Department of Justice Office of Inspector General — Reports,https://oig.justice.gov/reports/audit-department-justices-information-system-inventory-management,2026-07-11T12:51:11.789Z,2026-07-11T12:51:11.789Z,A,official-audit-finding,"The cited record is classified as an investigation, audit, inquiry or oversight matter.",An investigation or audit does not automatically establish criminal conduct or guilt.,machine-classified-unreviewed,investigation-keyword-classifier,0.76
relationship-82a7bc9fc382d33cc097,subjectOf,investigation-6ea529cffd7461f4af58,finding-9a958437e50a2bb261dfb681,doj-epstein-disclosures,U.S. Department of Justice — Epstein Disclosures,https://www.justice.gov/epstein/doj-disclosures/court-records-united-states-v-maxwell-no-120-cr-00330-sdny-2020,2026-07-11T12:51:11.789Z,2026-07-11T12:51:11.789Z,B,record-update,"The cited record is classified as an investigation, audit, inquiry or oversight matter.",An investigation or audit does not automatically establish criminal conduct or guilt.,machine-classified-unreviewed,investigation-keyword-classifier,0.76
relationship-078f59e63c1afd7b9da5,subjectOf,investigation-6f11fe3c80c474a11344,finding-0b718521918db4043f65fa12,eppo-news,European Public Prosecutor's Office — News,https://www.eppo.europa.eu/media/news/investigation-water-wine-11-arrests-probe-international-criminal-organisation-suspected-multi-2026-06-29_en,2026-07-11T12:51:11.789Z,2026-07-11T12:51:11.789Z,B,wrongdoing-lead,"The cited record is classified as an investigation, audit, inquiry or oversight matter.",An investigation or audit does not automatically establish criminal conduct or guilt.,machine-classified-unreviewed,investigation-keyword-classifier,0.76
relationship-603de67d014fdec4a42a,subjectOf,investigation-7045f01245bef28c6789,finding-e4d374fd2a41651d4de038cc,doj-epstein-disclosures,U.S. Department of Justice — Epstein Disclosures,https://www.justice.gov/epstein/doj-disclosures/data-set-6-files,2026-07-11T12:51:11.789Z,2026-07-11T12:51:11.789Z,B,document-release,"The cited record is classified as an investigation, audit, inquiry or oversight matter.",An investigation or audit does not automatically establish criminal conduct or guilt.,machine-classified-unreviewed,investigation-keyword-classifier,0.76
relationship-faa1c955e210920496f7,subjectOf,investigation-715af56c41d9a52910a2,finding-0135f68d0846e600b495a4f0,doj-epstein-disclosures,U.S. Department of Justice — Epstein Disclosures,https://www.justice.gov/epstein/doj-disclosures/court-records-united-states-v-maxwell-no-21-0770-2d-cir-2021,2026-07-11T12:51:11.789Z,2026-07-11T12:51:11.789Z,B,record-update,"The cited record is classified as an investigation, audit, inquiry or oversight matter.",An investigation or audit does not automatically establish criminal conduct or guilt.,machine-classified-unreviewed,investigation-keyword-classifier,0.76
relationship-6a3b5e3bfa6f38a33c6b,subjectOf,investigation-7cfa766946d9626c5989,finding-b6cea3e082955199ac1ce775,doj-epstein-disclosures,U.S. Department of Justice — Epstein Disclosures,https://www.justice.gov/epstein/doj-disclosures/data-set-2-files,2026-07-11T12:51:11.789Z,2026-07-11T12:51:11.789Z,B,document-release,"The cited record is classified as an investigation, audit, inquiry or oversight matter.",An investigation or audit does not automatically establish criminal conduct or guilt.,machine-classified-unreviewed,investigation-keyword-classifier,0.76
relationship-f18b4c74a3835560793b,subjectOf,investigation-7d1f9e688ec2ae595d93,finding-04c6b72a1420bdc18a7613a1,doj-epstein-disclosures,U.S. Department of Justice — Epstein Disclosures,https://www.justice.gov/epstein/doj-disclosures/court-records-doe-17-v-indyke-no-119-cv-09610-sdny-2019,2026-07-11T12:51:11.789Z,2026-07-11T12:51:11.789Z,B,record-update,"The cited record is classified as an investigation, audit, inquiry or oversight matter.",An investigation or audit does not automatically establish criminal conduct or guilt.,machine-classified-unreviewed,investigation-keyword-classifier,0.76
relationship-cef84d89d64da8212adc,subjectOf,investigation-7f1fb6d06070f77ac137,finding-151385790745459ca9a5cc73,doj-epstein-disclosures,U.S. Department of Justice — Epstein Disclosures,https://www.justice.gov/epstein/doj-disclosures/court-records-united-states-v-maxwell-no-21-0058-2d-cir-2021,2026-07-11T12:51:11.789Z,2026-07-11T12:51:11.789Z,B,record-update,"The cited record is classified as an investigation, audit, inquiry or oversight matter.",An investigation or audit does not automatically establish criminal conduct or guilt.,machine-classified-unreviewed,investigation-keyword-classifier,0.76
relationship-8e6e8759479447d5ef82,subjectOf,investigation-7fb7706d07e2d3b3c2e6,finding-1362ff063308acf7a1d207a3,doj-epstein-disclosures,U.S. Department of Justice — Epstein Disclosures,https://www.justice.gov/epstein/doj-disclosures/court-records-doe-v-epstein-no-908-cv-80804-sd-fla-2008,2026-07-11T12:51:11.789Z,2026-07-11T12:51:11.789Z,B,record-update,"The cited record is classified as an investigation, audit, inquiry or oversight matter.",An investigation or audit does not automatically establish criminal conduct or guilt.,machine-classified-unreviewed,investigation-keyword-classifier,0.76
relationship-5bbb7bff0b65d1d99bf2,subjectOf,investigation-7ff1da65f95dce3ef154,finding-004b54a319a896c84a534e30,doj-epstein-disclosures,U.S. Department of Justice — Epstein Disclosures,https://www.justice.gov/epstein/doj-disclosures/court-records-v-indyke-no-119-cv-10788-sdny-2019,2026-07-11T12:51:11.789Z,2026-07-11T12:51:11.789Z,B,record-update,"The cited record is classified as an investigation, audit, inquiry or oversight matter.",An investigation or audit does not automatically establish criminal conduct or guilt.,machine-classified-unreviewed,investigation-keyword-classifier,0.76
relationship-11546d3987a71834ea71,subjectOf,investigation-809407c9618925a6e792,finding-b1b23ce406d595f69cad6128,doj-oig-reports,U.S. Department of Justice Office of Inspector General — Reports,https://oig.justice.gov/reports/audit-office-justice-programs-victim-assistance-grants-awarded-executive-office-state,2026-07-11T12:51:11.789Z,2026-07-11T12:51:11.789Z,A,official-audit-finding,"The cited record is classified as an investigation, audit, inquiry or oversight matter.",An investigation or audit does not automatically establish criminal conduct or guilt.,machine-classified-unreviewed,investigation-keyword-classifier,0.76
relationship-2fe8600e9f87b9771e61,subjectOf,investigation-8117f68403dceb4e5852,finding-788d34968a553c21b453392e,doj-oig-reports,U.S. Department of Justice Office of Inspector General — Reports,https://oig.justice.gov/reports/audit-utilization-office-violence-against-womens-stop-services-training-officers-and,2026-07-11T12:51:11.789Z,2026-07-11T12:51:11.789Z,A,official-audit-finding,"The cited record is classified as an investigation, audit, inquiry or oversight matter.",An investigation or audit does not automatically establish criminal conduct or guilt.,machine-classified-unreviewed,investigation-keyword-classifier,0.76
relationship-426ef674cecbe4411b59,subjectOf,investigation-8573d9ff79d2637bf174,finding-7db2a6606f719c39a2502627,uk-sfo-news,UK Serious Fraud Office — News And Communications,https://www.gov.uk/government/news/sfo-announces-investigation-into-suspected-telecoms-company-fraud,2026-07-11T12:51:11.789Z,2026-07-11T12:51:11.789Z,B,wrongdoing-lead,"The cited record is classified as an investigation, audit, inquiry or oversight matter.",An investigation or audit does not automatically establish criminal conduct or guilt.,machine-classified-unreviewed,investigation-keyword-classifier,0.76
relationship-9b68dac9873af4f9c4b6,subjectOf,investigation-85ad612f8e4cbf99672b,finding-9c5d605a945dd4ee64d0704d,doj-oig-reports,U.S. Department of Justice Office of Inspector General — Reports,https://oig.justice.gov/reports/audit-drug-enforcement-administrations-registration-process-medical-practitioners,2026-07-11T12:51:11.789Z,2026-07-11T12:51:11.789Z,A,official-audit-finding,"The cited record is classified as an investigation, audit, inquiry or oversight matter.",An investigation or audit does not automatically establish criminal conduct or guilt.,machine-classified-unreviewed,investigation-keyword-classifier,0.76
relationship-765bf0fe6fddb0bf3f8e,subjectOf,investigation-85eb32e8ff0f0c3fb132,finding-ed0ea038df1656aae85f9da0,doj-epstein-disclosures,U.S. Department of Justice — Epstein Disclosures,https://www.justice.gov/epstein/search,2026-07-11T12:51:11.789Z,2026-07-11T12:51:11.789Z,B,record-update,"The cited record is classified as an investigation, audit, inquiry or oversight matter.",An investigation or audit does not automatically establish criminal conduct or guilt.,machine-classified-unreviewed,investigation-keyword-classifier,0.76
relationship-97a308a81bb8193cb3ab,subjectOf,investigation-8fd14432dc3a1159708b,finding-1db72545198150ca0100e704,doj-epstein-disclosures,U.S. Department of Justice — Epstein Disclosures,https://www.justice.gov/epstein/doj-disclosures/data-set-10-files,2026-07-11T12:51:11.789Z,2026-07-11T12:51:11.789Z,B,document-release,"The cited record is classified as an investigation, audit, inquiry or oversight matter.",An investigation or audit does not automatically establish criminal conduct or guilt.,machine-classified-unreviewed,investigation-keyword-classifier,0.76
relationship-48d9a120741e5ca1beae,subjectOf,investigation-91bfa864fe1885f2aa25,finding-8bc7d34cb44aa76bf9bb2db1,eppo-news,European Public Prosecutor's Office — News,https://www.eppo.europa.eu/media/news/investigation-huracan-searches-seizures-and-arrests-germany-poland-and-netherlands-large-scale-vat-2026-07-10_en,2026-07-11T12:51:11.789Z,2026-07-11T12:51:11.789Z,B,wrongdoing-lead,"The cited record is classified as an investigation, audit, inquiry or oversight matter.",An investigation or audit does not automatically establish criminal conduct or guilt.,machine-classified-unreviewed,investigation-keyword-classifier,0.76
relationship-2d95c7dd05985a2a3dfd,subjectOf,investigation-9229ab0856bc31f43312,finding-cbe37998b4486fdf1f877814,doj-epstein-disclosures,U.S. Department of Justice — Epstein Disclosures,https://www.justice.gov/media/1426281/dl?inline,2026-07-11T12:51:11.789Z,2026-07-11T12:51:11.789Z,B,document-release,"The cited record is classified as an investigation, audit, inquiry or oversight matter.",An investigation or audit does not automatically establish criminal conduct or guilt.,machine-classified-unreviewed,investigation-keyword-classifier,0.76
relationship-37e6448e3650c38446d0,subjectOf,investigation-9276760752d736cad0ab,finding-61b7eb9ffc5009da34e2975a,doj-epstein-disclosures,U.S. Department of Justice — Epstein Disclosures,https://www.justice.gov/epstein/doj-disclosures#main-content,2026-07-11T12:51:11.789Z,2026-07-11T12:51:11.789Z,B,record-update,"The cited record is classified as an investigation, audit, inquiry or oversight matter.",An investigation or audit does not automatically establish criminal conduct or guilt.,machine-classified-unreviewed,investigation-keyword-classifier,0.76
relationship-115956266651ca873d46,subjectOf,investigation-93aab1768001f7dc961c,finding-58b70a0201a8b0301acc9b4c,doj-epstein-disclosures,U.S. Department of Justice — Epstein Disclosures,https://www.justice.gov/epstein/doj-disclosures/data-set-5-files,2026-07-11T12:51:11.789Z,2026-07-11T12:51:11.789Z,B,document-release,"The cited record is classified as an investigation, audit, inquiry or oversight matter.",An investigation or audit does not automatically establish criminal conduct or guilt.,machine-classified-unreviewed,investigation-keyword-classifier,0.76
relationship-92b91e443215f6b8a100,subjectOf,investigation-95a18128b4ae7ffb7230,finding-1ee8aa917958365896c482aa,doj-epstein-disclosures,U.S. Department of Justice — Epstein Disclosures,https://www.justice.gov/epstein/doj-disclosures/court-records-re-grand-jury-05-02-wpb-07-103-wpb-no-925-mc-80920-sd-fla-2025,2026-07-11T12:51:11.789Z,2026-07-11T12:51:11.789Z,B,record-update,"The cited record is classified as an investigation, audit, inquiry or oversight matter.",An investigation or audit does not automatically establish criminal conduct or guilt.,machine-classified-unreviewed,investigation-keyword-classifier,0.76
relationship-405b6eac029e75b1ed44,subjectOf,investigation-9638f8cfb84cf6d86d3e,finding-2fc4b446e5fb62c5bc2360d1,doj-epstein-disclosures,U.S. Department of Justice — Epstein Disclosures,https://www.justice.gov/epstein/doj-disclosures/court-records-doe-v-indyke-no-120-cv-00484-sdny-2020,2026-07-11T12:51:11.789Z,2026-07-11T12:51:11.789Z,B,record-update,"The cited record is classified as an investigation, audit, inquiry or oversight matter.",An investigation or audit does not automatically establish criminal conduct or guilt.,machine-classified-unreviewed,investigation-keyword-classifier,0.76
relationship-3b26257f6930919bd440,subjectOf,investigation-9adf9988a5d24c36a0e0,finding-a0f522c2384cc895ec05df53,doj-epstein-disclosures,U.S. Department of Justice — Epstein Disclosures,https://www.justice.gov/epstein/doj-disclosures/court-records-v-maxwell-no-117-mc-00025-sdny-2016,2026-07-11T12:51:11.789Z,2026-07-11T12:51:11.789Z,B,record-update,"The cited record is classified as an investigation, audit, inquiry or oversight matter.",An investigation or audit does not automatically establish criminal conduct or guilt.,machine-classified-unreviewed,investigation-keyword-classifier,0.76
relationship-8bd2ed473564b6e8b752,subjectOf,investigation-a07e4d1da127eb1ad631,finding-61c566f5ca2f10c17fb3bbcf,eppo-news,European Public Prosecutor's Office — News,https://www.eppo.europa.eu/media/news/italy-eppo-seizes-over-eur235-million-investigation-vat-fraud-fuel-sector-2026-07-01_en,2026-07-11T12:51:11.789Z,2026-07-11T12:51:11.789Z,B,wrongdoing-lead,"The cited record is classified as an investigation, audit, inquiry or oversight matter.",An investigation or audit does not automatically establish criminal conduct or guilt.,machine-classified-unreviewed,investigation-keyword-classifier,0.76
relationship-6ec2a68db71c63227720,subjectOf,investigation-a2139175cc79de378734,finding-220a7be0486b20e7994834bf,doj-epstein-disclosures,U.S. Department of Justice — Epstein Disclosures,https://www.justice.gov/epstein/doj-disclosures/memoranda-and-correspondence,2026-07-11T12:51:11.789Z,2026-07-11T12:51:11.789Z,B,record-update,"The cited record is classified as an investigation, audit, inquiry or oversight matter.",An investigation or audit does not automatically establish criminal conduct or guilt.,machine-classified-unreviewed,investigation-keyword-classifier,0.76
relationship-36ac3cc6e1defbf4cba5,subjectOf,investigation-a6a49160f771ce740fb7,finding-82b222bc942f00109559778e,doj-epstein-disclosures,U.S. Department of Justice — Epstein Disclosures,https://www.justice.gov/epstein/doj-disclosures/court-records-operating-engineers-construction-industry-and-miscellaneous-pension-fund-v-dimon-no-123-cv-03903,2026-07-11T12:51:11.789Z,2026-07-11T12:51:11.789Z,B,record-update,"The cited record is classified as an investigation, audit, inquiry or oversight matter.",An investigation or audit does not automatically establish criminal conduct or guilt.,machine-classified-unreviewed,investigation-keyword-classifier,0.76
relationship-9c04cf5e840b5e44ac55,subjectOf,investigation-bc7c956e793617b61227,finding-81bb12ffb67e4cd04cf56381,doj-epstein-disclosures,U.S. Department of Justice — Epstein Disclosures,https://www.justice.gov/epstein/doj-disclosures/court-records-doe-v-indyke-no-119-cv-08673-sdny-2019,2026-07-11T12:51:11.789Z,2026-07-11T12:51:11.789Z,B,record-update,"The cited record is classified as an investigation, audit, inquiry or oversight matter.",An investigation or audit does not automatically establish criminal conduct or guilt.,machine-classified-unreviewed,investigation-keyword-classifier,0.76
relationship-c28be25e1a478c60ac5a,subjectOf,investigation-bca1d5f7d9c48ddb5974,finding-fb8bc3e6e5e5baac3f97d5b3,doj-epstein-disclosures,U.S. Department of Justice — Epstein Disclosures,https://www.justice.gov/epstein/doj-disclosures/court-records-doe-no-3-v-epstein-no-908-cv-80232-sd-fla-2008,2026-07-11T12:51:11.789Z,2026-07-11T12:51:11.789Z,B,record-update,"The cited record is classified as an investigation, audit, inquiry or oversight matter.",An investigation or audit does not automatically establish criminal conduct or guilt.,machine-classified-unreviewed,investigation-keyword-classifier,0.76
relationship-a3a812ce48b0f07faee9,subjectOf,investigation-bcf60e63562170bf7fae,finding-a186a8c48d09d766ee646d8a,house-oversight-releases,U.S. House Committee on Oversight and Government Reform — Releases,https://oversight.house.gov/release/comer-launches-investigation-into-billions-in-unpaid-taxes-owed-by-federal-employees/,2026-06-25T00:00:00.000Z,2026-07-11T12:51:11.789Z,B,document-release,"The cited record is classified as an investigation, audit, inquiry or oversight matter.",An investigation or audit does not automatically establish criminal conduct or guilt.,machine-classified-unreviewed,investigation-keyword-classifier,0.76
relationship-cbd046c0148630a848da,subjectOf,investigation-be00497526ac6646c5c1,finding-3e7cedda981cdeefee8bfbaf,doj-epstein-disclosures,U.S. Department of Justice — Epstein Disclosures,https://www.justice.gov/epstein/doj-disclosures/court-records-united-states-v-epstein-no-119-cr-00490-sdny-2019,2026-07-11T12:51:11.789Z,2026-07-11T12:51:11.789Z,B,record-update,"The cited record is classified as an investigation, audit, inquiry or oversight matter.",An investigation or audit does not automatically establish criminal conduct or guilt.,machine-classified-unreviewed,investigation-keyword-classifier,0.76
relationship-6d7cc7fb668c96f9d70e,subjectOf,investigation-be8409e2bc9b21d899a4,finding-4ae04c302be77393d3102e4a,doj-epstein-disclosures,U.S. Department of Justice — Epstein Disclosures,https://www.justice.gov/epstein/doj-disclosures/court-records-doe-no-8-v-epstein-no-909-cv-80802-sd-fla-2009,2026-07-11T12:51:11.789Z,2026-07-11T12:51:11.789Z,B,record-update,"The cited record is classified as an investigation, audit, inquiry or oversight matter.",An investigation or audit does not automatically establish criminal conduct or guilt.,machine-classified-unreviewed,investigation-keyword-classifier,0.76
relationship-026cf15f87a8edcf3827,subjectOf,investigation-c06ac00a036ee78df8f3,finding-0dd56539eddec2288a6ba0b9,doj-epstein-disclosures,U.S. Department of Justice — Epstein Disclosures,https://www.justice.gov/epstein,2026-07-11T12:51:11.789Z,2026-07-11T12:51:11.789Z,B,record-update,"The cited record is classified as an investigation, audit, inquiry or oversight matter.",An investigation or audit does not automatically establish criminal conduct or guilt.,machine-classified-unreviewed,investigation-keyword-classifier,0.76
relationship-44342801d860ae82be49,subjectOf,investigation-c7f454d9893b6a178f32,finding-1e60d3cb3f56638e58426d77,doj-epstein-disclosures,U.S. Department of Justice — Epstein Disclosures,https://www.justice.gov/epstein/doj-disclosures/court-records-doe-v-epstein-no-908-cv-80119-sd-fla-2008,2026-07-11T12:51:11.789Z,2026-07-11T12:51:11.789Z,B,record-update,"The cited record is classified as an investigation, audit, inquiry or oversight matter.",An investigation or audit does not automatically establish criminal conduct or guilt.,machine-classified-unreviewed,investigation-keyword-classifier,0.76
relationship-b6c53d37c0a9a3fef942,subjectOf,investigation-cb01fa3e366b5b50ca42,finding-50d0146d2e93de664ed427b4,doj-epstein-disclosures,U.S. Department of Justice — Epstein Disclosures,https://www.justice.gov/epstein/doj-disclosures/first-phase-declassified-epstein-files,2026-07-11T12:51:11.789Z,2026-07-11T12:51:11.789Z,B,document-release,"The cited record is classified as an investigation, audit, inquiry or oversight matter.",An investigation or audit does not automatically establish criminal conduct or guilt.,machine-classified-unreviewed,investigation-keyword-classifier,0.76
relationship-ac577020bedcd65e17eb,subjectOf,investigation-d487f5668d64b814c7f9,finding-cc8f59352eadaf0bcb09933a,doj-oig-reports,U.S. Department of Justice Office of Inspector General — Reports,https://oig.justice.gov/about/grant-audits,2026-07-11T12:51:11.789Z,2026-07-11T12:51:11.789Z,A,official-audit-finding,"The cited record is classified as an investigation, audit, inquiry or oversight matter.",An investigation or audit does not automatically establish criminal conduct or guilt.,machine-classified-unreviewed,investigation-keyword-classifier,0.76
relationship-98ca89e096e7c26d6d53,subjectOf,investigation-d541b3cc85a88755b731,finding-1ca08ac1f645338e39f9723d,doj-epstein-disclosures,U.S. Department of Justice — Epstein Disclosures,https://www.justice.gov/epstein/doj-disclosures/foia-federal-bureau-investigation-fbi,2026-07-11T12:51:11.789Z,2026-07-11T12:51:11.789Z,B,record-update,"The cited record is classified as an investigation, audit, inquiry or oversight matter.",An investigation or audit does not automatically establish criminal conduct or guilt.,machine-classified-unreviewed,investigation-keyword-classifier,0.76
relationship-fc3cb17fe56918443ff0,subjectOf,investigation-d701a8007581832048ca,finding-fab40c3ed27b9a14218b09df,doj-epstein-disclosures,U.S. Department of Justice — Epstein Disclosures,https://www.justice.gov/epstein/doj-disclosures/court-records-united-states-v-maxwell-no-20-3061-2d-cir-2020,2026-07-11T12:51:11.789Z,2026-07-11T12:51:11.789Z,B,record-update,"The cited record is classified as an investigation, audit, inquiry or oversight matter.",An investigation or audit does not automatically establish criminal conduct or guilt.,machine-classified-unreviewed,investigation-keyword-classifier,0.76
relationship-fdee89a60143a341ed93,subjectOf,investigation-daa0f6e7028b0ad865ad,finding-a686c1895495c9d09960946f,doj-epstein-disclosures,U.S. Department of Justice — Epstein Disclosures,https://www.justice.gov/epstein/doj-disclosures/bop-video-footage,2026-07-11T12:51:11.789Z,2026-07-11T12:51:11.789Z,B,record-update,"The cited record is classified as an investigation, audit, inquiry or oversight matter.",An investigation or audit does not automatically establish criminal conduct or guilt.,machine-classified-unreviewed,investigation-keyword-classifier,0.76
relationship-817022a9f8bd02e57aea,subjectOf,investigation-daa433eaa20d9e677eeb,finding-b66370c902eb0dc3bf67ff24,wikileaks-publications,WikiLeaks — Publications,https://wikileaks.org//bnd-inquiry/,2026-07-11T12:51:11.789Z,2026-07-11T12:51:11.789Z,C,leak-or-document-lead,"The cited record is classified as an investigation, audit, inquiry or oversight matter.",An investigation or audit does not automatically establish criminal conduct or guilt.,machine-classified-unreviewed,investigation-keyword-classifier,0.76
relationship-34f77b531aad1ff429c6,subjectOf,investigation-de2a0d3ba303a50d1d42,finding-39b579af6438fd96704306a9,doj-epstein-disclosures,U.S. Department of Justice — Epstein Disclosures,https://www.justice.gov/epstein/doj-disclosures/court-records-doe-v-united-states-no-908-cv-80736-sd-fla-2008,2026-07-11T12:51:11.789Z,2026-07-11T12:51:11.789Z,B,record-update,"The cited record is classified as an investigation, audit, inquiry or oversight matter.",An investigation or audit does not automatically establish criminal conduct or guilt.,machine-classified-unreviewed,investigation-keyword-classifier,0.76
relationship-c191b82c66ea9d767770,subjectOf,investigation-def51a189d272a11cabc,finding-326264d1e1c0b114db61b8bf,doj-epstein-disclosures,U.S. Department of Justice — Epstein Disclosures,https://www.justice.gov/epstein/doj-disclosures/court-records-state-florida-v-epstein-no-50-2006-cf-009454-axxx-mb-fla-15th-cir-ct-2006,2026-07-11T12:51:11.789Z,2026-07-11T12:51:11.789Z,B,record-update,"The cited record is classified as an investigation, audit, inquiry or oversight matter.",An investigation or audit does not automatically establish criminal conduct or guilt.,machine-classified-unreviewed,investigation-keyword-classifier,0.76
relationship-4e777f261a0a74b0136d,subjectOf,investigation-e25cd16de6892ec3ae4a,finding-f35e0416dece6a9b28697803,doj-epstein-disclosures,U.S. Department of Justice — Epstein Disclosures,https://www.justice.gov/epstein/doj-disclosures/court-records-v-indyke-no-119-cv-10476-sdny-2019,2026-07-11T12:51:11.789Z,2026-07-11T12:51:11.789Z,B,record-update,"The cited record is classified as an investigation, audit, inquiry or oversight matter.",An investigation or audit does not automatically establish criminal conduct or guilt.,machine-classified-unreviewed,investigation-keyword-classifier,0.76
relationship-062ce686b34452143f94,subjectOf,investigation-e53b9723d332994a62d8,finding-7904cdee0305ed8c1a8b10c3,usaspending-recent-contracts,USAspending.gov — Recent Contract Awards,https://www.usaspending.gov/award/91990024F0046,2024-08-29T00:00:00.000Z,2026-07-11T12:51:11.789Z,A,official-audit-finding,"The cited record is classified as an investigation, audit, inquiry or oversight matter.",An investigation or audit does not automatically establish criminal conduct or guilt.,machine-classified-unreviewed,investigation-keyword-classifier,0.76
relationship-6e0dbf2412ce6b02f548,subjectOf,investigation-e6af05eea59a4f5806a3,finding-943304e449d24176112e3973,doj-epstein-disclosures,U.S. Department of Justice — Epstein Disclosures,https://www.justice.gov/epstein/doj-disclosures/court-records-doe-no-6-v-epstein-no-908-cv-80994-sd-fla-2008,2026-07-11T12:51:11.789Z,2026-07-11T12:51:11.789Z,B,record-update,"The cited record is classified as an investigation, audit, inquiry or oversight matter.",An investigation or audit does not automatically establish criminal conduct or guilt.,machine-classified-unreviewed,investigation-keyword-classifier,0.76
relationship-48495e267d630ca75ba2,subjectOf,investigation-eadae9891ff5b0e5be5d,finding-15dffef48a581fade619e3f3,doj-oig-reports,U.S. Department of Justice Office of Inspector General — Reports,https://oig.justice.gov/reports/audit-office-community-oriented-policing-services-technology-and-equipment-program-grant,2026-07-11T12:51:11.789Z,2026-07-11T12:51:11.789Z,A,official-audit-finding,"The cited record is classified as an investigation, audit, inquiry or oversight matter.",An investigation or audit does not automatically establish criminal conduct or guilt.,machine-classified-unreviewed,investigation-keyword-classifier,0.76
relationship-479f73704f87f518e059,subjectOf,investigation-eec824db8afff87d6b4f,finding-527c4610afef184832bffc34,doj-epstein-disclosures,U.S. Department of Justice — Epstein Disclosures,https://www.justice.gov/epstein/doj-disclosures/court-records-epstein-v-no-sc15-2286-fla-sup-ct-2015,2026-07-11T12:51:11.789Z,2026-07-11T12:51:11.789Z,B,record-update,"The cited record is classified as an investigation, audit, inquiry or oversight matter.",An investigation or audit does not automatically establish criminal conduct or guilt.,machine-classified-unreviewed,investigation-keyword-classifier,0.76
relationship-1cafb4eb13178fd99b87,subjectOf,investigation-f318f9c016f608acc721,finding-67423a41727ab0f989b498fd,doj-epstein-disclosures,U.S. Department of Justice — Epstein Disclosures,https://www.justice.gov/epstein/doj-disclosures/court-records-government-united-states-virgin-islands-v-jpmorgan-chase-bank-na-no-122-cv-10904-sdny-2022,2026-07-11T12:51:11.789Z,2026-07-11T12:51:11.789Z,B,record-update,"The cited record is classified as an investigation, audit, inquiry or oversight matter.",An investigation or audit does not automatically establish criminal conduct or guilt.,machine-classified-unreviewed,investigation-keyword-classifier,0.76
relationship-fa541d0cc5afa6243fc2,subjectOf,investigation-f6d3873d56fae5cdb25a,finding-7b7038e1538f2d2c4bdfaa70,doj-epstein-disclosures,U.S. Department of Justice — Epstein Disclosures,https://www.justice.gov/epstein/doj-disclosures/court-records-united-states-v-epstein-no-19-2221-2d-cir-2019,2026-07-11T12:51:11.789Z,2026-07-11T12:51:11.789Z,B,record-update,"The cited record is classified as an investigation, audit, inquiry or oversight matter.",An investigation or audit does not automatically establish criminal conduct or guilt.,machine-classified-unreviewed,investigation-keyword-classifier,0.76
relationship-5f61424e1fcd5e9e9dba,subjectOf,investigation-f7bf1a1c4ce8a575778a,finding-e091e9ef03bc7d3d36969bf0,doj-epstein-disclosures,U.S. Department of Justice — Epstein Disclosures,https://www.justice.gov/epstein/doj-disclosures/data-set-12-files,2026-07-11T12:51:11.789Z,2026-07-11T12:51:11.789Z,B,document-release,"The cited record is classified as an investigation, audit, inquiry or oversight matter.",An investigation or audit does not automatically establish criminal conduct or guilt.,machine-classified-unreviewed,investigation-keyword-classifier,0.76
relationship-e8ca986f432b8eaf006b,subjectOf,investigation-fa10347c5444ca04047c,finding-7a60937558fedb552a156d6c,doj-epstein-disclosures,U.S. Department of Justice — Epstein Disclosures,https://www.justice.gov/epstein/doj-disclosures/court-records-ca-florida-holdings-llc-publisher-palm-beach-post-v-aronberg-no-50-2019-ca-014681-xxxx-mb,2026-07-11T12:51:11.789Z,2026-07-11T12:51:11.789Z,B,record-update,"The cited record is classified as an investigation, audit, inquiry or oversight matter.",An investigation or audit does not automatically establish criminal conduct or guilt.,machine-classified-unreviewed,investigation-keyword-classifier,0.76
relationship-765a806e27ab0f964329,subjectOf,investigation-faf4b986ae96cbd0f909,finding-c79dfedc829c895d2877ff01,doj-oig-reports,U.S. Department of Justice Office of Inspector General — Reports,https://oig.justice.gov/reports/audit-office-justice-programs-bureau-justice-assistance-students-teachers-and-officers,2026-07-11T12:51:11.789Z,2026-07-11T12:51:11.789Z,A,official-audit-finding,"The cited record is classified as an investigation, audit, inquiry or oversight matter.",An investigation or audit does not automatically establish criminal conduct or guilt.,machine-classified-unreviewed,investigation-keyword-classifier,0.76
relationship-2eb66f006a8b257573d2,subjectOf,investigation-fb7d1e91ee08e921ba79,finding-382aa48843bb101c6dbd534b,doj-epstein-disclosures,U.S. Department of Justice — Epstein Disclosures,https://www.justice.gov/epstein/doj-disclosures/court-records-v-epstein-no-910-cv-80447-sd-fla-2010,2026-07-11T12:51:11.789Z,2026-07-11T12:51:11.789Z,B,record-update,"The cited record is classified as an investigation, audit, inquiry or oversight matter.",An investigation or audit does not automatically establish criminal conduct or guilt.,machine-classified-unreviewed,investigation-keyword-classifier,0.76
relationship-77be7048f38fc06f032f,subjectOf,investigation-fc0b0c429b4d40cfecc2,finding-8d70f67622b7206cf5b3f175,doj-epstein-disclosures,U.S. Department of Justice — Epstein Disclosures,https://www.justice.gov/epstein/doj-disclosures/court-records-epstein-v-rothstein-no-50-2009-ca-040800-xxxx-mb-fla-15th-cir-ct-2009,2026-07-11T12:51:11.789Z,2026-07-11T12:51:11.789Z,B,record-update,"The cited record is classified as an investigation, audit, inquiry or oversight matter.",An investigation or audit does not automatically establish criminal conduct or guilt.,machine-classified-unreviewed,investigation-keyword-classifier,0.76
relationship-a135f85df1902c0b613f,subjectOf,investigation-fd72ea499459bfcedf22,finding-be650c5fb982d24e1b30cdca,doj-epstein-disclosures,U.S. Department of Justice — Epstein Disclosures,http://www.facebook.com/sharer/sharer.php?u=https://www.justice.gov/epstein/doj-disclosures,2026-07-11T12:51:11.789Z,2026-07-11T12:51:11.789Z,B,record-update,"The cited record is classified as an investigation, audit, inquiry or oversight matter.",An investigation or audit does not automatically establish criminal conduct or guilt.,machine-classified-unreviewed,investigation-keyword-classifier,0.76
relationship-9a8e67bf70199c53db54,subjectOf,investigation-fdda3df2b64ddae55a30,finding-d65be839500a5fe9813405d4,doj-epstein-disclosures,U.S. Department of Justice — Epstein Disclosures,https://www.justice.gov/epstein/doj-disclosures/data-set-7-files,2026-07-11T12:51:11.789Z,2026-07-11T12:51:11.789Z,B,document-release,"The cited record is classified as an investigation, audit, inquiry or oversight matter.",An investigation or audit does not automatically establish criminal conduct or guilt.,machine-classified-unreviewed,investigation-keyword-classifier,0.76
relationship-8b03c6e46852c4d73439,subjectOf,investigation-febcad9af82f59ad0b40,finding-7490638aa0244d32b9c46927,federal-register-latest,Federal Register — Latest Documents,https://www.federalregister.gov/documents/2026/07/13/2026-14058/certain-electronic-eyewear-products-components-thereof-and-related-charging-apparatuses-ii-notice-of,2026-07-13T00:00:00.000Z,2026-07-11T12:51:11.789Z,B,record-update,"The cited record is classified as an investigation, audit, inquiry or oversight matter.",An investigation or audit does not automatically establish criminal conduct or guilt.,machine-classified-unreviewed,investigation-keyword-classifier,0.76
relationship-23fed609586e1d505a73,subjectOf,investigation-ff25c5e9090ffc33fd39,finding-3369f7cbbbd92ca2343c48c2,doj-epstein-disclosures,U.S. Department of Justice — Epstein Disclosures,https://www.justice.gov/epstein/doj-disclosures,2026-07-11T12:51:11.789Z,2026-07-11T12:51:11.789Z,B,record-update,"The cited record is classified as an investigation, audit, inquiry or oversight matter.",An investigation or audit does not automatically establish criminal conduct or guilt.,machine-classified-unreviewed,investigation-keyword-classifier,0.76
relationship-64341f8eca0ec187057d,subjectOf,sanction-0297d639fc946f9b9e54,finding-850fa4b2c63684f816a29d18,treasury-ofac-recent-actions,U.S. Treasury OFAC — Recent Actions,https://ofac.treasury.gov/sanctions-programs-and-country-information/north-korea-sanctions,2026-07-11T12:51:11.789Z,2026-07-11T12:51:11.789Z,A,official-enforcement,"The cited record contains sanction, penalty, fine, restriction or debarment terminology.","The classification does not extend the official action beyond the named parties, conduct, jurisdiction or period.",machine-classified-unreviewed,sanction-keyword-classifier,0.8
relationship-7a585ada91842236b589,subjectOf,sanction-0c36b90b54ad9b0b60cc,finding-76142a57170810b52ba84460,treasury-ofac-recent-actions,U.S. Treasury OFAC — Recent Actions,https://ofac.treasury.gov/sanctions-programs-and-country-information/cuba-sanctions,2026-07-11T12:51:11.789Z,2026-07-11T12:51:11.789Z,A,official-enforcement,"The cited record contains sanction, penalty, fine, restriction or debarment terminology.","The classification does not extend the official action beyond the named parties, conduct, jurisdiction or period.",machine-classified-unreviewed,sanction-keyword-classifier,0.8
relationship-f1145e4ac1096d5466a1,subjectOf,sanction-225b508918483260ecb1,finding-ea48cfad3dd1eb064ffc06bf,treasury-ofac-recent-actions,U.S. Treasury OFAC — Recent Actions,https://ofac.treasury.gov/sanctions-programs-and-country-information/where-is-ofacs-country-list-what-countries-do-i-need-to-worry-about-in-terms-of-us-sanctions,2026-07-11T12:51:11.789Z,2026-07-11T12:51:11.789Z,A,official-enforcement,"The cited record contains sanction, penalty, fine, restriction or debarment terminology.","The classification does not extend the official action beyond the named parties, conduct, jurisdiction or period.",machine-classified-unreviewed,sanction-keyword-classifier,0.8
relationship-8dcc034f566a47c305b9,subjectOf,sanction-2519cfe6ee997d102f73,finding-06ed387a2351449d62f3321e,treasury-ofac-recent-actions,U.S. Treasury OFAC — Recent Actions,https://ofac.treasury.gov/sanctions-programs-and-country-information/sanctions-related-to-significant-malicious-cyber-enabled-activities,2026-07-11T12:51:11.789Z,2026-07-11T12:51:11.789Z,A,official-enforcement,"The cited record contains sanction, penalty, fine, restriction or debarment terminology.","The classification does not extend the official action beyond the named parties, conduct, jurisdiction or period.",machine-classified-unreviewed,sanction-keyword-classifier,0.8
relationship-326e7d7e85a3b2a9e085,subjectOf,sanction-316366fe7dd9acdbe003,finding-fc026698a96569fd80bdd359,federal-register-latest,Federal Register — Latest Documents,https://www.federalregister.gov/documents/2026/07/13/2026-14060/inflation-adjustments-for-civil-money-penalties,2026-07-13T00:00:00.000Z,2026-07-11T12:51:11.789Z,B,record-update,"The cited record contains sanction, penalty, fine, restriction or debarment terminology.","The classification does not extend the official action beyond the named parties, conduct, jurisdiction or period.",machine-classified-unreviewed,sanction-keyword-classifier,0.8
relationship-d1558cd53b2515e585a0,subjectOf,sanction-39916039137d2f3b4a50,finding-f97196de8424ac92a1451345,treasury-ofac-recent-actions,U.S. Treasury OFAC — Recent Actions,https://ofac.treasury.gov/sanctions-programs-and-country-information,2026-07-11T12:51:11.789Z,2026-07-11T12:51:11.789Z,A,official-enforcement,"The cited record contains sanction, penalty, fine, restriction or debarment terminology.","The classification does not extend the official action beyond the named parties, conduct, jurisdiction or period.",machine-classified-unreviewed,sanction-keyword-classifier,0.8
relationship-7de3628e05d03879dc2b,subjectOf,sanction-410fa37a7b038688faad,finding-4762db97d51afa32cce6dc03,treasury-ofac-recent-actions,U.S. Treasury OFAC — Recent Actions,https://ofac.treasury.gov/sanctions-programs-and-country-information/venezuela-related-sanctions,2026-07-11T12:51:11.789Z,2026-07-11T12:51:11.789Z,A,official-enforcement,"The cited record contains sanction, penalty, fine, restriction or debarment terminology.","The classification does not extend the official action beyond the named parties, conduct, jurisdiction or period.",machine-classified-unreviewed,sanction-keyword-classifier,0.8
relationship-5206378e8e99bdeddc6b,subjectOf,sanction-449c064c4db1a6836ab5,finding-4fbc62e65352bde8e5139257,treasury-ofac-recent-actions,U.S. Treasury OFAC — Recent Actions,https://ofac.treasury.gov/other-ofac-sanctions-lists,2026-07-11T12:51:11.789Z,2026-07-11T12:51:11.789Z,A,official-enforcement,"The cited record contains sanction, penalty, fine, restriction or debarment terminology.","The classification does not extend the official action beyond the named parties, conduct, jurisdiction or period.",machine-classified-unreviewed,sanction-keyword-classifier,0.8
relationship-7fddd5dbe8a0e771ad00,subjectOf,sanction-451a52b49fa0ee09f98a,finding-319f28e79bc93664e1bb5f64,treasury-ofac-recent-actions,U.S. Treasury OFAC — Recent Actions,https://ofac.treasury.gov/sanctions-programs-and-country-information,2026-07-11T12:51:11.789Z,2026-07-11T12:51:11.789Z,A,official-enforcement,"The cited record contains sanction, penalty, fine, restriction or debarment terminology.","The classification does not extend the official action beyond the named parties, conduct, jurisdiction or period.",machine-classified-unreviewed,sanction-keyword-classifier,0.8
relationship-3f8fcaa0214f3e13bb84,subjectOf,sanction-466c25d0df2892c5b28f,finding-bbea9900cdc5b0301822293c,treasury-ofac-recent-actions,U.S. Treasury OFAC — Recent Actions,https://ofac.treasury.gov/sanctions-list-service,2026-07-11T12:51:11.789Z,2026-07-11T12:51:11.789Z,A,official-enforcement,"The cited record contains sanction, penalty, fine, restriction or debarment terminology.","The classification does not extend the official action beyond the named parties, conduct, jurisdiction or period.",machine-classified-unreviewed,sanction-keyword-classifier,0.8
relationship-f55e8630a3ff0ed7dd8e,subjectOf,sanction-5bd2ba3f14aad9dfb1d2,finding-7da3e4012504bb3173d56310,federal-register-latest,Federal Register — Latest Documents,https://www.federalregister.gov/documents/2026/07/13/2026-14038/agency-information-collection-activities-proposed-collection-comment-request-extension,2026-07-13T00:00:00.000Z,2026-07-11T12:51:11.789Z,A,official-enforcement,"The cited record contains sanction, penalty, fine, restriction or debarment terminology.","The classification does not extend the official action beyond the named parties, conduct, jurisdiction or period.",machine-classified-unreviewed,sanction-keyword-classifier,0.8
relationship-48098d179a610a3d24d3,subjectOf,sanction-6332434ef2d5435cf3e2,finding-1de434047ff4e142882cb5bf,treasury-ofac-recent-actions,U.S. Treasury OFAC — Recent Actions,https://ofac.treasury.gov/recent-actions/20260630,2026-07-11T12:51:11.789Z,2026-07-11T12:51:11.789Z,A,official-enforcement,"The cited record contains sanction, penalty, fine, restriction or debarment terminology.","The classification does not extend the official action beyond the named parties, conduct, jurisdiction or period.",machine-classified-unreviewed,sanction-keyword-classifier,0.8
relationship-9f4f91a7b1e446579be9,subjectOf,sanction-65847648922f19c3232e,finding-6296d1b6c665d1cf9c8e2094,treasury-ofac-recent-actions,U.S. Treasury OFAC — Recent Actions,https://ofac.treasury.gov/sanctions-programs-and-country-information/counter-narcotics-trafficking-sanctions,2026-07-11T12:51:11.789Z,2026-07-11T12:51:11.789Z,A,official-enforcement,"The cited record contains sanction, penalty, fine, restriction or debarment terminology.","The classification does not extend the official action beyond the named parties, conduct, jurisdiction or period.",machine-classified-unreviewed,sanction-keyword-classifier,0.8
relationship-282aab898fc28898a2d5,subjectOf,sanction-82052db8a494d365898a,finding-4ab643a278033340eba0594c,treasury-ofac-recent-actions,U.S. Treasury OFAC — Recent Actions,https://ofac.treasury.gov/sanctions-programs-and-country-information/iran-sanctions,2026-07-11T12:51:11.789Z,2026-07-11T12:51:11.789Z,A,official-enforcement,"The cited record contains sanction, penalty, fine, restriction or debarment terminology.","The classification does not extend the official action beyond the named parties, conduct, jurisdiction or period.",machine-classified-unreviewed,sanction-keyword-classifier,0.8
relationship-561c3f3004d31e2d3afa,subjectOf,sanction-8b851926e3c751721f14,finding-cb9fba51d8a573f83caac8be,treasury-ofac-recent-actions,U.S. Treasury OFAC — Recent Actions,https://ofac.treasury.gov/sanctions-programs-and-country-information/russia-related-sanctions,2026-07-11T12:51:11.789Z,2026-07-11T12:51:11.789Z,A,official-enforcement,"The cited record contains sanction, penalty, fine, restriction or debarment terminology.","The classification does not extend the official action beyond the named parties, conduct, jurisdiction or period.",machine-classified-unreviewed,sanction-keyword-classifier,0.8
relationship-5ceeeefa93038b526ebd,subjectOf,sanction-95a2be9b6c513549974e,finding-d88f72066e8094857c6daa09,treasury-ofac-recent-actions,U.S. Treasury OFAC — Recent Actions,https://sanctionslist.ofac.treas.gov/Home/ConsolidatedList,2026-07-11T12:51:11.789Z,2026-07-11T12:51:11.789Z,A,official-enforcement,"The cited record contains sanction, penalty, fine, restriction or debarment terminology.","The classification does not extend the official action beyond the named parties, conduct, jurisdiction or period.",machine-classified-unreviewed,sanction-keyword-classifier,0.8
relationship-a3b601bbf17f63f1d891,subjectOf,sanction-a701a1c650e897a10171,finding-8f30a86c785326f82e876fd0,treasury-ofac-recent-actions,U.S. Treasury OFAC — Recent Actions,https://ofac.treasury.gov/other-ofac-sanctions-lists,2026-07-11T12:51:11.789Z,2026-07-11T12:51:11.789Z,A,official-enforcement,"The cited record contains sanction, penalty, fine, restriction or debarment terminology.","The classification does not extend the official action beyond the named parties, conduct, jurisdiction or period.",machine-classified-unreviewed,sanction-keyword-classifier,0.8
relationship-9c09e8615818d20f857b,subjectOf,sanction-cad81f0f6871d79718c1,finding-64325ff51f70d5e4fe3bd893,treasury-ofac-recent-actions,U.S. Treasury OFAC — Recent Actions,https://ofac.treasury.gov/recent-actions/sanctions-list-updates,2026-07-11T12:51:11.789Z,2026-07-11T12:51:11.789Z,A,official-enforcement,"The cited record contains sanction, penalty, fine, restriction or debarment terminology.","The classification does not extend the official action beyond the named parties, conduct, jurisdiction or period.",machine-classified-unreviewed,sanction-keyword-classifier,0.8
relationship-65d284e78885209cc5d7,subjectOf,sanction-cb7ed3b802cb0e4bb669,finding-7e3b4ba55b3b42cf89362343,treasury-ofac-recent-actions,U.S. Treasury OFAC — Recent Actions,https://ofac.treasury.gov/sanctions-list-search-tool,2026-07-11T12:51:11.789Z,2026-07-11T12:51:11.789Z,A,official-enforcement,"The cited record contains sanction, penalty, fine, restriction or debarment terminology.","The classification does not extend the official action beyond the named parties, conduct, jurisdiction or period.",machine-classified-unreviewed,sanction-keyword-classifier,0.8
relationship-6c076a22c083bb3cede6,subjectOf,sanction-dfb9cdc96a43b10fb7fa,finding-46946e16f112789f29e7d82a,treasury-ofac-recent-actions,U.S. Treasury OFAC — Recent Actions,https://sanctionssearch.ofac.treas.gov/,2026-07-11T12:51:11.789Z,2026-07-11T12:51:11.789Z,A,official-enforcement,"The cited record contains sanction, penalty, fine, restriction or debarment terminology.","The classification does not extend the official action beyond the named parties, conduct, jurisdiction or period.",machine-classified-unreviewed,sanction-keyword-classifier,0.8
relationship-9a01fc631b41ce8abc6b,subjectOf,sanction-fb20de0a67411697eb1c,finding-879790ee064135422e5d0c65,treasury-ofac-recent-actions,U.S. Treasury OFAC — Recent Actions,https://ofac.treasury.gov/consolidated-sanctions-list-non-sdn-lists,2026-07-11T12:51:11.789Z,2026-07-11T12:51:11.789Z,A,official-enforcement,"The cited record contains sanction, penalty, fine, restriction or debarment terminology.","The classification does not extend the official action beyond the named parties, conduct, jurisdiction or period.",machine-classified-unreviewed,sanction-keyword-classifier,0.8
relationship-6faa1b44432bd58ade01,supports,document-1dd13bb46aace5b5f76aa596,finding-7b51ccf5eac29822720d84c2,sec-litigation-releases,U.S. Securities and Exchange Commission — Litigation Releases,https://www.sec.gov/files/litigation/litreleases/2026/judg26545-lloyd.pdf,,2026-07-11T13:06:17.977Z,B,document-retrieval,The preserved document URL is directly linked to this finding record.,"The finding applies only to the conduct, parties and legal outcome stated in the official record. It does not justify unrelated accusations.",url-linked-unreviewed,exact-url-match,1
relationship-961566801c88808a3b74,supports,document-21062c3794165a26e8de0095,finding-ce6c89056460c0c0b4cff4e4,sec-litigation-releases,U.S. Securities and Exchange Commission — Litigation Releases,https://www.sec.gov/files/litigation/litreleases/2026/26526-final-judgment-bongiorno.pdf,,2026-07-11T13:06:17.977Z,B,document-retrieval,The preserved document URL is directly linked to this finding record.,"The finding applies only to the conduct, parties and legal outcome stated in the official record. It does not justify unrelated accusations.",url-linked-unreviewed,exact-url-match,1
relationship-c1c5db52005fd6a6c941,supports,document-4ed5cb53b53914104fe6240e,finding-15924f37444afce606e7c4d2,sec-litigation-releases,U.S. Securities and Exchange Commission — Litigation Releases,https://www.sec.gov/files/litigation/litreleases/2026/order26497.pdf,,2026-07-11T13:06:17.977Z,B,document-retrieval,The preserved document URL is directly linked to this finding record.,"This update alone does not establish wrongdoing, intent or coordinated action.",url-linked-unreviewed,exact-url-match,1
relationship-2d72af63ea0123db7d0e,supports,document-5cfcef7e6d9081a2f8b4cfc1,finding-129da558940c628518181d32,sec-litigation-releases,U.S. Securities and Exchange Commission — Litigation Releases,https://www.sec.gov/files/litigation/litreleases/2026/judg26502.pdf,,2026-07-11T13:06:17.977Z,B,document-retrieval,The preserved document URL is directly linked to this finding record.,"The finding applies only to the conduct, parties and legal outcome stated in the official record. It does not justify unrelated accusations.",url-linked-unreviewed,exact-url-match,1
relationship-3110411a051af6d8bd12,supports,document-5fb001c8d3d59b384a7b9d0e,finding-92de72c0f2abc8dd8c8ec65c,sec-litigation-releases,U.S. Securities and Exchange Commission — Litigation Releases,https://www.sec.gov/files/litigation/litreleases/2026/judg26550.pdf,,2026-07-11T13:06:17.977Z,B,document-retrieval,The preserved document URL is directly linked to this finding record.,"The finding applies only to the conduct, parties and legal outcome stated in the official record. It does not justify unrelated accusations.",url-linked-unreviewed,exact-url-match,1
relationship-4bc2b7b3821164305fb3,supports,document-68517786b3f869614d6441d5,finding-bf3f50a41eaf993c7bf35ff0,sec-litigation-releases,U.S. Securities and Exchange Commission — Litigation Releases,https://www.sec.gov/files/litigation/litreleases/2026/judg26549-daveglo.pdf,,2026-07-11T13:06:17.977Z,B,document-retrieval,The preserved document URL is directly linked to this finding record.,"The finding applies only to the conduct, parties and legal outcome stated in the official record. It does not justify unrelated accusations.",url-linked-unreviewed,exact-url-match,1
relationship-aaf32dc3ccb17f443ff8,supports,document-6960ea14c65d98405708eb15,finding-9fa5a0ad9018c5d8efa96ce7,sec-litigation-releases,U.S. Securities and Exchange Commission — Litigation Releases,https://www.sec.gov/files/litigation/litreleases/2026/judg26506-suzee-han.pdf,,2026-07-11T13:06:17.977Z,B,document-retrieval,The preserved document URL is directly linked to this finding record.,"The finding applies only to the conduct, parties and legal outcome stated in the official record. It does not justify unrelated accusations.",url-linked-unreviewed,exact-url-match,1
relationship-86c89f3359d3b1ad0f91,supports,document-6f9f8bf79aaccb91ea301d46,finding-cf70ba879e6062db069ee8a2,federal-register-latest,Federal Register — Latest Documents,https://www.govinfo.gov/content/pkg/FR-2026-07-13/pdf/2026-14070.pdf,,2026-07-11T13:06:17.977Z,B,document-retrieval,The preserved document URL is directly linked to this finding record.,"This update alone does not establish wrongdoing, intent or coordinated action.",url-linked-unreviewed,exact-url-match,1
relationship-75faf9b4c0e01efa7047,supports,document-71075e23fe7038c517705773,finding-5a25689830c47ce95aed0606,sec-litigation-releases,U.S. Securities and Exchange Commission — Litigation Releases,https://www.sec.gov/files/litigation/litreleases/2026/judg26498-puzzullo.pdf,,2026-07-11T13:06:17.977Z,B,document-retrieval,The preserved document URL is directly linked to this finding record.,"The finding applies only to the conduct, parties and legal outcome stated in the official record. It does not justify unrelated accusations.",url-linked-unreviewed,exact-url-match,1
relationship-75c3e2bede79f112e123,supports,document-71a3a8053e182934a63d80e7,finding-8ca3f730799c2d89e967b5c9,sec-litigation-releases,U.S. Securities and Exchange Commission — Litigation Releases,https://www.sec.gov/files/litigation/litreleases/2026/judg26498-chad-miller.pdf,,2026-07-11T13:06:17.977Z,B,document-retrieval,The preserved document URL is directly linked to this finding record.,"The finding applies only to the conduct, parties and legal outcome stated in the official record. It does not justify unrelated accusations.",url-linked-unreviewed,exact-url-match,1
relationship-91013b74defad8ba0c8f,supports,document-aeb34da6588c7ea5d75c67e0,finding-cf70ba879e6062db069ee8a2,federal-register-latest,Federal Register — Latest Documents,https://public-inspection.federalregister.gov/2026-13996.pdf?1783601118,,2026-07-11T13:06:17.977Z,B,document-retrieval,The preserved document URL is directly linked to this finding record.,"This update alone does not establish wrongdoing, intent or coordinated action.",url-linked-unreviewed,exact-url-match,1
relationship-198a7211e7a620ac6244,supports,document-f57d360e4a64cc086c4022d2,finding-068fcfccd501366853d54306,sec-litigation-releases,U.S. Securities and Exchange Commission — Litigation Releases,https://www.sec.gov/files/litigation/litreleases/2026/judg26493.pdf,,2026-07-11T13:06:17.977Z,B,document-retrieval,The preserved document URL is directly linked to this finding record.,"The finding applies only to the conduct, parties and legal outcome stated in the official record. It does not justify unrelated accusations.",url-linked-unreviewed,exact-url-match,1